gs://seedlings-benchmark-auto-vcm/seedlings1/beet/0f07c34e6.png,beet
gs://seedlings-benchmark-auto-vcm/seedlings1/beet/8ded4af95.png,beet
gs://seedlings-benchmark-auto-vcm/seedlings1/beet/c6b426814.png,beet
gs://seedlings-benchmark-auto-vcm/seedlings1/beet/92be2b26d.png,beet
gs://seedlings-benchmark-auto-vcm/seedlings1/beet/3b5b81454.png,beet
gs://seedlings-benchmark-auto-vcm/seedlings1/beet/fc441208c.png,beet
gs://seedlings-benchmark-auto-vcm/seedlings1/beet/bd5d6e03f.png,beet
gs://seedlings-benchmark-auto-vcm/seedlings1/beet/e053702bb.png,beet
gs://seedlings-benchmark-auto-vcm/seedlings1/beet/0f17ed2f7.png,beet
gs://seedlings-benchmark-auto-vcm/seedlings1/beet/b4190fe96.png,beet
gs://seedlings-benchmark-auto-vcm/seedlings1/beet/d41b1916c.png,beet
gs://seedlings-benchmark-auto-vcm/seedlings1/beet/108770d27.png,beet
gs://seedlings-benchmark-auto-vcm/seedlings1/beet/6724b064e.png,beet
gs://seedlings-benchmark-auto-vcm/seedlings1/beet/11d370bcc.png,beet
gs://seedlings-benchmark-auto-vcm/seedlings1/beet/1f12ab6b7.png,beet
gs://seedlings-benchmark-auto-vcm/seedlings1/beet/8479c6a25.png,beet
gs://seedlings-benchmark-auto-vcm/seedlings1/beet/a6805e809.png,beet
gs://seedlings-benchmark-auto-vcm/seedlings1/beet/c3d57ab11.png,beet
gs://seedlings-benchmark-auto-vcm/seedlings1/beet/89dd2e861.png,beet
gs://seedlings-benchmark-auto-vcm/seedlings1/beet/cbed7333d.png,beet
gs://seedlings-benchmark-auto-vcm/seedlings1/beet/a012863ce.png,beet
gs://seedlings-benchmark-auto-vcm/seedlings1/beet/019e2ca3b.png,beet
gs://seedlings-benchmark-auto-vcm/seedlings1/beet/35bccf6c9.png,beet
gs://seedlings-benchmark-auto-vcm/seedlings1/beet/2c2a8d5a4.png,beet
gs://seedlings-benchmark-auto-vcm/seedlings1/beet/436368fcf.png,beet
gs://seedlings-benchmark-auto-vcm/seedlings1/beet/2efa8dc31.png,beet
gs://seedlings-benchmark-auto-vcm/seedlings1/beet/e6c1a7bbc.png,beet
gs://seedlings-benchmark-auto-vcm/seedlings1/beet/8c215ce50.png,beet
gs://seedlings-benchmark-auto-vcm/seedlings1/beet/4b8daeba3.png,beet
gs://seedlings-benchmark-auto-vcm/seedlings1/beet/ee7e8f2d9.png,beet
gs://seedlings-benchmark-auto-vcm/seedlings1/beet/136bbcecf.png,beet
gs://seedlings-benchmark-auto-vcm/seedlings1/beet/cabb25dd8.png,beet
gs://seedlings-benchmark-auto-vcm/seedlings1/beet/c2c6d48e0.png,beet
gs://seedlings-benchmark-auto-vcm/seedlings1/beet/ee24d08ce.png,beet
gs://seedlings-benchmark-auto-vcm/seedlings1/beet/ffa401155.png,beet
gs://seedlings-benchmark-auto-vcm/seedlings1/beet/6d579671c.png,beet
gs://seedlings-benchmark-auto-vcm/seedlings1/beet/0026b7a30.png,beet
gs://seedlings-benchmark-auto-vcm/seedlings1/beet/3f6425004.png,beet
gs://seedlings-benchmark-auto-vcm/seedlings1/beet/c3b9a611c.png,beet
gs://seedlings-benchmark-auto-vcm/seedlings1/beet/f22262822.png,beet
gs://seedlings-benchmark-auto-vcm/seedlings1/beet/b92458cf6.png,beet
gs://seedlings-benchmark-auto-vcm/seedlings1/beet/915689d7d.png,beet
gs://seedlings-benchmark-auto-vcm/seedlings1/beet/7b4682569.png,beet
gs://seedlings-benchmark-auto-vcm/seedlings1/beet/26eff1e2a.png,beet
gs://seedlings-benchmark-auto-vcm/seedlings1/beet/13726d79d.png,beet
gs://seedlings-benchmark-auto-vcm/seedlings1/beet/899e696a1.png,beet
gs://seedlings-benchmark-auto-vcm/seedlings1/beet/33ddbf2cc.png,beet
gs://seedlings-benchmark-auto-vcm/seedlings1/beet/924a65aef.png,beet
gs://seedlings-benchmark-auto-vcm/seedlings1/beet/ea2b5a53e.png,beet
gs://seedlings-benchmark-auto-vcm/seedlings1/beet/56a7b34cf.png,beet
gs://seedlings-benchmark-auto-vcm/seedlings1/beet/e0f7fb20b.png,beet
gs://seedlings-benchmark-auto-vcm/seedlings1/beet/f7ac77334.png,beet
gs://seedlings-benchmark-auto-vcm/seedlings1/beet/4fd1fe7ac.png,beet
gs://seedlings-benchmark-auto-vcm/seedlings1/beet/5374f4b77.png,beet
gs://seedlings-benchmark-auto-vcm/seedlings1/beet/e54889b13.png,beet
gs://seedlings-benchmark-auto-vcm/seedlings1/beet/dc39e01ec.png,beet
gs://seedlings-benchmark-auto-vcm/seedlings1/beet/3fc131cb9.png,beet
gs://seedlings-benchmark-auto-vcm/seedlings1/beet/f506aa640.png,beet
gs://seedlings-benchmark-auto-vcm/seedlings1/beet/095ba8b9d.png,beet
gs://seedlings-benchmark-auto-vcm/seedlings1/beet/4c9ea912c.png,beet
gs://seedlings-benchmark-auto-vcm/seedlings1/beet/979a39f22.png,beet
gs://seedlings-benchmark-auto-vcm/seedlings1/beet/fed9406b2.png,beet
gs://seedlings-benchmark-auto-vcm/seedlings1/beet/f2eeeb0a2.png,beet
gs://seedlings-benchmark-auto-vcm/seedlings1/beet/faaac2544.png,beet
gs://seedlings-benchmark-auto-vcm/seedlings1/beet/0af59d58a.png,beet
gs://seedlings-benchmark-auto-vcm/seedlings1/beet/e0348224d.png,beet
gs://seedlings-benchmark-auto-vcm/seedlings1/beet/5df190ffb.png,beet
gs://seedlings-benchmark-auto-vcm/seedlings1/beet/86a304fad.png,beet
gs://seedlings-benchmark-auto-vcm/seedlings1/beet/9031994fc.png,beet
gs://seedlings-benchmark-auto-vcm/seedlings1/beet/2cb41be46.png,beet
gs://seedlings-benchmark-auto-vcm/seedlings1/beet/e32175ef7.png,beet
gs://seedlings-benchmark-auto-vcm/seedlings1/beet/2982d5c21.png,beet
gs://seedlings-benchmark-auto-vcm/seedlings1/beet/c80847076.png,beet
gs://seedlings-benchmark-auto-vcm/seedlings1/beet/0b992e297.png,beet
gs://seedlings-benchmark-auto-vcm/seedlings1/beet/c48b70c02.png,beet
gs://seedlings-benchmark-auto-vcm/seedlings1/beet/fbec8cc1a.png,beet
gs://seedlings-benchmark-auto-vcm/seedlings1/beet/978de5160.png,beet
gs://seedlings-benchmark-auto-vcm/seedlings1/beet/1835ba646.png,beet
gs://seedlings-benchmark-auto-vcm/seedlings1/beet/8c1f10989.png,beet
gs://seedlings-benchmark-auto-vcm/seedlings1/beet/29d56fd75.png,beet
gs://seedlings-benchmark-auto-vcm/seedlings1/beet/7c46a4746.png,beet
gs://seedlings-benchmark-auto-vcm/seedlings1/beet/ead3ac2e1.png,beet
gs://seedlings-benchmark-auto-vcm/seedlings1/beet/99926b786.png,beet
gs://seedlings-benchmark-auto-vcm/seedlings1/beet/22d2590d3.png,beet
gs://seedlings-benchmark-auto-vcm/seedlings1/beet/3b3c71f04.png,beet
gs://seedlings-benchmark-auto-vcm/seedlings1/beet/9d13632b9.png,beet
gs://seedlings-benchmark-auto-vcm/seedlings1/beet/8a977c224.png,beet
gs://seedlings-benchmark-auto-vcm/seedlings1/beet/92b1a10ee.png,beet
gs://seedlings-benchmark-auto-vcm/seedlings1/beet/7b04759cc.png,beet
gs://seedlings-benchmark-auto-vcm/seedlings1/beet/ab90aee48.png,beet
gs://seedlings-benchmark-auto-vcm/seedlings1/beet/e49429c11.png,beet
gs://seedlings-benchmark-auto-vcm/seedlings1/beet/05f87cff9.png,beet
gs://seedlings-benchmark-auto-vcm/seedlings1/beet/60884bb5f.png,beet
gs://seedlings-benchmark-auto-vcm/seedlings1/beet/5de141dee.png,beet
gs://seedlings-benchmark-auto-vcm/seedlings1/beet/78654e936.png,beet
gs://seedlings-benchmark-auto-vcm/seedlings1/beet/e7bed72a5.png,beet
gs://seedlings-benchmark-auto-vcm/seedlings1/beet/8761bb6e1.png,beet
gs://seedlings-benchmark-auto-vcm/seedlings1/beet/a77646b15.png,beet
gs://seedlings-benchmark-auto-vcm/seedlings1/beet/8b4c2df1f.png,beet
gs://seedlings-benchmark-auto-vcm/seedlings1/beet/449dff6f3.png,beet
gs://seedlings-benchmark-auto-vcm/seedlings1/beet/218f3938f.png,beet
gs://seedlings-benchmark-auto-vcm/seedlings1/beet/0ad9c629b.png,beet
gs://seedlings-benchmark-auto-vcm/seedlings1/beet/ad5397f8a.png,beet
gs://seedlings-benchmark-auto-vcm/seedlings1/beet/a9daba74c.png,beet
gs://seedlings-benchmark-auto-vcm/seedlings1/beet/138aec2c1.png,beet
gs://seedlings-benchmark-auto-vcm/seedlings1/beet/6fe5df5b7.png,beet
gs://seedlings-benchmark-auto-vcm/seedlings1/beet/28acd4b0b.png,beet
gs://seedlings-benchmark-auto-vcm/seedlings1/beet/c69dc6f62.png,beet
gs://seedlings-benchmark-auto-vcm/seedlings1/beet/d173b40c2.png,beet
gs://seedlings-benchmark-auto-vcm/seedlings1/beet/d4aec4bee.png,beet
gs://seedlings-benchmark-auto-vcm/seedlings1/beet/494e9a680.png,beet
gs://seedlings-benchmark-auto-vcm/seedlings1/beet/3112fb5d7.png,beet
gs://seedlings-benchmark-auto-vcm/seedlings1/beet/d9f471b2d.png,beet
gs://seedlings-benchmark-auto-vcm/seedlings1/beet/4c443aaf8.png,beet
gs://seedlings-benchmark-auto-vcm/seedlings1/beet/7c05c4f0e.png,beet
gs://seedlings-benchmark-auto-vcm/seedlings1/beet/3fde34b6c.png,beet
gs://seedlings-benchmark-auto-vcm/seedlings1/beet/a8ff2c49e.png,beet
gs://seedlings-benchmark-auto-vcm/seedlings1/beet/0838d0a77.png,beet
gs://seedlings-benchmark-auto-vcm/seedlings1/beet/fb57ce659.png,beet
gs://seedlings-benchmark-auto-vcm/seedlings1/beet/d415a63be.png,beet
gs://seedlings-benchmark-auto-vcm/seedlings1/beet/ba820bf35.png,beet
gs://seedlings-benchmark-auto-vcm/seedlings1/beet/4dfe0db2c.png,beet
gs://seedlings-benchmark-auto-vcm/seedlings1/beet/b44f9e223.png,beet
gs://seedlings-benchmark-auto-vcm/seedlings1/beet/3e9d61115.png,beet
gs://seedlings-benchmark-auto-vcm/seedlings1/beet/ab3b58928.png,beet
gs://seedlings-benchmark-auto-vcm/seedlings1/beet/c5687dbb2.png,beet
gs://seedlings-benchmark-auto-vcm/seedlings1/beet/00626e3be.png,beet
gs://seedlings-benchmark-auto-vcm/seedlings1/beet/e81a8dacb.png,beet
gs://seedlings-benchmark-auto-vcm/seedlings1/beet/999f75899.png,beet
gs://seedlings-benchmark-auto-vcm/seedlings1/beet/f78fcd305.png,beet
gs://seedlings-benchmark-auto-vcm/seedlings1/beet/8738994fa.png,beet
gs://seedlings-benchmark-auto-vcm/seedlings1/beet/b47d8d8f9.png,beet
gs://seedlings-benchmark-auto-vcm/seedlings1/beet/6d18daabd.png,beet
gs://seedlings-benchmark-auto-vcm/seedlings1/beet/f171da2ef.png,beet
gs://seedlings-benchmark-auto-vcm/seedlings1/beet/9ee5dbda4.png,beet
gs://seedlings-benchmark-auto-vcm/seedlings1/beet/b2b9468af.png,beet
gs://seedlings-benchmark-auto-vcm/seedlings1/beet/d5d909ed5.png,beet
gs://seedlings-benchmark-auto-vcm/seedlings1/beet/d558ea002.png,beet
gs://seedlings-benchmark-auto-vcm/seedlings1/beet/96a82a2a2.png,beet
gs://seedlings-benchmark-auto-vcm/seedlings1/beet/102be9d35.png,beet
gs://seedlings-benchmark-auto-vcm/seedlings1/beet/59ca13fa5.png,beet
gs://seedlings-benchmark-auto-vcm/seedlings1/beet/7dcdd0825.png,beet
gs://seedlings-benchmark-auto-vcm/seedlings1/beet/7278694d0.png,beet
gs://seedlings-benchmark-auto-vcm/seedlings1/beet/82b9d0a49.png,beet
gs://seedlings-benchmark-auto-vcm/seedlings1/beet/42df035bc.png,beet
gs://seedlings-benchmark-auto-vcm/seedlings1/beet/2d0c2c01e.png,beet
gs://seedlings-benchmark-auto-vcm/seedlings1/beet/f30abde8b.png,beet
gs://seedlings-benchmark-auto-vcm/seedlings1/beet/7c572a30a.png,beet
gs://seedlings-benchmark-auto-vcm/seedlings1/beet/8723bd1e8.png,beet
gs://seedlings-benchmark-auto-vcm/seedlings1/beet/0f1ac7c29.png,beet
gs://seedlings-benchmark-auto-vcm/seedlings1/beet/0f8a1f158.png,beet
gs://seedlings-benchmark-auto-vcm/seedlings1/beet/e832be17c.png,beet
gs://seedlings-benchmark-auto-vcm/seedlings1/beet/4c81ff749.png,beet
gs://seedlings-benchmark-auto-vcm/seedlings1/beet/e6217a0c4.png,beet
gs://seedlings-benchmark-auto-vcm/seedlings1/beet/9a8bb2fff.png,beet
gs://seedlings-benchmark-auto-vcm/seedlings1/beet/d1da687e9.png,beet
gs://seedlings-benchmark-auto-vcm/seedlings1/beet/5121d936d.png,beet
gs://seedlings-benchmark-auto-vcm/seedlings1/beet/819c6ac1d.png,beet
gs://seedlings-benchmark-auto-vcm/seedlings1/beet/b0264558c.png,beet
gs://seedlings-benchmark-auto-vcm/seedlings1/beet/1ec9ab1b8.png,beet
gs://seedlings-benchmark-auto-vcm/seedlings1/beet/6d63eb98f.png,beet
gs://seedlings-benchmark-auto-vcm/seedlings1/beet/f474da0ca.png,beet
gs://seedlings-benchmark-auto-vcm/seedlings1/beet/7d72cc9ea.png,beet
gs://seedlings-benchmark-auto-vcm/seedlings1/beet/ad8a3280e.png,beet
gs://seedlings-benchmark-auto-vcm/seedlings1/beet/1dd4326a8.png,beet
gs://seedlings-benchmark-auto-vcm/seedlings1/beet/71b1b6718.png,beet
gs://seedlings-benchmark-auto-vcm/seedlings1/beet/aa2ab6ee7.png,beet
gs://seedlings-benchmark-auto-vcm/seedlings1/beet/603618ce8.png,beet
gs://seedlings-benchmark-auto-vcm/seedlings1/beet/b94efd26f.png,beet
gs://seedlings-benchmark-auto-vcm/seedlings1/beet/399e9c2a3.png,beet
gs://seedlings-benchmark-auto-vcm/seedlings1/beet/f40d6554c.png,beet
gs://seedlings-benchmark-auto-vcm/seedlings1/beet/c6818bcde.png,beet
gs://seedlings-benchmark-auto-vcm/seedlings1/beet/754cc58bf.png,beet
gs://seedlings-benchmark-auto-vcm/seedlings1/beet/1347ac5ac.png,beet
gs://seedlings-benchmark-auto-vcm/seedlings1/beet/48011ba03.png,beet
gs://seedlings-benchmark-auto-vcm/seedlings1/beet/d97272f23.png,beet
gs://seedlings-benchmark-auto-vcm/seedlings1/beet/5bb9cb07b.png,beet
gs://seedlings-benchmark-auto-vcm/seedlings1/beet/8f099d914.png,beet
gs://seedlings-benchmark-auto-vcm/seedlings1/beet/8784b654a.png,beet
gs://seedlings-benchmark-auto-vcm/seedlings1/beet/e7c7bab19.png,beet
gs://seedlings-benchmark-auto-vcm/seedlings1/beet/a63ac9b84.png,beet
gs://seedlings-benchmark-auto-vcm/seedlings1/beet/5582aca59.png,beet
gs://seedlings-benchmark-auto-vcm/seedlings1/beet/29bbab238.png,beet
gs://seedlings-benchmark-auto-vcm/seedlings1/beet/cc285d141.png,beet
gs://seedlings-benchmark-auto-vcm/seedlings1/beet/67054ec9d.png,beet
gs://seedlings-benchmark-auto-vcm/seedlings1/beet/d5d014036.png,beet
gs://seedlings-benchmark-auto-vcm/seedlings1/beet/6a97c84ac.png,beet
gs://seedlings-benchmark-auto-vcm/seedlings1/beet/92038f3df.png,beet
gs://seedlings-benchmark-auto-vcm/seedlings1/beet/728642410.png,beet
gs://seedlings-benchmark-auto-vcm/seedlings1/beet/817abcd36.png,beet
gs://seedlings-benchmark-auto-vcm/seedlings1/beet/4d7f9c850.png,beet
gs://seedlings-benchmark-auto-vcm/seedlings1/beet/c833940d5.png,beet
gs://seedlings-benchmark-auto-vcm/seedlings1/beet/5ffc8607e.png,beet
gs://seedlings-benchmark-auto-vcm/seedlings1/beet/64e9d6654.png,beet
gs://seedlings-benchmark-auto-vcm/seedlings1/beet/4839e4577.png,beet
gs://seedlings-benchmark-auto-vcm/seedlings1/beet/564132c99.png,beet
gs://seedlings-benchmark-auto-vcm/seedlings1/beet/25d60e020.png,beet
gs://seedlings-benchmark-auto-vcm/seedlings1/beet/c024ba394.png,beet
gs://seedlings-benchmark-auto-vcm/seedlings1/beet/702261484.png,beet
gs://seedlings-benchmark-auto-vcm/seedlings1/beet/d4db82d2c.png,beet
gs://seedlings-benchmark-auto-vcm/seedlings1/beet/7162a91f1.png,beet
gs://seedlings-benchmark-auto-vcm/seedlings1/beet/de1da036c.png,beet
gs://seedlings-benchmark-auto-vcm/seedlings1/beet/1d314afce.png,beet
gs://seedlings-benchmark-auto-vcm/seedlings1/beet/e4a9bfee6.png,beet
gs://seedlings-benchmark-auto-vcm/seedlings1/beet/d585fe0c7.png,beet
gs://seedlings-benchmark-auto-vcm/seedlings1/beet/eadf78247.png,beet
gs://seedlings-benchmark-auto-vcm/seedlings1/beet/ee9ea960d.png,beet
gs://seedlings-benchmark-auto-vcm/seedlings1/beet/d63de4d6b.png,beet
gs://seedlings-benchmark-auto-vcm/seedlings1/beet/759e4b4eb.png,beet
gs://seedlings-benchmark-auto-vcm/seedlings1/beet/a06757f32.png,beet
gs://seedlings-benchmark-auto-vcm/seedlings1/beet/73d86199e.png,beet
gs://seedlings-benchmark-auto-vcm/seedlings1/beet/7801b889c.png,beet
gs://seedlings-benchmark-auto-vcm/seedlings1/beet/ef286fe28.png,beet
gs://seedlings-benchmark-auto-vcm/seedlings1/beet/700889031.png,beet
gs://seedlings-benchmark-auto-vcm/seedlings1/beet/c0341c93d.png,beet
gs://seedlings-benchmark-auto-vcm/seedlings1/beet/02460681c.png,beet
gs://seedlings-benchmark-auto-vcm/seedlings1/beet/be337bf4d.png,beet
gs://seedlings-benchmark-auto-vcm/seedlings1/beet/4e8f9790e.png,beet
gs://seedlings-benchmark-auto-vcm/seedlings1/beet/94063c53d.png,beet
gs://seedlings-benchmark-auto-vcm/seedlings1/beet/3109caad6.png,beet
gs://seedlings-benchmark-auto-vcm/seedlings1/beet/620a4a35a.png,beet
gs://seedlings-benchmark-auto-vcm/seedlings1/beet/134d1d001.png,beet
gs://seedlings-benchmark-auto-vcm/seedlings1/beet/4f1a211d3.png,beet
gs://seedlings-benchmark-auto-vcm/seedlings1/beet/8d59fc1da.png,beet
gs://seedlings-benchmark-auto-vcm/seedlings1/beet/ea224d23a.png,beet
gs://seedlings-benchmark-auto-vcm/seedlings1/beet/54f1ef55a.png,beet
gs://seedlings-benchmark-auto-vcm/seedlings1/beet/01f145914.png,beet
gs://seedlings-benchmark-auto-vcm/seedlings1/beet/d62099b5b.png,beet
gs://seedlings-benchmark-auto-vcm/seedlings1/beet/9bdf9ba7d.png,beet
gs://seedlings-benchmark-auto-vcm/seedlings1/beet/f861c27a9.png,beet
gs://seedlings-benchmark-auto-vcm/seedlings1/beet/86054cfe8.png,beet
gs://seedlings-benchmark-auto-vcm/seedlings1/beet/1e44da887.png,beet
gs://seedlings-benchmark-auto-vcm/seedlings1/beet/17bcc04ba.png,beet
gs://seedlings-benchmark-auto-vcm/seedlings1/beet/2ed22fddd.png,beet
gs://seedlings-benchmark-auto-vcm/seedlings1/beet/4204cd689.png,beet
gs://seedlings-benchmark-auto-vcm/seedlings1/beet/66bd9c1bf.png,beet
gs://seedlings-benchmark-auto-vcm/seedlings1/beet/34651cf34.png,beet
gs://seedlings-benchmark-auto-vcm/seedlings1/beet/2933913e4.png,beet
gs://seedlings-benchmark-auto-vcm/seedlings1/beet/87fce36af.png,beet
gs://seedlings-benchmark-auto-vcm/seedlings1/beet/06a859dfd.png,beet
gs://seedlings-benchmark-auto-vcm/seedlings1/beet/88036eac5.png,beet
gs://seedlings-benchmark-auto-vcm/seedlings1/beet/88bd2a757.png,beet
gs://seedlings-benchmark-auto-vcm/seedlings1/beet/922f7543d.png,beet
gs://seedlings-benchmark-auto-vcm/seedlings1/beet/222d5c406.png,beet
gs://seedlings-benchmark-auto-vcm/seedlings1/beet/2e4cafdc8.png,beet
gs://seedlings-benchmark-auto-vcm/seedlings1/beet/cd8c55d21.png,beet
gs://seedlings-benchmark-auto-vcm/seedlings1/beet/089859249.png,beet
gs://seedlings-benchmark-auto-vcm/seedlings1/beet/f8bf223f3.png,beet
gs://seedlings-benchmark-auto-vcm/seedlings1/beet/d2b3e12d7.png,beet
gs://seedlings-benchmark-auto-vcm/seedlings1/beet/58debe1da.png,beet
gs://seedlings-benchmark-auto-vcm/seedlings1/beet/6085e20a5.png,beet
gs://seedlings-benchmark-auto-vcm/seedlings1/beet/b3bac1203.png,beet
gs://seedlings-benchmark-auto-vcm/seedlings1/beet/748fd9df6.png,beet
gs://seedlings-benchmark-auto-vcm/seedlings1/beet/b41816608.png,beet
gs://seedlings-benchmark-auto-vcm/seedlings1/beet/f72176e1a.png,beet
gs://seedlings-benchmark-auto-vcm/seedlings1/beet/b0d647301.png,beet
gs://seedlings-benchmark-auto-vcm/seedlings1/beet/f1bb1de07.png,beet
gs://seedlings-benchmark-auto-vcm/seedlings1/beet/eb0418d36.png,beet
gs://seedlings-benchmark-auto-vcm/seedlings1/beet/cb5ff9c78.png,beet
gs://seedlings-benchmark-auto-vcm/seedlings1/beet/eb2b13b27.png,beet
gs://seedlings-benchmark-auto-vcm/seedlings1/beet/85f8f5ae1.png,beet
gs://seedlings-benchmark-auto-vcm/seedlings1/beet/3041d1470.png,beet
gs://seedlings-benchmark-auto-vcm/seedlings1/beet/7ba30d202.png,beet
gs://seedlings-benchmark-auto-vcm/seedlings1/beet/815cd19f5.png,beet
gs://seedlings-benchmark-auto-vcm/seedlings1/beet/292e00e4d.png,beet
gs://seedlings-benchmark-auto-vcm/seedlings1/beet/d41a8cb93.png,beet
gs://seedlings-benchmark-auto-vcm/seedlings1/beet/c4c87351c.png,beet
gs://seedlings-benchmark-auto-vcm/seedlings1/beet/1fae880b5.png,beet
gs://seedlings-benchmark-auto-vcm/seedlings1/beet/acf5eabef.png,beet
gs://seedlings-benchmark-auto-vcm/seedlings1/beet/6d99bec4e.png,beet
gs://seedlings-benchmark-auto-vcm/seedlings1/beet/4f63858d7.png,beet
gs://seedlings-benchmark-auto-vcm/seedlings1/beet/e9ed80cf3.png,beet
gs://seedlings-benchmark-auto-vcm/seedlings1/beet/e61d10caf.png,beet
gs://seedlings-benchmark-auto-vcm/seedlings1/beet/18b3747da.png,beet
gs://seedlings-benchmark-auto-vcm/seedlings1/beet/cfb3565b9.png,beet
gs://seedlings-benchmark-auto-vcm/seedlings1/beet/5f69d5659.png,beet
gs://seedlings-benchmark-auto-vcm/seedlings1/beet/abd486e7b.png,beet
gs://seedlings-benchmark-auto-vcm/seedlings1/beet/1290426f8.png,beet
gs://seedlings-benchmark-auto-vcm/seedlings1/beet/568d1a95b.png,beet
gs://seedlings-benchmark-auto-vcm/seedlings1/beet/57ebf5927.png,beet
gs://seedlings-benchmark-auto-vcm/seedlings1/beet/8a63b4a57.png,beet
gs://seedlings-benchmark-auto-vcm/seedlings1/beet/302d3c176.png,beet
gs://seedlings-benchmark-auto-vcm/seedlings1/beet/4eb03def0.png,beet
gs://seedlings-benchmark-auto-vcm/seedlings1/beet/18c0f6b8f.png,beet
gs://seedlings-benchmark-auto-vcm/seedlings1/beet/87f4dcfe7.png,beet
gs://seedlings-benchmark-auto-vcm/seedlings1/beet/a59405ba8.png,beet
gs://seedlings-benchmark-auto-vcm/seedlings1/beet/fef5e7066.png,beet
gs://seedlings-benchmark-auto-vcm/seedlings1/beet/e8870a1b1.png,beet
gs://seedlings-benchmark-auto-vcm/seedlings1/beet/71d15af49.png,beet
gs://seedlings-benchmark-auto-vcm/seedlings1/beet/904f0f781.png,beet
gs://seedlings-benchmark-auto-vcm/seedlings1/beet/96dfb46de.png,beet
gs://seedlings-benchmark-auto-vcm/seedlings1/beet/f9a842f5f.png,beet
gs://seedlings-benchmark-auto-vcm/seedlings1/beet/b98d35523.png,beet
gs://seedlings-benchmark-auto-vcm/seedlings1/beet/29f0864b1.png,beet
gs://seedlings-benchmark-auto-vcm/seedlings1/beet/1bdfd2206.png,beet
gs://seedlings-benchmark-auto-vcm/seedlings1/beet/0f30a59c2.png,beet
gs://seedlings-benchmark-auto-vcm/seedlings1/beet/ed71987ae.png,beet
gs://seedlings-benchmark-auto-vcm/seedlings1/beet/d42bcf4bd.png,beet
gs://seedlings-benchmark-auto-vcm/seedlings1/beet/866130efe.png,beet
gs://seedlings-benchmark-auto-vcm/seedlings1/beet/8fafd3b98.png,beet
gs://seedlings-benchmark-auto-vcm/seedlings1/beet/b8d4a8a59.png,beet
gs://seedlings-benchmark-auto-vcm/seedlings1/beet/5780239a1.png,beet
gs://seedlings-benchmark-auto-vcm/seedlings1/beet/9f70ba1fb.png,beet
gs://seedlings-benchmark-auto-vcm/seedlings1/beet/d4998deee.png,beet
gs://seedlings-benchmark-auto-vcm/seedlings1/beet/a9b7af892.png,beet
gs://seedlings-benchmark-auto-vcm/seedlings1/beet/e4a149c23.png,beet
gs://seedlings-benchmark-auto-vcm/seedlings1/beet/fc293eacb.png,beet
gs://seedlings-benchmark-auto-vcm/seedlings1/beet/29a0e6bf9.png,beet
gs://seedlings-benchmark-auto-vcm/seedlings1/beet/6ed387106.png,beet
gs://seedlings-benchmark-auto-vcm/seedlings1/beet/3905347ff.png,beet
gs://seedlings-benchmark-auto-vcm/seedlings1/beet/5255463b3.png,beet
gs://seedlings-benchmark-auto-vcm/seedlings1/beet/1abf3660d.png,beet
gs://seedlings-benchmark-auto-vcm/seedlings1/beet/071c8beda.png,beet
gs://seedlings-benchmark-auto-vcm/seedlings1/beet/98e87074b.png,beet
gs://seedlings-benchmark-auto-vcm/seedlings1/beet/344371cbf.png,beet
gs://seedlings-benchmark-auto-vcm/seedlings1/beet/e11ffb03d.png,beet
gs://seedlings-benchmark-auto-vcm/seedlings1/beet/4e96e4f63.png,beet
gs://seedlings-benchmark-auto-vcm/seedlings1/beet/823b197a3.png,beet
gs://seedlings-benchmark-auto-vcm/seedlings1/beet/80ca6a2d4.png,beet
gs://seedlings-benchmark-auto-vcm/seedlings1/beet/fbb26c002.png,beet
gs://seedlings-benchmark-auto-vcm/seedlings1/beet/4729baa43.png,beet
gs://seedlings-benchmark-auto-vcm/seedlings1/beet/e9492ed97.png,beet
gs://seedlings-benchmark-auto-vcm/seedlings1/beet/9af73f331.png,beet
gs://seedlings-benchmark-auto-vcm/seedlings1/beet/87c521db5.png,beet
gs://seedlings-benchmark-auto-vcm/seedlings1/beet/c405c0e38.png,beet
gs://seedlings-benchmark-auto-vcm/seedlings1/beet/d2c9f9921.png,beet
gs://seedlings-benchmark-auto-vcm/seedlings1/beet/bbf48c655.png,beet
gs://seedlings-benchmark-auto-vcm/seedlings1/beet/6bb2545d9.png,beet
gs://seedlings-benchmark-auto-vcm/seedlings1/beet/da2912b2f.png,beet
gs://seedlings-benchmark-auto-vcm/seedlings1/beet/5be7ccae6.png,beet
gs://seedlings-benchmark-auto-vcm/seedlings1/beet/100622e89.png,beet
gs://seedlings-benchmark-auto-vcm/seedlings1/beet/6835112e5.png,beet
gs://seedlings-benchmark-auto-vcm/seedlings1/beet/4dcd59e5b.png,beet
gs://seedlings-benchmark-auto-vcm/seedlings1/beet/60bdea399.png,beet
gs://seedlings-benchmark-auto-vcm/seedlings1/beet/3217c1887.png,beet
gs://seedlings-benchmark-auto-vcm/seedlings1/beet/d7b6e4654.png,beet
gs://seedlings-benchmark-auto-vcm/seedlings1/beet/ea6cc9c1b.png,beet
gs://seedlings-benchmark-auto-vcm/seedlings1/beet/e947502b4.png,beet
gs://seedlings-benchmark-auto-vcm/seedlings1/beet/65e78e25b.png,beet
gs://seedlings-benchmark-auto-vcm/seedlings1/beet/2b51be287.png,beet
gs://seedlings-benchmark-auto-vcm/seedlings1/beet/594c4d5b0.png,beet
gs://seedlings-benchmark-auto-vcm/seedlings1/beet/13e1f2dfd.png,beet
gs://seedlings-benchmark-auto-vcm/seedlings1/beet/31e905346.png,beet
gs://seedlings-benchmark-auto-vcm/seedlings1/beet/f5e7d66b9.png,beet
gs://seedlings-benchmark-auto-vcm/seedlings1/beet/905ce5eb9.png,beet
gs://seedlings-benchmark-auto-vcm/seedlings1/beet/30ff35160.png,beet
gs://seedlings-benchmark-auto-vcm/seedlings1/beet/9360888bb.png,beet
gs://seedlings-benchmark-auto-vcm/seedlings1/beet/657ba211d.png,beet
gs://seedlings-benchmark-auto-vcm/seedlings1/beet/77df9b3f4.png,beet
gs://seedlings-benchmark-auto-vcm/seedlings1/beet/6cd16cd21.png,beet
gs://seedlings-benchmark-auto-vcm/seedlings1/beet/201cdcf53.png,beet
gs://seedlings-benchmark-auto-vcm/seedlings1/beet/10f06d712.png,beet
gs://seedlings-benchmark-auto-vcm/seedlings1/beet/8129d97cd.png,beet
gs://seedlings-benchmark-auto-vcm/seedlings1/beet/6090033e9.png,beet
gs://seedlings-benchmark-auto-vcm/seedlings1/beet/1cd8ef887.png,beet
gs://seedlings-benchmark-auto-vcm/seedlings1/beet/04c979351.png,beet
gs://seedlings-benchmark-auto-vcm/seedlings1/beet/84d42e202.png,beet
gs://seedlings-benchmark-auto-vcm/seedlings1/beet/341823a91.png,beet
gs://seedlings-benchmark-auto-vcm/seedlings1/beet/9040bcb5b.png,beet
gs://seedlings-benchmark-auto-vcm/seedlings1/beet/6f0536b55.png,beet
gs://seedlings-benchmark-auto-vcm/seedlings1/beet/dc351dfa4.png,beet
gs://seedlings-benchmark-auto-vcm/seedlings1/beet/56426cc09.png,beet
gs://seedlings-benchmark-auto-vcm/seedlings1/beet/5e10b3707.png,beet
gs://seedlings-benchmark-auto-vcm/seedlings1/beet/657feb24d.png,beet
gs://seedlings-benchmark-auto-vcm/seedlings1/beet/21114a782.png,beet
gs://seedlings-benchmark-auto-vcm/seedlings1/beet/bb719464c.png,beet
gs://seedlings-benchmark-auto-vcm/seedlings1/beet/99a9b1567.png,beet
gs://seedlings-benchmark-auto-vcm/seedlings1/beet/3767ec44e.png,beet
gs://seedlings-benchmark-auto-vcm/seedlings1/beet/6d623072a.png,beet
gs://seedlings-benchmark-auto-vcm/seedlings1/beet/92eac7565.png,beet
gs://seedlings-benchmark-auto-vcm/seedlings1/beet/0dfc2684f.png,beet
gs://seedlings-benchmark-auto-vcm/seedlings1/beet/00acffa82.png,beet
gs://seedlings-benchmark-auto-vcm/seedlings1/beet/c06e70a77.png,beet
gs://seedlings-benchmark-auto-vcm/seedlings1/beet/586f43dd2.png,beet
gs://seedlings-benchmark-auto-vcm/seedlings1/beet/39d5d935a.png,beet
gs://seedlings-benchmark-auto-vcm/seedlings1/beet/d9f0ac9a7.png,beet
gs://seedlings-benchmark-auto-vcm/seedlings1/beet/ebcbefdad.png,beet
gs://seedlings-benchmark-auto-vcm/seedlings1/beet/008753052.png,beet
gs://seedlings-benchmark-auto-vcm/seedlings1/beet/0cc0786cc.png,beet
gs://seedlings-benchmark-auto-vcm/seedlings1/beet/303f718cc.png,beet
gs://seedlings-benchmark-auto-vcm/seedlings1/beet/afe1cdd50.png,beet
gs://seedlings-benchmark-auto-vcm/seedlings1/beet/12c104178.png,beet
gs://seedlings-benchmark-auto-vcm/seedlings1/beet/89c1a501a.png,beet
gs://seedlings-benchmark-auto-vcm/seedlings1/beet/b8418755e.png,beet
gs://seedlings-benchmark-auto-vcm/seedlings1/beet/6ae5f4197.png,beet
