gs://seedlings-benchmark-auto-vcm/seedlings1/bent/8c796e67b.png,bent
gs://seedlings-benchmark-auto-vcm/seedlings1/bent/f9a8a0e39.png,bent
gs://seedlings-benchmark-auto-vcm/seedlings1/bent/60633ad65.png,bent
gs://seedlings-benchmark-auto-vcm/seedlings1/bent/9cf880bda.png,bent
gs://seedlings-benchmark-auto-vcm/seedlings1/bent/a60d26781.png,bent
gs://seedlings-benchmark-auto-vcm/seedlings1/bent/9589aea99.png,bent
gs://seedlings-benchmark-auto-vcm/seedlings1/bent/1db16c185.png,bent
gs://seedlings-benchmark-auto-vcm/seedlings1/bent/b9c2cd1c5.png,bent
gs://seedlings-benchmark-auto-vcm/seedlings1/bent/6a6b4d0ad.png,bent
gs://seedlings-benchmark-auto-vcm/seedlings1/bent/dee2a5307.png,bent
gs://seedlings-benchmark-auto-vcm/seedlings1/bent/72a81627f.png,bent
gs://seedlings-benchmark-auto-vcm/seedlings1/bent/281f52467.png,bent
gs://seedlings-benchmark-auto-vcm/seedlings1/bent/4d1241f40.png,bent
gs://seedlings-benchmark-auto-vcm/seedlings1/bent/830455097.png,bent
gs://seedlings-benchmark-auto-vcm/seedlings1/bent/b468e967c.png,bent
gs://seedlings-benchmark-auto-vcm/seedlings1/bent/17d3e7e2c.png,bent
gs://seedlings-benchmark-auto-vcm/seedlings1/bent/978ca7607.png,bent
gs://seedlings-benchmark-auto-vcm/seedlings1/bent/3dbdb27b4.png,bent
gs://seedlings-benchmark-auto-vcm/seedlings1/bent/fe23251ed.png,bent
gs://seedlings-benchmark-auto-vcm/seedlings1/bent/7d5f89994.png,bent
gs://seedlings-benchmark-auto-vcm/seedlings1/bent/77dc3df93.png,bent
gs://seedlings-benchmark-auto-vcm/seedlings1/bent/ac8027304.png,bent
gs://seedlings-benchmark-auto-vcm/seedlings1/bent/e70f5f158.png,bent
gs://seedlings-benchmark-auto-vcm/seedlings1/bent/e89b48837.png,bent
gs://seedlings-benchmark-auto-vcm/seedlings1/bent/dc623538a.png,bent
gs://seedlings-benchmark-auto-vcm/seedlings1/bent/c35d5c3c3.png,bent
gs://seedlings-benchmark-auto-vcm/seedlings1/bent/d36c7675c.png,bent
gs://seedlings-benchmark-auto-vcm/seedlings1/bent/5fa5b108a.png,bent
gs://seedlings-benchmark-auto-vcm/seedlings1/bent/278d7ff5d.png,bent
gs://seedlings-benchmark-auto-vcm/seedlings1/bent/cdc38fb13.png,bent
gs://seedlings-benchmark-auto-vcm/seedlings1/bent/86516aeee.png,bent
gs://seedlings-benchmark-auto-vcm/seedlings1/bent/9f1e7cc01.png,bent
gs://seedlings-benchmark-auto-vcm/seedlings1/bent/9c46a8faf.png,bent
gs://seedlings-benchmark-auto-vcm/seedlings1/bent/323963103.png,bent
gs://seedlings-benchmark-auto-vcm/seedlings1/bent/0e2983c97.png,bent
gs://seedlings-benchmark-auto-vcm/seedlings1/bent/bd7ea42d4.png,bent
gs://seedlings-benchmark-auto-vcm/seedlings1/bent/26ec4cf7d.png,bent
gs://seedlings-benchmark-auto-vcm/seedlings1/bent/52949d529.png,bent
gs://seedlings-benchmark-auto-vcm/seedlings1/bent/3f130d295.png,bent
gs://seedlings-benchmark-auto-vcm/seedlings1/bent/cffbd81fb.png,bent
gs://seedlings-benchmark-auto-vcm/seedlings1/bent/d4e30eb20.png,bent
gs://seedlings-benchmark-auto-vcm/seedlings1/bent/581941d43.png,bent
gs://seedlings-benchmark-auto-vcm/seedlings1/bent/d734ed06a.png,bent
gs://seedlings-benchmark-auto-vcm/seedlings1/bent/621c601f1.png,bent
gs://seedlings-benchmark-auto-vcm/seedlings1/bent/f099e9a3c.png,bent
gs://seedlings-benchmark-auto-vcm/seedlings1/bent/f9d597956.png,bent
gs://seedlings-benchmark-auto-vcm/seedlings1/bent/88aa00385.png,bent
gs://seedlings-benchmark-auto-vcm/seedlings1/bent/80cf1232d.png,bent
gs://seedlings-benchmark-auto-vcm/seedlings1/bent/4da43b2ae.png,bent
gs://seedlings-benchmark-auto-vcm/seedlings1/bent/b40d772a4.png,bent
gs://seedlings-benchmark-auto-vcm/seedlings1/bent/7861c340d.png,bent
gs://seedlings-benchmark-auto-vcm/seedlings1/bent/9aac949ec.png,bent
gs://seedlings-benchmark-auto-vcm/seedlings1/bent/93d283bce.png,bent
gs://seedlings-benchmark-auto-vcm/seedlings1/bent/73a9fb9aa.png,bent
gs://seedlings-benchmark-auto-vcm/seedlings1/bent/14bea63ea.png,bent
gs://seedlings-benchmark-auto-vcm/seedlings1/bent/ae1c97a42.png,bent
gs://seedlings-benchmark-auto-vcm/seedlings1/bent/9030f88a0.png,bent
gs://seedlings-benchmark-auto-vcm/seedlings1/bent/f6439330f.png,bent
gs://seedlings-benchmark-auto-vcm/seedlings1/bent/bcc2bbc1d.png,bent
gs://seedlings-benchmark-auto-vcm/seedlings1/bent/abe1fdd5c.png,bent
gs://seedlings-benchmark-auto-vcm/seedlings1/bent/33709e412.png,bent
gs://seedlings-benchmark-auto-vcm/seedlings1/bent/0c27150b6.png,bent
gs://seedlings-benchmark-auto-vcm/seedlings1/bent/d64d0d197.png,bent
gs://seedlings-benchmark-auto-vcm/seedlings1/bent/351a76eaf.png,bent
gs://seedlings-benchmark-auto-vcm/seedlings1/bent/5db7b4179.png,bent
gs://seedlings-benchmark-auto-vcm/seedlings1/bent/176578292.png,bent
gs://seedlings-benchmark-auto-vcm/seedlings1/bent/3f8342a84.png,bent
gs://seedlings-benchmark-auto-vcm/seedlings1/bent/3459d1d3f.png,bent
gs://seedlings-benchmark-auto-vcm/seedlings1/bent/d1a8e6b41.png,bent
gs://seedlings-benchmark-auto-vcm/seedlings1/bent/46d1f9c49.png,bent
gs://seedlings-benchmark-auto-vcm/seedlings1/bent/0f47f8a00.png,bent
gs://seedlings-benchmark-auto-vcm/seedlings1/bent/cc5e3a6b0.png,bent
gs://seedlings-benchmark-auto-vcm/seedlings1/bent/7720c60d0.png,bent
gs://seedlings-benchmark-auto-vcm/seedlings1/bent/595d95e1f.png,bent
gs://seedlings-benchmark-auto-vcm/seedlings1/bent/37b0e4e91.png,bent
gs://seedlings-benchmark-auto-vcm/seedlings1/bent/7d4cbdef9.png,bent
gs://seedlings-benchmark-auto-vcm/seedlings1/bent/e984f580b.png,bent
gs://seedlings-benchmark-auto-vcm/seedlings1/bent/0822463cb.png,bent
gs://seedlings-benchmark-auto-vcm/seedlings1/bent/7890b9f6a.png,bent
gs://seedlings-benchmark-auto-vcm/seedlings1/bent/cc3f7e692.png,bent
gs://seedlings-benchmark-auto-vcm/seedlings1/bent/27b301a16.png,bent
gs://seedlings-benchmark-auto-vcm/seedlings1/bent/b0aee48c3.png,bent
gs://seedlings-benchmark-auto-vcm/seedlings1/bent/8521a1b1a.png,bent
gs://seedlings-benchmark-auto-vcm/seedlings1/bent/a34a04820.png,bent
gs://seedlings-benchmark-auto-vcm/seedlings1/bent/b5585594a.png,bent
gs://seedlings-benchmark-auto-vcm/seedlings1/bent/7c1dbc5e1.png,bent
gs://seedlings-benchmark-auto-vcm/seedlings1/bent/72579dc61.png,bent
gs://seedlings-benchmark-auto-vcm/seedlings1/bent/5b94989ce.png,bent
gs://seedlings-benchmark-auto-vcm/seedlings1/bent/997ffd9ae.png,bent
gs://seedlings-benchmark-auto-vcm/seedlings1/bent/b396ce363.png,bent
gs://seedlings-benchmark-auto-vcm/seedlings1/bent/cc4f96146.png,bent
gs://seedlings-benchmark-auto-vcm/seedlings1/bent/6850ccd12.png,bent
gs://seedlings-benchmark-auto-vcm/seedlings1/bent/58e87687a.png,bent
gs://seedlings-benchmark-auto-vcm/seedlings1/bent/ad648af69.png,bent
gs://seedlings-benchmark-auto-vcm/seedlings1/bent/b7c642fb5.png,bent
gs://seedlings-benchmark-auto-vcm/seedlings1/bent/5f29a86e2.png,bent
gs://seedlings-benchmark-auto-vcm/seedlings1/bent/25c91550e.png,bent
gs://seedlings-benchmark-auto-vcm/seedlings1/bent/5b5ad325a.png,bent
gs://seedlings-benchmark-auto-vcm/seedlings1/bent/7d36fb3eb.png,bent
gs://seedlings-benchmark-auto-vcm/seedlings1/bent/4a0df8be4.png,bent
gs://seedlings-benchmark-auto-vcm/seedlings1/bent/f4a2acf34.png,bent
gs://seedlings-benchmark-auto-vcm/seedlings1/bent/217c20421.png,bent
gs://seedlings-benchmark-auto-vcm/seedlings1/bent/4ad784313.png,bent
gs://seedlings-benchmark-auto-vcm/seedlings1/bent/04a16ff3b.png,bent
gs://seedlings-benchmark-auto-vcm/seedlings1/bent/b3b03d5b6.png,bent
gs://seedlings-benchmark-auto-vcm/seedlings1/bent/52f42c8a5.png,bent
gs://seedlings-benchmark-auto-vcm/seedlings1/bent/e31c8a1c7.png,bent
gs://seedlings-benchmark-auto-vcm/seedlings1/bent/fdf2e6159.png,bent
gs://seedlings-benchmark-auto-vcm/seedlings1/bent/b39cf3ed0.png,bent
gs://seedlings-benchmark-auto-vcm/seedlings1/bent/5a9e89ee1.png,bent
gs://seedlings-benchmark-auto-vcm/seedlings1/bent/5e5d9f92f.png,bent
gs://seedlings-benchmark-auto-vcm/seedlings1/bent/780b7ab63.png,bent
gs://seedlings-benchmark-auto-vcm/seedlings1/bent/a9600a185.png,bent
gs://seedlings-benchmark-auto-vcm/seedlings1/bent/863e7ae9b.png,bent
gs://seedlings-benchmark-auto-vcm/seedlings1/bent/1266e39c7.png,bent
gs://seedlings-benchmark-auto-vcm/seedlings1/bent/c932d467d.png,bent
gs://seedlings-benchmark-auto-vcm/seedlings1/bent/5ded4ca05.png,bent
gs://seedlings-benchmark-auto-vcm/seedlings1/bent/46db35467.png,bent
gs://seedlings-benchmark-auto-vcm/seedlings1/bent/bee138256.png,bent
gs://seedlings-benchmark-auto-vcm/seedlings1/bent/40a8eb603.png,bent
gs://seedlings-benchmark-auto-vcm/seedlings1/bent/e311f2112.png,bent
gs://seedlings-benchmark-auto-vcm/seedlings1/bent/a5e621f3f.png,bent
gs://seedlings-benchmark-auto-vcm/seedlings1/bent/13c51b503.png,bent
gs://seedlings-benchmark-auto-vcm/seedlings1/bent/c4b6392d0.png,bent
gs://seedlings-benchmark-auto-vcm/seedlings1/bent/f6a86d328.png,bent
gs://seedlings-benchmark-auto-vcm/seedlings1/bent/a3fe95411.png,bent
gs://seedlings-benchmark-auto-vcm/seedlings1/bent/230461e8b.png,bent
gs://seedlings-benchmark-auto-vcm/seedlings1/bent/501d5f235.png,bent
gs://seedlings-benchmark-auto-vcm/seedlings1/bent/c14ba6a17.png,bent
gs://seedlings-benchmark-auto-vcm/seedlings1/bent/14a9e3564.png,bent
gs://seedlings-benchmark-auto-vcm/seedlings1/bent/d41f0cd9c.png,bent
gs://seedlings-benchmark-auto-vcm/seedlings1/bent/fe2016da9.png,bent
gs://seedlings-benchmark-auto-vcm/seedlings1/bent/d37099c79.png,bent
gs://seedlings-benchmark-auto-vcm/seedlings1/bent/5deb3574c.png,bent
gs://seedlings-benchmark-auto-vcm/seedlings1/bent/41e86ec95.png,bent
gs://seedlings-benchmark-auto-vcm/seedlings1/bent/ab47c78db.png,bent
gs://seedlings-benchmark-auto-vcm/seedlings1/bent/273a79f87.png,bent
gs://seedlings-benchmark-auto-vcm/seedlings1/bent/39e081b5f.png,bent
gs://seedlings-benchmark-auto-vcm/seedlings1/bent/93d9858f0.png,bent
gs://seedlings-benchmark-auto-vcm/seedlings1/bent/4749f4ce1.png,bent
gs://seedlings-benchmark-auto-vcm/seedlings1/bent/5f3a942e4.png,bent
gs://seedlings-benchmark-auto-vcm/seedlings1/bent/1caa729b0.png,bent
gs://seedlings-benchmark-auto-vcm/seedlings1/bent/0962f70a2.png,bent
gs://seedlings-benchmark-auto-vcm/seedlings1/bent/d6e1e93a8.png,bent
gs://seedlings-benchmark-auto-vcm/seedlings1/bent/61a45cb4d.png,bent
gs://seedlings-benchmark-auto-vcm/seedlings1/bent/96def553d.png,bent
gs://seedlings-benchmark-auto-vcm/seedlings1/bent/8759db7d3.png,bent
gs://seedlings-benchmark-auto-vcm/seedlings1/bent/4a82673d7.png,bent
gs://seedlings-benchmark-auto-vcm/seedlings1/bent/15b5a4c2c.png,bent
gs://seedlings-benchmark-auto-vcm/seedlings1/bent/4bbc1a820.png,bent
gs://seedlings-benchmark-auto-vcm/seedlings1/bent/20f5b6513.png,bent
gs://seedlings-benchmark-auto-vcm/seedlings1/bent/02b15993e.png,bent
gs://seedlings-benchmark-auto-vcm/seedlings1/bent/af355776d.png,bent
gs://seedlings-benchmark-auto-vcm/seedlings1/bent/065757bb0.png,bent
gs://seedlings-benchmark-auto-vcm/seedlings1/bent/4c28a9000.png,bent
gs://seedlings-benchmark-auto-vcm/seedlings1/bent/68085b562.png,bent
gs://seedlings-benchmark-auto-vcm/seedlings1/bent/80f4097f5.png,bent
gs://seedlings-benchmark-auto-vcm/seedlings1/bent/267ced076.png,bent
gs://seedlings-benchmark-auto-vcm/seedlings1/bent/4fb56230e.png,bent
gs://seedlings-benchmark-auto-vcm/seedlings1/bent/4239dbbcd.png,bent
gs://seedlings-benchmark-auto-vcm/seedlings1/bent/9495b8cda.png,bent
gs://seedlings-benchmark-auto-vcm/seedlings1/bent/8742a85f0.png,bent
gs://seedlings-benchmark-auto-vcm/seedlings1/bent/1b4404d36.png,bent
gs://seedlings-benchmark-auto-vcm/seedlings1/bent/006eac3d9.png,bent
gs://seedlings-benchmark-auto-vcm/seedlings1/bent/299fcd56d.png,bent
gs://seedlings-benchmark-auto-vcm/seedlings1/bent/1eddf5d80.png,bent
gs://seedlings-benchmark-auto-vcm/seedlings1/bent/df28839c9.png,bent
gs://seedlings-benchmark-auto-vcm/seedlings1/bent/0cf9eb4ab.png,bent
gs://seedlings-benchmark-auto-vcm/seedlings1/bent/6d78ef24f.png,bent
gs://seedlings-benchmark-auto-vcm/seedlings1/bent/efd3b6718.png,bent
gs://seedlings-benchmark-auto-vcm/seedlings1/bent/5dbd18569.png,bent
gs://seedlings-benchmark-auto-vcm/seedlings1/bent/6bf6d3f24.png,bent
gs://seedlings-benchmark-auto-vcm/seedlings1/bent/da09ecea8.png,bent
gs://seedlings-benchmark-auto-vcm/seedlings1/bent/b49c19b6a.png,bent
gs://seedlings-benchmark-auto-vcm/seedlings1/bent/2220076ca.png,bent
gs://seedlings-benchmark-auto-vcm/seedlings1/bent/c1af927f2.png,bent
gs://seedlings-benchmark-auto-vcm/seedlings1/bent/333f36618.png,bent
gs://seedlings-benchmark-auto-vcm/seedlings1/bent/620fdcc9b.png,bent
gs://seedlings-benchmark-auto-vcm/seedlings1/bent/fc2b27fff.png,bent
gs://seedlings-benchmark-auto-vcm/seedlings1/bent/9a2b47af1.png,bent
gs://seedlings-benchmark-auto-vcm/seedlings1/bent/611680af6.png,bent
gs://seedlings-benchmark-auto-vcm/seedlings1/bent/a954a2f55.png,bent
gs://seedlings-benchmark-auto-vcm/seedlings1/bent/db5bc3276.png,bent
gs://seedlings-benchmark-auto-vcm/seedlings1/bent/107afc1c0.png,bent
gs://seedlings-benchmark-auto-vcm/seedlings1/bent/378507a71.png,bent
gs://seedlings-benchmark-auto-vcm/seedlings1/bent/b735abe17.png,bent
gs://seedlings-benchmark-auto-vcm/seedlings1/bent/0bc960ef0.png,bent
gs://seedlings-benchmark-auto-vcm/seedlings1/bent/16ca17775.png,bent
gs://seedlings-benchmark-auto-vcm/seedlings1/bent/2240f47fd.png,bent
gs://seedlings-benchmark-auto-vcm/seedlings1/bent/93f8327c5.png,bent
gs://seedlings-benchmark-auto-vcm/seedlings1/bent/8fab11dfb.png,bent
gs://seedlings-benchmark-auto-vcm/seedlings1/bent/b2b62db50.png,bent
gs://seedlings-benchmark-auto-vcm/seedlings1/bent/2e69d1685.png,bent
gs://seedlings-benchmark-auto-vcm/seedlings1/bent/86f407dd7.png,bent
gs://seedlings-benchmark-auto-vcm/seedlings1/bent/113b4a298.png,bent
gs://seedlings-benchmark-auto-vcm/seedlings1/bent/d30fdc9aa.png,bent
gs://seedlings-benchmark-auto-vcm/seedlings1/bent/e9e0e6feb.png,bent
gs://seedlings-benchmark-auto-vcm/seedlings1/bent/dbe5c4ab1.png,bent
gs://seedlings-benchmark-auto-vcm/seedlings1/bent/3f13f9bae.png,bent
gs://seedlings-benchmark-auto-vcm/seedlings1/bent/47f57446f.png,bent
gs://seedlings-benchmark-auto-vcm/seedlings1/bent/eda07616f.png,bent
gs://seedlings-benchmark-auto-vcm/seedlings1/bent/e913e5ca6.png,bent
gs://seedlings-benchmark-auto-vcm/seedlings1/bent/0bcf22873.png,bent
gs://seedlings-benchmark-auto-vcm/seedlings1/bent/b83843fd5.png,bent
gs://seedlings-benchmark-auto-vcm/seedlings1/bent/4c0447f59.png,bent
gs://seedlings-benchmark-auto-vcm/seedlings1/bent/549a41c42.png,bent
gs://seedlings-benchmark-auto-vcm/seedlings1/bent/e9c9b0bac.png,bent
gs://seedlings-benchmark-auto-vcm/seedlings1/bent/430dac673.png,bent
gs://seedlings-benchmark-auto-vcm/seedlings1/bent/ddf6295e6.png,bent
gs://seedlings-benchmark-auto-vcm/seedlings1/bent/9bf1450b6.png,bent
gs://seedlings-benchmark-auto-vcm/seedlings1/bent/a8085a6fc.png,bent
gs://seedlings-benchmark-auto-vcm/seedlings1/bent/d62f8f844.png,bent
gs://seedlings-benchmark-auto-vcm/seedlings1/bent/ca34fdafb.png,bent
gs://seedlings-benchmark-auto-vcm/seedlings1/bent/8935e4b49.png,bent
gs://seedlings-benchmark-auto-vcm/seedlings1/bent/8a53a8d6f.png,bent
gs://seedlings-benchmark-auto-vcm/seedlings1/bent/209691da0.png,bent
gs://seedlings-benchmark-auto-vcm/seedlings1/bent/8fb04526c.png,bent
gs://seedlings-benchmark-auto-vcm/seedlings1/bent/6b006cb85.png,bent
gs://seedlings-benchmark-auto-vcm/seedlings1/bent/86761b812.png,bent
gs://seedlings-benchmark-auto-vcm/seedlings1/bent/424cd33c0.png,bent
gs://seedlings-benchmark-auto-vcm/seedlings1/bent/f2b027c00.png,bent
gs://seedlings-benchmark-auto-vcm/seedlings1/bent/d25c7447d.png,bent
gs://seedlings-benchmark-auto-vcm/seedlings1/bent/8e8904d72.png,bent
gs://seedlings-benchmark-auto-vcm/seedlings1/bent/6ec8464dd.png,bent
gs://seedlings-benchmark-auto-vcm/seedlings1/bent/d94aa2cfc.png,bent
gs://seedlings-benchmark-auto-vcm/seedlings1/bent/b6c7bb164.png,bent
gs://seedlings-benchmark-auto-vcm/seedlings1/bent/f5c98860a.png,bent
gs://seedlings-benchmark-auto-vcm/seedlings1/bent/0865fb4d3.png,bent
gs://seedlings-benchmark-auto-vcm/seedlings1/bent/d89fa34ab.png,bent
gs://seedlings-benchmark-auto-vcm/seedlings1/bent/c6f54e816.png,bent
gs://seedlings-benchmark-auto-vcm/seedlings1/bent/2e4ca7f12.png,bent
gs://seedlings-benchmark-auto-vcm/seedlings1/bent/4bc5d1c38.png,bent
gs://seedlings-benchmark-auto-vcm/seedlings1/bent/6bbc3e3dd.png,bent
gs://seedlings-benchmark-auto-vcm/seedlings1/bent/5bd4637e1.png,bent
gs://seedlings-benchmark-auto-vcm/seedlings1/bent/3cc7097d1.png,bent
gs://seedlings-benchmark-auto-vcm/seedlings1/bent/58d70ef74.png,bent
gs://seedlings-benchmark-auto-vcm/seedlings1/bent/054ed75f8.png,bent
gs://seedlings-benchmark-auto-vcm/seedlings1/bent/f75f5a9d1.png,bent
gs://seedlings-benchmark-auto-vcm/seedlings1/bent/bdd598dec.png,bent
gs://seedlings-benchmark-auto-vcm/seedlings1/bent/77b27933d.png,bent
gs://seedlings-benchmark-auto-vcm/seedlings1/bent/a2bdb69e0.png,bent
gs://seedlings-benchmark-auto-vcm/seedlings1/bent/4d2719b52.png,bent
gs://seedlings-benchmark-auto-vcm/seedlings1/bent/06bbb09fb.png,bent
gs://seedlings-benchmark-auto-vcm/seedlings1/bent/6e04be655.png,bent
gs://seedlings-benchmark-auto-vcm/seedlings1/bent/c421f4454.png,bent
gs://seedlings-benchmark-auto-vcm/seedlings1/bent/b01d0bbea.png,bent
gs://seedlings-benchmark-auto-vcm/seedlings1/bent/30df8fb8d.png,bent
gs://seedlings-benchmark-auto-vcm/seedlings1/bent/298d541a6.png,bent
gs://seedlings-benchmark-auto-vcm/seedlings1/bent/d6c2bcfe8.png,bent
gs://seedlings-benchmark-auto-vcm/seedlings1/bent/1d11a167c.png,bent
gs://seedlings-benchmark-auto-vcm/seedlings1/bent/ff1f224a5.png,bent
gs://seedlings-benchmark-auto-vcm/seedlings1/bent/ee23cb68c.png,bent
gs://seedlings-benchmark-auto-vcm/seedlings1/bent/658956a0b.png,bent
gs://seedlings-benchmark-auto-vcm/seedlings1/bent/f83bb45eb.png,bent
gs://seedlings-benchmark-auto-vcm/seedlings1/bent/6530d3c24.png,bent
gs://seedlings-benchmark-auto-vcm/seedlings1/bent/463ec2b22.png,bent
gs://seedlings-benchmark-auto-vcm/seedlings1/bent/fd0430c6e.png,bent
gs://seedlings-benchmark-auto-vcm/seedlings1/bent/0cc00364e.png,bent
gs://seedlings-benchmark-auto-vcm/seedlings1/bent/5425cd169.png,bent
gs://seedlings-benchmark-auto-vcm/seedlings1/bent/ab66b14f0.png,bent
gs://seedlings-benchmark-auto-vcm/seedlings1/bent/da007048a.png,bent
gs://seedlings-benchmark-auto-vcm/seedlings1/bent/746275a76.png,bent
gs://seedlings-benchmark-auto-vcm/seedlings1/bent/4387157f1.png,bent
gs://seedlings-benchmark-auto-vcm/seedlings1/bent/4d6cf6289.png,bent
gs://seedlings-benchmark-auto-vcm/seedlings1/bent/f1a620ad7.png,bent
gs://seedlings-benchmark-auto-vcm/seedlings1/bent/c167ddff0.png,bent
gs://seedlings-benchmark-auto-vcm/seedlings1/bent/4481bff7c.png,bent
gs://seedlings-benchmark-auto-vcm/seedlings1/bent/559dae100.png,bent
gs://seedlings-benchmark-auto-vcm/seedlings1/bent/0367e0199.png,bent
gs://seedlings-benchmark-auto-vcm/seedlings1/bent/80d615a4a.png,bent
gs://seedlings-benchmark-auto-vcm/seedlings1/bent/e5fef8fc7.png,bent
gs://seedlings-benchmark-auto-vcm/seedlings1/bent/17b2de877.png,bent
gs://seedlings-benchmark-auto-vcm/seedlings1/bent/a89d6d72f.png,bent
gs://seedlings-benchmark-auto-vcm/seedlings1/bent/d4d65f637.png,bent
gs://seedlings-benchmark-auto-vcm/seedlings1/bent/96345de76.png,bent
gs://seedlings-benchmark-auto-vcm/seedlings1/bent/685074d33.png,bent
gs://seedlings-benchmark-auto-vcm/seedlings1/bent/623b479d5.png,bent
gs://seedlings-benchmark-auto-vcm/seedlings1/bent/dd4251469.png,bent
gs://seedlings-benchmark-auto-vcm/seedlings1/bent/ed443bd4c.png,bent
gs://seedlings-benchmark-auto-vcm/seedlings1/bent/874893994.png,bent
gs://seedlings-benchmark-auto-vcm/seedlings1/bent/4e4f34aeb.png,bent
gs://seedlings-benchmark-auto-vcm/seedlings1/bent/4075e8be5.png,bent
gs://seedlings-benchmark-auto-vcm/seedlings1/bent/b6466cc30.png,bent
gs://seedlings-benchmark-auto-vcm/seedlings1/bent/89aa6c641.png,bent
gs://seedlings-benchmark-auto-vcm/seedlings1/bent/c334c6791.png,bent
gs://seedlings-benchmark-auto-vcm/seedlings1/bent/217b3e661.png,bent
gs://seedlings-benchmark-auto-vcm/seedlings1/bent/d0228efc3.png,bent
gs://seedlings-benchmark-auto-vcm/seedlings1/bent/f3166a830.png,bent
gs://seedlings-benchmark-auto-vcm/seedlings1/bent/d7954bb16.png,bent
gs://seedlings-benchmark-auto-vcm/seedlings1/bent/e0c207a01.png,bent
gs://seedlings-benchmark-auto-vcm/seedlings1/bent/d09db3735.png,bent
gs://seedlings-benchmark-auto-vcm/seedlings1/bent/6202edcfd.png,bent
gs://seedlings-benchmark-auto-vcm/seedlings1/bent/4c800c3db.png,bent
gs://seedlings-benchmark-auto-vcm/seedlings1/bent/3b5cbd2cb.png,bent
gs://seedlings-benchmark-auto-vcm/seedlings1/bent/44f0c7749.png,bent
gs://seedlings-benchmark-auto-vcm/seedlings1/bent/70ea37ffc.png,bent
gs://seedlings-benchmark-auto-vcm/seedlings1/bent/d260a6bc4.png,bent
gs://seedlings-benchmark-auto-vcm/seedlings1/bent/b7e5943b5.png,bent
gs://seedlings-benchmark-auto-vcm/seedlings1/bent/ce70bc8a7.png,bent
gs://seedlings-benchmark-auto-vcm/seedlings1/bent/8f12e398f.png,bent
gs://seedlings-benchmark-auto-vcm/seedlings1/bent/6ad2ae242.png,bent
gs://seedlings-benchmark-auto-vcm/seedlings1/bent/b2f98cf38.png,bent
gs://seedlings-benchmark-auto-vcm/seedlings1/bent/5ca0fcfba.png,bent
gs://seedlings-benchmark-auto-vcm/seedlings1/bent/fe621cd95.png,bent
gs://seedlings-benchmark-auto-vcm/seedlings1/bent/481d8400d.png,bent
gs://seedlings-benchmark-auto-vcm/seedlings1/bent/973d6c568.png,bent
gs://seedlings-benchmark-auto-vcm/seedlings1/bent/46ae3ab32.png,bent
gs://seedlings-benchmark-auto-vcm/seedlings1/bent/ffbc907bc.png,bent
gs://seedlings-benchmark-auto-vcm/seedlings1/bent/95b1c779f.png,bent
gs://seedlings-benchmark-auto-vcm/seedlings1/bent/8f1f0f8e6.png,bent
gs://seedlings-benchmark-auto-vcm/seedlings1/bent/0f96904f8.png,bent
gs://seedlings-benchmark-auto-vcm/seedlings1/bent/6f9567a5b.png,bent
gs://seedlings-benchmark-auto-vcm/seedlings1/bent/4fd64a851.png,bent
gs://seedlings-benchmark-auto-vcm/seedlings1/bent/6c9de038f.png,bent
gs://seedlings-benchmark-auto-vcm/seedlings1/bent/25b804889.png,bent
gs://seedlings-benchmark-auto-vcm/seedlings1/bent/c5688e1f8.png,bent
gs://seedlings-benchmark-auto-vcm/seedlings1/bent/01ad79c2e.png,bent
gs://seedlings-benchmark-auto-vcm/seedlings1/bent/ffccdc58a.png,bent
gs://seedlings-benchmark-auto-vcm/seedlings1/bent/2b85ff393.png,bent
gs://seedlings-benchmark-auto-vcm/seedlings1/bent/a20b31b68.png,bent
gs://seedlings-benchmark-auto-vcm/seedlings1/bent/08fa31aa6.png,bent
gs://seedlings-benchmark-auto-vcm/seedlings1/bent/f2a87f91f.png,bent
gs://seedlings-benchmark-auto-vcm/seedlings1/bent/b67fe9b5f.png,bent
gs://seedlings-benchmark-auto-vcm/seedlings1/bent/bb63894a1.png,bent
gs://seedlings-benchmark-auto-vcm/seedlings1/bent/95273b4a1.png,bent
gs://seedlings-benchmark-auto-vcm/seedlings1/bent/6aa8cc9d9.png,bent
gs://seedlings-benchmark-auto-vcm/seedlings1/bent/c611dbbd0.png,bent
gs://seedlings-benchmark-auto-vcm/seedlings1/bent/b8301c724.png,bent
gs://seedlings-benchmark-auto-vcm/seedlings1/bent/9046f0356.png,bent
gs://seedlings-benchmark-auto-vcm/seedlings1/bent/9d1161173.png,bent
gs://seedlings-benchmark-auto-vcm/seedlings1/bent/05067feb7.png,bent
gs://seedlings-benchmark-auto-vcm/seedlings1/bent/ee72ab40b.png,bent
gs://seedlings-benchmark-auto-vcm/seedlings1/bent/c5b5a2f6f.png,bent
gs://seedlings-benchmark-auto-vcm/seedlings1/bent/8c22f7d82.png,bent
gs://seedlings-benchmark-auto-vcm/seedlings1/bent/5684aa726.png,bent
gs://seedlings-benchmark-auto-vcm/seedlings1/bent/01897adc9.png,bent
gs://seedlings-benchmark-auto-vcm/seedlings1/bent/92835e424.png,bent
gs://seedlings-benchmark-auto-vcm/seedlings1/bent/f5602e151.png,bent
gs://seedlings-benchmark-auto-vcm/seedlings1/bent/5089f984e.png,bent
gs://seedlings-benchmark-auto-vcm/seedlings1/bent/ea5f902eb.png,bent
gs://seedlings-benchmark-auto-vcm/seedlings1/bent/7a237e6bb.png,bent
gs://seedlings-benchmark-auto-vcm/seedlings1/bent/811e2b508.png,bent
gs://seedlings-benchmark-auto-vcm/seedlings1/bent/57df08978.png,bent
gs://seedlings-benchmark-auto-vcm/seedlings1/bent/843adc7e9.png,bent
gs://seedlings-benchmark-auto-vcm/seedlings1/bent/482a936fc.png,bent
gs://seedlings-benchmark-auto-vcm/seedlings1/bent/9bfa9d719.png,bent
gs://seedlings-benchmark-auto-vcm/seedlings1/bent/a49930f40.png,bent
gs://seedlings-benchmark-auto-vcm/seedlings1/bent/0140dfc02.png,bent
gs://seedlings-benchmark-auto-vcm/seedlings1/bent/452d301a7.png,bent
gs://seedlings-benchmark-auto-vcm/seedlings1/bent/834903369.png,bent
gs://seedlings-benchmark-auto-vcm/seedlings1/bent/07ca815ef.png,bent
gs://seedlings-benchmark-auto-vcm/seedlings1/bent/181fb1703.png,bent
gs://seedlings-benchmark-auto-vcm/seedlings1/bent/8cf31d387.png,bent
gs://seedlings-benchmark-auto-vcm/seedlings1/bent/eeddd27da.png,bent
gs://seedlings-benchmark-auto-vcm/seedlings1/bent/4bf7c65dd.png,bent
gs://seedlings-benchmark-auto-vcm/seedlings1/bent/b3184549e.png,bent
gs://seedlings-benchmark-auto-vcm/seedlings1/bent/65c207aa6.png,bent
gs://seedlings-benchmark-auto-vcm/seedlings1/bent/a4204df25.png,bent
gs://seedlings-benchmark-auto-vcm/seedlings1/bent/f6a02772a.png,bent
gs://seedlings-benchmark-auto-vcm/seedlings1/bent/d7fe62bae.png,bent
gs://seedlings-benchmark-auto-vcm/seedlings1/bent/3e2609d6a.png,bent
gs://seedlings-benchmark-auto-vcm/seedlings1/bent/433e4a3ff.png,bent
gs://seedlings-benchmark-auto-vcm/seedlings1/bent/972c2c8f7.png,bent
gs://seedlings-benchmark-auto-vcm/seedlings1/bent/0a7723f3b.png,bent
gs://seedlings-benchmark-auto-vcm/seedlings1/bent/e60e41d92.png,bent
gs://seedlings-benchmark-auto-vcm/seedlings1/bent/df27638ee.png,bent
gs://seedlings-benchmark-auto-vcm/seedlings1/bent/6347090c6.png,bent
gs://seedlings-benchmark-auto-vcm/seedlings1/bent/af48352aa.png,bent
gs://seedlings-benchmark-auto-vcm/seedlings1/bent/3fb49152c.png,bent
gs://seedlings-benchmark-auto-vcm/seedlings1/bent/a4dcf7616.png,bent
gs://seedlings-benchmark-auto-vcm/seedlings1/bent/8f803c74c.png,bent
gs://seedlings-benchmark-auto-vcm/seedlings1/bent/75902535c.png,bent
gs://seedlings-benchmark-auto-vcm/seedlings1/bent/dcdd20842.png,bent
gs://seedlings-benchmark-auto-vcm/seedlings1/bent/cd74f8747.png,bent
gs://seedlings-benchmark-auto-vcm/seedlings1/bent/8e5f8c5e7.png,bent
gs://seedlings-benchmark-auto-vcm/seedlings1/bent/667950000.png,bent
gs://seedlings-benchmark-auto-vcm/seedlings1/bent/a7467a0ae.png,bent
gs://seedlings-benchmark-auto-vcm/seedlings1/bent/e513efb9a.png,bent
gs://seedlings-benchmark-auto-vcm/seedlings1/bent/d9061cf70.png,bent
gs://seedlings-benchmark-auto-vcm/seedlings1/bent/4b7940ed6.png,bent
gs://seedlings-benchmark-auto-vcm/seedlings1/bent/3fe014d30.png,bent
gs://seedlings-benchmark-auto-vcm/seedlings1/bent/69a3ef92d.png,bent
gs://seedlings-benchmark-auto-vcm/seedlings1/bent/009d8d799.png,bent
gs://seedlings-benchmark-auto-vcm/seedlings1/bent/5bb2ae820.png,bent
gs://seedlings-benchmark-auto-vcm/seedlings1/bent/df615189b.png,bent
gs://seedlings-benchmark-auto-vcm/seedlings1/bent/f284e84bc.png,bent
gs://seedlings-benchmark-auto-vcm/seedlings1/bent/eafe89ea6.png,bent
gs://seedlings-benchmark-auto-vcm/seedlings1/bent/58b8aa1f3.png,bent
gs://seedlings-benchmark-auto-vcm/seedlings1/bent/1f154441a.png,bent
gs://seedlings-benchmark-auto-vcm/seedlings1/bent/d766d9692.png,bent
gs://seedlings-benchmark-auto-vcm/seedlings1/bent/1804ef033.png,bent
gs://seedlings-benchmark-auto-vcm/seedlings1/bent/4a660a07c.png,bent
gs://seedlings-benchmark-auto-vcm/seedlings1/bent/7ebd4f913.png,bent
gs://seedlings-benchmark-auto-vcm/seedlings1/bent/ee4a45967.png,bent
gs://seedlings-benchmark-auto-vcm/seedlings1/bent/73f67dafe.png,bent
gs://seedlings-benchmark-auto-vcm/seedlings1/bent/1656d2df4.png,bent
gs://seedlings-benchmark-auto-vcm/seedlings1/bent/15b1ea490.png,bent
gs://seedlings-benchmark-auto-vcm/seedlings1/bent/7a8370ede.png,bent
gs://seedlings-benchmark-auto-vcm/seedlings1/bent/b0b2c3bdd.png,bent
gs://seedlings-benchmark-auto-vcm/seedlings1/bent/465a268eb.png,bent
gs://seedlings-benchmark-auto-vcm/seedlings1/bent/7b48abef4.png,bent
gs://seedlings-benchmark-auto-vcm/seedlings1/bent/a17554c02.png,bent
gs://seedlings-benchmark-auto-vcm/seedlings1/bent/ac6377773.png,bent
gs://seedlings-benchmark-auto-vcm/seedlings1/bent/7324d3cc4.png,bent
gs://seedlings-benchmark-auto-vcm/seedlings1/bent/8844e8224.png,bent
gs://seedlings-benchmark-auto-vcm/seedlings1/bent/6d2f11b51.png,bent
gs://seedlings-benchmark-auto-vcm/seedlings1/bent/d1d87fa3e.png,bent
gs://seedlings-benchmark-auto-vcm/seedlings1/bent/fced10d82.png,bent
gs://seedlings-benchmark-auto-vcm/seedlings1/bent/46ebc27d5.png,bent
gs://seedlings-benchmark-auto-vcm/seedlings1/bent/6c4d469c8.png,bent
gs://seedlings-benchmark-auto-vcm/seedlings1/bent/93806ccdb.png,bent
gs://seedlings-benchmark-auto-vcm/seedlings1/bent/43645a24d.png,bent
gs://seedlings-benchmark-auto-vcm/seedlings1/bent/63d2782fc.png,bent
gs://seedlings-benchmark-auto-vcm/seedlings1/bent/f770f10e4.png,bent
gs://seedlings-benchmark-auto-vcm/seedlings1/bent/e1063a052.png,bent
gs://seedlings-benchmark-auto-vcm/seedlings1/bent/e8258bf4a.png,bent
gs://seedlings-benchmark-auto-vcm/seedlings1/bent/29b0930d2.png,bent
gs://seedlings-benchmark-auto-vcm/seedlings1/bent/f9aca9f1f.png,bent
gs://seedlings-benchmark-auto-vcm/seedlings1/bent/53366d2eb.png,bent
gs://seedlings-benchmark-auto-vcm/seedlings1/bent/6f112750f.png,bent
gs://seedlings-benchmark-auto-vcm/seedlings1/bent/6325fd82b.png,bent
gs://seedlings-benchmark-auto-vcm/seedlings1/bent/a43014876.png,bent
gs://seedlings-benchmark-auto-vcm/seedlings1/bent/d31724b7f.png,bent
gs://seedlings-benchmark-auto-vcm/seedlings1/bent/953a9aefd.png,bent
gs://seedlings-benchmark-auto-vcm/seedlings1/bent/4eb1a1b05.png,bent
gs://seedlings-benchmark-auto-vcm/seedlings1/bent/0012f11c4.png,bent
gs://seedlings-benchmark-auto-vcm/seedlings1/bent/36c96eb0f.png,bent
gs://seedlings-benchmark-auto-vcm/seedlings1/bent/f992263d7.png,bent
gs://seedlings-benchmark-auto-vcm/seedlings1/bent/97e8ebbbe.png,bent
gs://seedlings-benchmark-auto-vcm/seedlings1/bent/9c05edbce.png,bent
gs://seedlings-benchmark-auto-vcm/seedlings1/bent/1dc7d9cc4.png,bent
gs://seedlings-benchmark-auto-vcm/seedlings1/bent/87ab65336.png,bent
gs://seedlings-benchmark-auto-vcm/seedlings1/bent/178b92275.png,bent
gs://seedlings-benchmark-auto-vcm/seedlings1/bent/f3d10b887.png,bent
gs://seedlings-benchmark-auto-vcm/seedlings1/bent/9b7799b3c.png,bent
gs://seedlings-benchmark-auto-vcm/seedlings1/bent/970834d96.png,bent
gs://seedlings-benchmark-auto-vcm/seedlings1/bent/a905c1080.png,bent
gs://seedlings-benchmark-auto-vcm/seedlings1/bent/230282373.png,bent
gs://seedlings-benchmark-auto-vcm/seedlings1/bent/d681d1b9b.png,bent
gs://seedlings-benchmark-auto-vcm/seedlings1/bent/8ee4c4f97.png,bent
gs://seedlings-benchmark-auto-vcm/seedlings1/bent/50792a0df.png,bent
gs://seedlings-benchmark-auto-vcm/seedlings1/bent/080cea66f.png,bent
gs://seedlings-benchmark-auto-vcm/seedlings1/bent/6210b8de1.png,bent
gs://seedlings-benchmark-auto-vcm/seedlings1/bent/43a753822.png,bent
gs://seedlings-benchmark-auto-vcm/seedlings1/bent/c629a95e2.png,bent
gs://seedlings-benchmark-auto-vcm/seedlings1/bent/180a7bc07.png,bent
gs://seedlings-benchmark-auto-vcm/seedlings1/bent/74425d617.png,bent
gs://seedlings-benchmark-auto-vcm/seedlings1/bent/322d8de2d.png,bent
gs://seedlings-benchmark-auto-vcm/seedlings1/bent/730b45269.png,bent
gs://seedlings-benchmark-auto-vcm/seedlings1/bent/48e5bd4e8.png,bent
gs://seedlings-benchmark-auto-vcm/seedlings1/bent/34b65beb4.png,bent
gs://seedlings-benchmark-auto-vcm/seedlings1/bent/10250b3ac.png,bent
gs://seedlings-benchmark-auto-vcm/seedlings1/bent/d4bda0d92.png,bent
gs://seedlings-benchmark-auto-vcm/seedlings1/bent/c09b10389.png,bent
gs://seedlings-benchmark-auto-vcm/seedlings1/bent/650dd0e5a.png,bent
gs://seedlings-benchmark-auto-vcm/seedlings1/bent/f40d45ecd.png,bent
gs://seedlings-benchmark-auto-vcm/seedlings1/bent/a719f6d93.png,bent
gs://seedlings-benchmark-auto-vcm/seedlings1/bent/1f57bde3c.png,bent
gs://seedlings-benchmark-auto-vcm/seedlings1/bent/38156c37f.png,bent
gs://seedlings-benchmark-auto-vcm/seedlings1/bent/0f9d5c657.png,bent
gs://seedlings-benchmark-auto-vcm/seedlings1/bent/5f6ba8739.png,bent
gs://seedlings-benchmark-auto-vcm/seedlings1/bent/6ca0979d0.png,bent
gs://seedlings-benchmark-auto-vcm/seedlings1/bent/77b0abed9.png,bent
gs://seedlings-benchmark-auto-vcm/seedlings1/bent/fa99ad032.png,bent
gs://seedlings-benchmark-auto-vcm/seedlings1/bent/9289f58fd.png,bent
gs://seedlings-benchmark-auto-vcm/seedlings1/bent/56ac466ec.png,bent
gs://seedlings-benchmark-auto-vcm/seedlings1/bent/eca81d5e8.png,bent
gs://seedlings-benchmark-auto-vcm/seedlings1/bent/759d40ddf.png,bent
gs://seedlings-benchmark-auto-vcm/seedlings1/bent/3c46bd512.png,bent
gs://seedlings-benchmark-auto-vcm/seedlings1/bent/e55c8ded3.png,bent
gs://seedlings-benchmark-auto-vcm/seedlings1/bent/19c867cbf.png,bent
gs://seedlings-benchmark-auto-vcm/seedlings1/bent/bc3fc4221.png,bent
gs://seedlings-benchmark-auto-vcm/seedlings1/bent/6d0ad6911.png,bent
gs://seedlings-benchmark-auto-vcm/seedlings1/bent/25c3965e9.png,bent
gs://seedlings-benchmark-auto-vcm/seedlings1/bent/5fda67f10.png,bent
gs://seedlings-benchmark-auto-vcm/seedlings1/bent/7a6ab6192.png,bent
gs://seedlings-benchmark-auto-vcm/seedlings1/bent/b81690ccf.png,bent
gs://seedlings-benchmark-auto-vcm/seedlings1/bent/5d3b1db09.png,bent
gs://seedlings-benchmark-auto-vcm/seedlings1/bent/c1d37bdb2.png,bent
gs://seedlings-benchmark-auto-vcm/seedlings1/bent/280af96c0.png,bent
gs://seedlings-benchmark-auto-vcm/seedlings1/bent/881498f15.png,bent
gs://seedlings-benchmark-auto-vcm/seedlings1/bent/1f5b705c0.png,bent
gs://seedlings-benchmark-auto-vcm/seedlings1/bent/2399027ab.png,bent
gs://seedlings-benchmark-auto-vcm/seedlings1/bent/2a62cd782.png,bent
gs://seedlings-benchmark-auto-vcm/seedlings1/bent/fe944dee4.png,bent
gs://seedlings-benchmark-auto-vcm/seedlings1/bent/e9ef76a8d.png,bent
gs://seedlings-benchmark-auto-vcm/seedlings1/bent/543887ef6.png,bent
gs://seedlings-benchmark-auto-vcm/seedlings1/bent/b0cebe0d0.png,bent
gs://seedlings-benchmark-auto-vcm/seedlings1/bent/629d857bf.png,bent
gs://seedlings-benchmark-auto-vcm/seedlings1/bent/e4e781114.png,bent
gs://seedlings-benchmark-auto-vcm/seedlings1/bent/0b1651517.png,bent
gs://seedlings-benchmark-auto-vcm/seedlings1/bent/397583358.png,bent
gs://seedlings-benchmark-auto-vcm/seedlings1/bent/c18683c6b.png,bent
gs://seedlings-benchmark-auto-vcm/seedlings1/bent/1a6a98258.png,bent
gs://seedlings-benchmark-auto-vcm/seedlings1/bent/6af4dbc15.png,bent
gs://seedlings-benchmark-auto-vcm/seedlings1/bent/798eeca3b.png,bent
gs://seedlings-benchmark-auto-vcm/seedlings1/bent/1c0f5cdf6.png,bent
gs://seedlings-benchmark-auto-vcm/seedlings1/bent/8ab06ae81.png,bent
gs://seedlings-benchmark-auto-vcm/seedlings1/bent/09f47b868.png,bent
gs://seedlings-benchmark-auto-vcm/seedlings1/bent/e5140f585.png,bent
gs://seedlings-benchmark-auto-vcm/seedlings1/bent/79860d6ef.png,bent
gs://seedlings-benchmark-auto-vcm/seedlings1/bent/77291b3ad.png,bent
gs://seedlings-benchmark-auto-vcm/seedlings1/bent/a96276a20.png,bent
gs://seedlings-benchmark-auto-vcm/seedlings1/bent/5a60a6eb4.png,bent
gs://seedlings-benchmark-auto-vcm/seedlings1/bent/2e6952708.png,bent
gs://seedlings-benchmark-auto-vcm/seedlings1/bent/3d9f8222d.png,bent
gs://seedlings-benchmark-auto-vcm/seedlings1/bent/9dee801a8.png,bent
gs://seedlings-benchmark-auto-vcm/seedlings1/bent/74012c9fe.png,bent
gs://seedlings-benchmark-auto-vcm/seedlings1/bent/066868de0.png,bent
gs://seedlings-benchmark-auto-vcm/seedlings1/bent/f89f44126.png,bent
gs://seedlings-benchmark-auto-vcm/seedlings1/bent/ae0dc5708.png,bent
gs://seedlings-benchmark-auto-vcm/seedlings1/bent/ff771d06e.png,bent
gs://seedlings-benchmark-auto-vcm/seedlings1/bent/a5429dac9.png,bent
gs://seedlings-benchmark-auto-vcm/seedlings1/bent/858541bfd.png,bent
gs://seedlings-benchmark-auto-vcm/seedlings1/bent/fdb42d1ce.png,bent
gs://seedlings-benchmark-auto-vcm/seedlings1/bent/b983cb52d.png,bent
gs://seedlings-benchmark-auto-vcm/seedlings1/bent/e616fd2f3.png,bent
gs://seedlings-benchmark-auto-vcm/seedlings1/bent/ca57fa675.png,bent
gs://seedlings-benchmark-auto-vcm/seedlings1/bent/943edde10.png,bent
gs://seedlings-benchmark-auto-vcm/seedlings1/bent/2424d70aa.png,bent
gs://seedlings-benchmark-auto-vcm/seedlings1/bent/58258e061.png,bent
gs://seedlings-benchmark-auto-vcm/seedlings1/bent/1f7a21bce.png,bent
gs://seedlings-benchmark-auto-vcm/seedlings1/bent/d211c4f89.png,bent
gs://seedlings-benchmark-auto-vcm/seedlings1/bent/fbe2de7e7.png,bent
gs://seedlings-benchmark-auto-vcm/seedlings1/bent/69505e138.png,bent
gs://seedlings-benchmark-auto-vcm/seedlings1/bent/7dafa389c.png,bent
gs://seedlings-benchmark-auto-vcm/seedlings1/bent/dbcc62b36.png,bent
gs://seedlings-benchmark-auto-vcm/seedlings1/bent/3cac767c2.png,bent
gs://seedlings-benchmark-auto-vcm/seedlings1/bent/82bf95b2c.png,bent
gs://seedlings-benchmark-auto-vcm/seedlings1/bent/413a7e4be.png,bent
gs://seedlings-benchmark-auto-vcm/seedlings1/bent/00442de98.png,bent
gs://seedlings-benchmark-auto-vcm/seedlings1/bent/21f99c5c2.png,bent
gs://seedlings-benchmark-auto-vcm/seedlings1/bent/240ad1daf.png,bent
gs://seedlings-benchmark-auto-vcm/seedlings1/bent/3dd3fc94d.png,bent
gs://seedlings-benchmark-auto-vcm/seedlings1/bent/897db9248.png,bent
gs://seedlings-benchmark-auto-vcm/seedlings1/bent/e7d948ade.png,bent
gs://seedlings-benchmark-auto-vcm/seedlings1/bent/6033b17af.png,bent
gs://seedlings-benchmark-auto-vcm/seedlings1/bent/a5bb0ae6a.png,bent
gs://seedlings-benchmark-auto-vcm/seedlings1/bent/82e4a193e.png,bent
gs://seedlings-benchmark-auto-vcm/seedlings1/bent/f6ab6c208.png,bent
gs://seedlings-benchmark-auto-vcm/seedlings1/bent/91c7359d1.png,bent
gs://seedlings-benchmark-auto-vcm/seedlings1/bent/e51811621.png,bent
gs://seedlings-benchmark-auto-vcm/seedlings1/bent/51cbc9929.png,bent
gs://seedlings-benchmark-auto-vcm/seedlings1/bent/64a4abfca.png,bent
gs://seedlings-benchmark-auto-vcm/seedlings1/bent/57d839cf9.png,bent
gs://seedlings-benchmark-auto-vcm/seedlings1/bent/af2465f9e.png,bent
gs://seedlings-benchmark-auto-vcm/seedlings1/bent/8dcfdf361.png,bent
gs://seedlings-benchmark-auto-vcm/seedlings1/bent/73fd71a9d.png,bent
gs://seedlings-benchmark-auto-vcm/seedlings1/bent/980937153.png,bent
gs://seedlings-benchmark-auto-vcm/seedlings1/bent/d106fca01.png,bent
gs://seedlings-benchmark-auto-vcm/seedlings1/bent/386f3eb28.png,bent
gs://seedlings-benchmark-auto-vcm/seedlings1/bent/eaebb4472.png,bent
gs://seedlings-benchmark-auto-vcm/seedlings1/bent/698877cd3.png,bent
gs://seedlings-benchmark-auto-vcm/seedlings1/bent/d5f5108df.png,bent
gs://seedlings-benchmark-auto-vcm/seedlings1/bent/98fe7c3ae.png,bent
gs://seedlings-benchmark-auto-vcm/seedlings1/bent/2773b77ab.png,bent
gs://seedlings-benchmark-auto-vcm/seedlings1/bent/d160d5d69.png,bent
gs://seedlings-benchmark-auto-vcm/seedlings1/bent/6604aadc8.png,bent
gs://seedlings-benchmark-auto-vcm/seedlings1/bent/3dcfb94a9.png,bent
gs://seedlings-benchmark-auto-vcm/seedlings1/bent/86dfb25ea.png,bent
gs://seedlings-benchmark-auto-vcm/seedlings1/bent/224274f93.png,bent
gs://seedlings-benchmark-auto-vcm/seedlings1/bent/7b4598d18.png,bent
gs://seedlings-benchmark-auto-vcm/seedlings1/bent/5012867e0.png,bent
gs://seedlings-benchmark-auto-vcm/seedlings1/bent/cb8ebfa74.png,bent
gs://seedlings-benchmark-auto-vcm/seedlings1/bent/9e2523c37.png,bent
gs://seedlings-benchmark-auto-vcm/seedlings1/bent/3d109d1b0.png,bent
gs://seedlings-benchmark-auto-vcm/seedlings1/bent/6483c1720.png,bent
gs://seedlings-benchmark-auto-vcm/seedlings1/bent/de8b3b16b.png,bent
gs://seedlings-benchmark-auto-vcm/seedlings1/bent/5c0097147.png,bent
gs://seedlings-benchmark-auto-vcm/seedlings1/bent/5c44bf540.png,bent
gs://seedlings-benchmark-auto-vcm/seedlings1/bent/77ea88509.png,bent
gs://seedlings-benchmark-auto-vcm/seedlings1/bent/1f8562553.png,bent
gs://seedlings-benchmark-auto-vcm/seedlings1/bent/8bfc50c8e.png,bent
gs://seedlings-benchmark-auto-vcm/seedlings1/bent/a6c5cd3b8.png,bent
gs://seedlings-benchmark-auto-vcm/seedlings1/bent/0db2f82ee.png,bent
gs://seedlings-benchmark-auto-vcm/seedlings1/bent/48ed4a318.png,bent
gs://seedlings-benchmark-auto-vcm/seedlings1/bent/b3f997421.png,bent
gs://seedlings-benchmark-auto-vcm/seedlings1/bent/d1653b4c3.png,bent
gs://seedlings-benchmark-auto-vcm/seedlings1/bent/e26600777.png,bent
gs://seedlings-benchmark-auto-vcm/seedlings1/bent/9774bec4b.png,bent
gs://seedlings-benchmark-auto-vcm/seedlings1/bent/aa7620ab1.png,bent
gs://seedlings-benchmark-auto-vcm/seedlings1/bent/20df07699.png,bent
gs://seedlings-benchmark-auto-vcm/seedlings1/bent/5a141b349.png,bent
gs://seedlings-benchmark-auto-vcm/seedlings1/bent/c0f87cf17.png,bent
gs://seedlings-benchmark-auto-vcm/seedlings1/bent/b204c0ea0.png,bent
gs://seedlings-benchmark-auto-vcm/seedlings1/bent/624288db1.png,bent
gs://seedlings-benchmark-auto-vcm/seedlings1/bent/3a39e5bc5.png,bent
gs://seedlings-benchmark-auto-vcm/seedlings1/bent/30512e18a.png,bent
gs://seedlings-benchmark-auto-vcm/seedlings1/bent/de82f96f1.png,bent
gs://seedlings-benchmark-auto-vcm/seedlings1/bent/c30c4c58e.png,bent
gs://seedlings-benchmark-auto-vcm/seedlings1/bent/32c19240b.png,bent
gs://seedlings-benchmark-auto-vcm/seedlings1/bent/14469febc.png,bent
gs://seedlings-benchmark-auto-vcm/seedlings1/bent/96504ba69.png,bent
gs://seedlings-benchmark-auto-vcm/seedlings1/bent/4f5d80c92.png,bent
gs://seedlings-benchmark-auto-vcm/seedlings1/bent/bc72693f3.png,bent
gs://seedlings-benchmark-auto-vcm/seedlings1/bent/c21fd1c63.png,bent
gs://seedlings-benchmark-auto-vcm/seedlings1/bent/88a48f427.png,bent
gs://seedlings-benchmark-auto-vcm/seedlings1/bent/15fa7044b.png,bent
gs://seedlings-benchmark-auto-vcm/seedlings1/bent/3affdd752.png,bent
gs://seedlings-benchmark-auto-vcm/seedlings1/bent/330630db5.png,bent
gs://seedlings-benchmark-auto-vcm/seedlings1/bent/54f9d6792.png,bent
gs://seedlings-benchmark-auto-vcm/seedlings1/bent/c513114b7.png,bent
gs://seedlings-benchmark-auto-vcm/seedlings1/bent/e0f5afd45.png,bent
gs://seedlings-benchmark-auto-vcm/seedlings1/bent/3fd2b83fc.png,bent
gs://seedlings-benchmark-auto-vcm/seedlings1/bent/1fcfb8677.png,bent
gs://seedlings-benchmark-auto-vcm/seedlings1/bent/79506c07d.png,bent
gs://seedlings-benchmark-auto-vcm/seedlings1/bent/d4715e76f.png,bent
gs://seedlings-benchmark-auto-vcm/seedlings1/bent/b5f074be0.png,bent
gs://seedlings-benchmark-auto-vcm/seedlings1/bent/870cbbd42.png,bent
gs://seedlings-benchmark-auto-vcm/seedlings1/bent/b4aeeab74.png,bent
gs://seedlings-benchmark-auto-vcm/seedlings1/bent/bc20079b6.png,bent
gs://seedlings-benchmark-auto-vcm/seedlings1/bent/b32f49c26.png,bent
gs://seedlings-benchmark-auto-vcm/seedlings1/bent/accab3c58.png,bent
gs://seedlings-benchmark-auto-vcm/seedlings1/bent/58f28c75f.png,bent
gs://seedlings-benchmark-auto-vcm/seedlings1/bent/0d96cc35d.png,bent
gs://seedlings-benchmark-auto-vcm/seedlings1/bent/9dc674d5d.png,bent
gs://seedlings-benchmark-auto-vcm/seedlings1/bent/2aab840e1.png,bent
gs://seedlings-benchmark-auto-vcm/seedlings1/bent/db5a0970c.png,bent
gs://seedlings-benchmark-auto-vcm/seedlings1/bent/d22fac46d.png,bent
gs://seedlings-benchmark-auto-vcm/seedlings1/bent/50badc5fe.png,bent
gs://seedlings-benchmark-auto-vcm/seedlings1/bent/3599550ec.png,bent
gs://seedlings-benchmark-auto-vcm/seedlings1/bent/73a56527d.png,bent
gs://seedlings-benchmark-auto-vcm/seedlings1/bent/26f6c56c0.png,bent
gs://seedlings-benchmark-auto-vcm/seedlings1/bent/f76dc25a9.png,bent
gs://seedlings-benchmark-auto-vcm/seedlings1/bent/a1210bea8.png,bent
gs://seedlings-benchmark-auto-vcm/seedlings1/bent/30f633411.png,bent
gs://seedlings-benchmark-auto-vcm/seedlings1/bent/7c8202c53.png,bent
gs://seedlings-benchmark-auto-vcm/seedlings1/bent/c5bb1b336.png,bent
gs://seedlings-benchmark-auto-vcm/seedlings1/bent/c05473022.png,bent
gs://seedlings-benchmark-auto-vcm/seedlings1/bent/5cb45767e.png,bent
gs://seedlings-benchmark-auto-vcm/seedlings1/bent/79cc28175.png,bent
gs://seedlings-benchmark-auto-vcm/seedlings1/bent/5c6fb9849.png,bent
gs://seedlings-benchmark-auto-vcm/seedlings1/bent/f25b51762.png,bent
gs://seedlings-benchmark-auto-vcm/seedlings1/bent/57d19be1b.png,bent
gs://seedlings-benchmark-auto-vcm/seedlings1/bent/c6cf972b8.png,bent
gs://seedlings-benchmark-auto-vcm/seedlings1/bent/4d3517fc8.png,bent
gs://seedlings-benchmark-auto-vcm/seedlings1/bent/be4702751.png,bent
gs://seedlings-benchmark-auto-vcm/seedlings1/bent/49febdc76.png,bent
gs://seedlings-benchmark-auto-vcm/seedlings1/bent/4609dd9e5.png,bent
gs://seedlings-benchmark-auto-vcm/seedlings1/bent/b6c2e77db.png,bent
gs://seedlings-benchmark-auto-vcm/seedlings1/bent/bcf82b0f4.png,bent
gs://seedlings-benchmark-auto-vcm/seedlings1/bent/dfbdda5d7.png,bent
gs://seedlings-benchmark-auto-vcm/seedlings1/bent/af36b12f3.png,bent
gs://seedlings-benchmark-auto-vcm/seedlings1/bent/c3b34e88c.png,bent
gs://seedlings-benchmark-auto-vcm/seedlings1/bent/d3bc96906.png,bent
gs://seedlings-benchmark-auto-vcm/seedlings1/bent/5b45f1ab3.png,bent
gs://seedlings-benchmark-auto-vcm/seedlings1/bent/875ef92d7.png,bent
gs://seedlings-benchmark-auto-vcm/seedlings1/bent/17309f0c2.png,bent
gs://seedlings-benchmark-auto-vcm/seedlings1/bent/9306b0731.png,bent
gs://seedlings-benchmark-auto-vcm/seedlings1/bent/cc6eb9e5e.png,bent
gs://seedlings-benchmark-auto-vcm/seedlings1/bent/34634ddc3.png,bent
gs://seedlings-benchmark-auto-vcm/seedlings1/bent/698ce4468.png,bent
gs://seedlings-benchmark-auto-vcm/seedlings1/bent/c646f63c7.png,bent
gs://seedlings-benchmark-auto-vcm/seedlings1/bent/c88c61e2b.png,bent
