gs://seedlings-benchmark-auto-vcm/seedlings1/charlock/b8421d027.png,charlock
gs://seedlings-benchmark-auto-vcm/seedlings1/charlock/abe5f09d9.png,charlock
gs://seedlings-benchmark-auto-vcm/seedlings1/charlock/420c6475c.png,charlock
gs://seedlings-benchmark-auto-vcm/seedlings1/charlock/3ba14a843.png,charlock
gs://seedlings-benchmark-auto-vcm/seedlings1/charlock/b525a32bc.png,charlock
gs://seedlings-benchmark-auto-vcm/seedlings1/charlock/e262e89e9.png,charlock
gs://seedlings-benchmark-auto-vcm/seedlings1/charlock/0e51b1876.png,charlock
gs://seedlings-benchmark-auto-vcm/seedlings1/charlock/34dab243e.png,charlock
gs://seedlings-benchmark-auto-vcm/seedlings1/charlock/13d67633c.png,charlock
gs://seedlings-benchmark-auto-vcm/seedlings1/charlock/6d8b4041a.png,charlock
gs://seedlings-benchmark-auto-vcm/seedlings1/charlock/6535bc073.png,charlock
gs://seedlings-benchmark-auto-vcm/seedlings1/charlock/f67425c37.png,charlock
gs://seedlings-benchmark-auto-vcm/seedlings1/charlock/207c8f749.png,charlock
gs://seedlings-benchmark-auto-vcm/seedlings1/charlock/1fe41c75c.png,charlock
gs://seedlings-benchmark-auto-vcm/seedlings1/charlock/47c2398c9.png,charlock
gs://seedlings-benchmark-auto-vcm/seedlings1/charlock/447c52f72.png,charlock
gs://seedlings-benchmark-auto-vcm/seedlings1/charlock/63a15c42c.png,charlock
gs://seedlings-benchmark-auto-vcm/seedlings1/charlock/6e31a4a1b.png,charlock
gs://seedlings-benchmark-auto-vcm/seedlings1/charlock/71472bf20.png,charlock
gs://seedlings-benchmark-auto-vcm/seedlings1/charlock/82b303659.png,charlock
gs://seedlings-benchmark-auto-vcm/seedlings1/charlock/e23998a9b.png,charlock
gs://seedlings-benchmark-auto-vcm/seedlings1/charlock/6ccccc87f.png,charlock
gs://seedlings-benchmark-auto-vcm/seedlings1/charlock/85f558e39.png,charlock
gs://seedlings-benchmark-auto-vcm/seedlings1/charlock/c911db696.png,charlock
gs://seedlings-benchmark-auto-vcm/seedlings1/charlock/d5798e4cd.png,charlock
gs://seedlings-benchmark-auto-vcm/seedlings1/charlock/1da9ac0ba.png,charlock
gs://seedlings-benchmark-auto-vcm/seedlings1/charlock/ce5473300.png,charlock
gs://seedlings-benchmark-auto-vcm/seedlings1/charlock/b3b28cf8e.png,charlock
gs://seedlings-benchmark-auto-vcm/seedlings1/charlock/e5d2875b4.png,charlock
gs://seedlings-benchmark-auto-vcm/seedlings1/charlock/1dfeec485.png,charlock
gs://seedlings-benchmark-auto-vcm/seedlings1/charlock/c0e365810.png,charlock
gs://seedlings-benchmark-auto-vcm/seedlings1/charlock/a04a7dda2.png,charlock
gs://seedlings-benchmark-auto-vcm/seedlings1/charlock/c1b1e4f9d.png,charlock
gs://seedlings-benchmark-auto-vcm/seedlings1/charlock/8c9c6b343.png,charlock
gs://seedlings-benchmark-auto-vcm/seedlings1/charlock/d0641b545.png,charlock
gs://seedlings-benchmark-auto-vcm/seedlings1/charlock/c0aac7fc2.png,charlock
gs://seedlings-benchmark-auto-vcm/seedlings1/charlock/3217ef372.png,charlock
gs://seedlings-benchmark-auto-vcm/seedlings1/charlock/bac8b25d8.png,charlock
gs://seedlings-benchmark-auto-vcm/seedlings1/charlock/6ea9a8d71.png,charlock
gs://seedlings-benchmark-auto-vcm/seedlings1/charlock/be27e52a5.png,charlock
gs://seedlings-benchmark-auto-vcm/seedlings1/charlock/303cfad91.png,charlock
gs://seedlings-benchmark-auto-vcm/seedlings1/charlock/df7d711a9.png,charlock
gs://seedlings-benchmark-auto-vcm/seedlings1/charlock/32fc83278.png,charlock
gs://seedlings-benchmark-auto-vcm/seedlings1/charlock/ad5acca39.png,charlock
gs://seedlings-benchmark-auto-vcm/seedlings1/charlock/10b7d4de4.png,charlock
gs://seedlings-benchmark-auto-vcm/seedlings1/charlock/7066f950c.png,charlock
gs://seedlings-benchmark-auto-vcm/seedlings1/charlock/d903a2a6d.png,charlock
gs://seedlings-benchmark-auto-vcm/seedlings1/charlock/42868a82d.png,charlock
gs://seedlings-benchmark-auto-vcm/seedlings1/charlock/9df7399d3.png,charlock
gs://seedlings-benchmark-auto-vcm/seedlings1/charlock/97907da1a.png,charlock
gs://seedlings-benchmark-auto-vcm/seedlings1/charlock/c97f86135.png,charlock
gs://seedlings-benchmark-auto-vcm/seedlings1/charlock/c19bc586d.png,charlock
gs://seedlings-benchmark-auto-vcm/seedlings1/charlock/9a3903864.png,charlock
gs://seedlings-benchmark-auto-vcm/seedlings1/charlock/de1dc1b00.png,charlock
gs://seedlings-benchmark-auto-vcm/seedlings1/charlock/ee4a02bf9.png,charlock
gs://seedlings-benchmark-auto-vcm/seedlings1/charlock/350a133fe.png,charlock
gs://seedlings-benchmark-auto-vcm/seedlings1/charlock/09f038ce4.png,charlock
gs://seedlings-benchmark-auto-vcm/seedlings1/charlock/f39a873f8.png,charlock
gs://seedlings-benchmark-auto-vcm/seedlings1/charlock/c45aa7507.png,charlock
gs://seedlings-benchmark-auto-vcm/seedlings1/charlock/34842c4a1.png,charlock
gs://seedlings-benchmark-auto-vcm/seedlings1/charlock/c0ae1e074.png,charlock
gs://seedlings-benchmark-auto-vcm/seedlings1/charlock/512f3e717.png,charlock
gs://seedlings-benchmark-auto-vcm/seedlings1/charlock/5e5644439.png,charlock
gs://seedlings-benchmark-auto-vcm/seedlings1/charlock/946b7baea.png,charlock
gs://seedlings-benchmark-auto-vcm/seedlings1/charlock/a8e7520de.png,charlock
gs://seedlings-benchmark-auto-vcm/seedlings1/charlock/100f53f2a.png,charlock
gs://seedlings-benchmark-auto-vcm/seedlings1/charlock/0537577cd.png,charlock
gs://seedlings-benchmark-auto-vcm/seedlings1/charlock/7b4d1832b.png,charlock
gs://seedlings-benchmark-auto-vcm/seedlings1/charlock/c2a1c8163.png,charlock
gs://seedlings-benchmark-auto-vcm/seedlings1/charlock/ae813adcd.png,charlock
gs://seedlings-benchmark-auto-vcm/seedlings1/charlock/a501dcf4b.png,charlock
gs://seedlings-benchmark-auto-vcm/seedlings1/charlock/c39fea9e3.png,charlock
gs://seedlings-benchmark-auto-vcm/seedlings1/charlock/3e3cb2246.png,charlock
gs://seedlings-benchmark-auto-vcm/seedlings1/charlock/88c2c6f8a.png,charlock
gs://seedlings-benchmark-auto-vcm/seedlings1/charlock/4c19db861.png,charlock
gs://seedlings-benchmark-auto-vcm/seedlings1/charlock/a89ee4eb7.png,charlock
gs://seedlings-benchmark-auto-vcm/seedlings1/charlock/12c18399b.png,charlock
gs://seedlings-benchmark-auto-vcm/seedlings1/charlock/167202290.png,charlock
gs://seedlings-benchmark-auto-vcm/seedlings1/charlock/49a8c3409.png,charlock
gs://seedlings-benchmark-auto-vcm/seedlings1/charlock/1a92d7c2a.png,charlock
gs://seedlings-benchmark-auto-vcm/seedlings1/charlock/e260cb2db.png,charlock
gs://seedlings-benchmark-auto-vcm/seedlings1/charlock/83ac9fba2.png,charlock
gs://seedlings-benchmark-auto-vcm/seedlings1/charlock/88c5a0b11.png,charlock
gs://seedlings-benchmark-auto-vcm/seedlings1/charlock/8df0f80e9.png,charlock
gs://seedlings-benchmark-auto-vcm/seedlings1/charlock/25cab77ab.png,charlock
gs://seedlings-benchmark-auto-vcm/seedlings1/charlock/ffe349114.png,charlock
gs://seedlings-benchmark-auto-vcm/seedlings1/charlock/55d410aca.png,charlock
gs://seedlings-benchmark-auto-vcm/seedlings1/charlock/0b2fba287.png,charlock
gs://seedlings-benchmark-auto-vcm/seedlings1/charlock/c9a504525.png,charlock
gs://seedlings-benchmark-auto-vcm/seedlings1/charlock/78a4d13c5.png,charlock
gs://seedlings-benchmark-auto-vcm/seedlings1/charlock/92209cbd5.png,charlock
gs://seedlings-benchmark-auto-vcm/seedlings1/charlock/b7b28f840.png,charlock
gs://seedlings-benchmark-auto-vcm/seedlings1/charlock/a48a9b71d.png,charlock
gs://seedlings-benchmark-auto-vcm/seedlings1/charlock/caa43063c.png,charlock
gs://seedlings-benchmark-auto-vcm/seedlings1/charlock/4bbc8083f.png,charlock
gs://seedlings-benchmark-auto-vcm/seedlings1/charlock/7f251fb9d.png,charlock
gs://seedlings-benchmark-auto-vcm/seedlings1/charlock/8de73f114.png,charlock
gs://seedlings-benchmark-auto-vcm/seedlings1/charlock/1e808df13.png,charlock
gs://seedlings-benchmark-auto-vcm/seedlings1/charlock/ca8f0f871.png,charlock
gs://seedlings-benchmark-auto-vcm/seedlings1/charlock/8705afe70.png,charlock
gs://seedlings-benchmark-auto-vcm/seedlings1/charlock/ba2e2326d.png,charlock
gs://seedlings-benchmark-auto-vcm/seedlings1/charlock/d8690d738.png,charlock
gs://seedlings-benchmark-auto-vcm/seedlings1/charlock/abb06eb1e.png,charlock
gs://seedlings-benchmark-auto-vcm/seedlings1/charlock/de2cf9517.png,charlock
gs://seedlings-benchmark-auto-vcm/seedlings1/charlock/137c4e78e.png,charlock
gs://seedlings-benchmark-auto-vcm/seedlings1/charlock/a880d32f3.png,charlock
gs://seedlings-benchmark-auto-vcm/seedlings1/charlock/6dd8febb5.png,charlock
gs://seedlings-benchmark-auto-vcm/seedlings1/charlock/5f331f09c.png,charlock
gs://seedlings-benchmark-auto-vcm/seedlings1/charlock/1aae936b7.png,charlock
gs://seedlings-benchmark-auto-vcm/seedlings1/charlock/75dcfc459.png,charlock
gs://seedlings-benchmark-auto-vcm/seedlings1/charlock/6aae02cb3.png,charlock
gs://seedlings-benchmark-auto-vcm/seedlings1/charlock/04098447d.png,charlock
gs://seedlings-benchmark-auto-vcm/seedlings1/charlock/5ca18ec83.png,charlock
gs://seedlings-benchmark-auto-vcm/seedlings1/charlock/8b3f0fba7.png,charlock
gs://seedlings-benchmark-auto-vcm/seedlings1/charlock/f81c60e7b.png,charlock
gs://seedlings-benchmark-auto-vcm/seedlings1/charlock/b87ad78b7.png,charlock
gs://seedlings-benchmark-auto-vcm/seedlings1/charlock/f7edd4688.png,charlock
gs://seedlings-benchmark-auto-vcm/seedlings1/charlock/137d1ed87.png,charlock
gs://seedlings-benchmark-auto-vcm/seedlings1/charlock/75e838f3e.png,charlock
gs://seedlings-benchmark-auto-vcm/seedlings1/charlock/cdbf55495.png,charlock
gs://seedlings-benchmark-auto-vcm/seedlings1/charlock/eeee9e96c.png,charlock
gs://seedlings-benchmark-auto-vcm/seedlings1/charlock/88c8cbb35.png,charlock
gs://seedlings-benchmark-auto-vcm/seedlings1/charlock/fc0a2a9b8.png,charlock
gs://seedlings-benchmark-auto-vcm/seedlings1/charlock/d37702684.png,charlock
gs://seedlings-benchmark-auto-vcm/seedlings1/charlock/5a6794cb7.png,charlock
gs://seedlings-benchmark-auto-vcm/seedlings1/charlock/e795c53c9.png,charlock
gs://seedlings-benchmark-auto-vcm/seedlings1/charlock/b182916bb.png,charlock
gs://seedlings-benchmark-auto-vcm/seedlings1/charlock/bec896ebd.png,charlock
gs://seedlings-benchmark-auto-vcm/seedlings1/charlock/6fb06e7ea.png,charlock
gs://seedlings-benchmark-auto-vcm/seedlings1/charlock/ec205ced8.png,charlock
gs://seedlings-benchmark-auto-vcm/seedlings1/charlock/c7ac56c83.png,charlock
gs://seedlings-benchmark-auto-vcm/seedlings1/charlock/0cf0581b1.png,charlock
gs://seedlings-benchmark-auto-vcm/seedlings1/charlock/bfab71be4.png,charlock
gs://seedlings-benchmark-auto-vcm/seedlings1/charlock/f5672ef15.png,charlock
gs://seedlings-benchmark-auto-vcm/seedlings1/charlock/5c75eae98.png,charlock
gs://seedlings-benchmark-auto-vcm/seedlings1/charlock/0e1627696.png,charlock
gs://seedlings-benchmark-auto-vcm/seedlings1/charlock/5e2a94fb3.png,charlock
gs://seedlings-benchmark-auto-vcm/seedlings1/charlock/7b28fc70e.png,charlock
gs://seedlings-benchmark-auto-vcm/seedlings1/charlock/2fd604008.png,charlock
gs://seedlings-benchmark-auto-vcm/seedlings1/charlock/f0ced8a62.png,charlock
gs://seedlings-benchmark-auto-vcm/seedlings1/charlock/a96c1356b.png,charlock
gs://seedlings-benchmark-auto-vcm/seedlings1/charlock/3e2cf6dc3.png,charlock
gs://seedlings-benchmark-auto-vcm/seedlings1/charlock/084a9cb18.png,charlock
gs://seedlings-benchmark-auto-vcm/seedlings1/charlock/cb142c018.png,charlock
gs://seedlings-benchmark-auto-vcm/seedlings1/charlock/e6918f541.png,charlock
gs://seedlings-benchmark-auto-vcm/seedlings1/charlock/5283b8c96.png,charlock
gs://seedlings-benchmark-auto-vcm/seedlings1/charlock/270209308.png,charlock
gs://seedlings-benchmark-auto-vcm/seedlings1/charlock/7603e9dc8.png,charlock
gs://seedlings-benchmark-auto-vcm/seedlings1/charlock/d8bd75282.png,charlock
gs://seedlings-benchmark-auto-vcm/seedlings1/charlock/69734d263.png,charlock
gs://seedlings-benchmark-auto-vcm/seedlings1/charlock/92184e2d6.png,charlock
gs://seedlings-benchmark-auto-vcm/seedlings1/charlock/2097eebd0.png,charlock
gs://seedlings-benchmark-auto-vcm/seedlings1/charlock/143f07e0d.png,charlock
gs://seedlings-benchmark-auto-vcm/seedlings1/charlock/99a661104.png,charlock
gs://seedlings-benchmark-auto-vcm/seedlings1/charlock/10d884885.png,charlock
gs://seedlings-benchmark-auto-vcm/seedlings1/charlock/307dcba5f.png,charlock
gs://seedlings-benchmark-auto-vcm/seedlings1/charlock/8dd1dbca2.png,charlock
gs://seedlings-benchmark-auto-vcm/seedlings1/charlock/1d9676402.png,charlock
gs://seedlings-benchmark-auto-vcm/seedlings1/charlock/65ea4e47c.png,charlock
gs://seedlings-benchmark-auto-vcm/seedlings1/charlock/e28fd1de4.png,charlock
gs://seedlings-benchmark-auto-vcm/seedlings1/charlock/66815e7fd.png,charlock
gs://seedlings-benchmark-auto-vcm/seedlings1/charlock/afba2f2ad.png,charlock
gs://seedlings-benchmark-auto-vcm/seedlings1/charlock/42203bff1.png,charlock
gs://seedlings-benchmark-auto-vcm/seedlings1/charlock/8194b5c6a.png,charlock
gs://seedlings-benchmark-auto-vcm/seedlings1/charlock/d2f07f3af.png,charlock
gs://seedlings-benchmark-auto-vcm/seedlings1/charlock/6a3339ef1.png,charlock
gs://seedlings-benchmark-auto-vcm/seedlings1/charlock/692e2c6f0.png,charlock
gs://seedlings-benchmark-auto-vcm/seedlings1/charlock/30a669574.png,charlock
gs://seedlings-benchmark-auto-vcm/seedlings1/charlock/eda5cd97f.png,charlock
gs://seedlings-benchmark-auto-vcm/seedlings1/charlock/ba2cfd858.png,charlock
gs://seedlings-benchmark-auto-vcm/seedlings1/charlock/0edcd02cd.png,charlock
gs://seedlings-benchmark-auto-vcm/seedlings1/charlock/e80aaab6b.png,charlock
gs://seedlings-benchmark-auto-vcm/seedlings1/charlock/de0e95661.png,charlock
gs://seedlings-benchmark-auto-vcm/seedlings1/charlock/d8da05d11.png,charlock
gs://seedlings-benchmark-auto-vcm/seedlings1/charlock/7be37a159.png,charlock
gs://seedlings-benchmark-auto-vcm/seedlings1/charlock/6a84bdf5f.png,charlock
gs://seedlings-benchmark-auto-vcm/seedlings1/charlock/3d957e19d.png,charlock
gs://seedlings-benchmark-auto-vcm/seedlings1/charlock/9d7f4d92c.png,charlock
gs://seedlings-benchmark-auto-vcm/seedlings1/charlock/c07c67078.png,charlock
gs://seedlings-benchmark-auto-vcm/seedlings1/charlock/85637dbdc.png,charlock
gs://seedlings-benchmark-auto-vcm/seedlings1/charlock/3ac96f88f.png,charlock
gs://seedlings-benchmark-auto-vcm/seedlings1/charlock/c842c829b.png,charlock
gs://seedlings-benchmark-auto-vcm/seedlings1/charlock/b53281833.png,charlock
gs://seedlings-benchmark-auto-vcm/seedlings1/charlock/36fad6f5d.png,charlock
gs://seedlings-benchmark-auto-vcm/seedlings1/charlock/b1b089347.png,charlock
gs://seedlings-benchmark-auto-vcm/seedlings1/charlock/20b955bc3.png,charlock
gs://seedlings-benchmark-auto-vcm/seedlings1/charlock/e84b5ba79.png,charlock
gs://seedlings-benchmark-auto-vcm/seedlings1/charlock/ddf0958d2.png,charlock
gs://seedlings-benchmark-auto-vcm/seedlings1/charlock/fd5021432.png,charlock
gs://seedlings-benchmark-auto-vcm/seedlings1/charlock/0a7e1ca41.png,charlock
gs://seedlings-benchmark-auto-vcm/seedlings1/charlock/410598462.png,charlock
gs://seedlings-benchmark-auto-vcm/seedlings1/charlock/0c4a435c7.png,charlock
gs://seedlings-benchmark-auto-vcm/seedlings1/charlock/02c95e601.png,charlock
gs://seedlings-benchmark-auto-vcm/seedlings1/charlock/db96c0bab.png,charlock
gs://seedlings-benchmark-auto-vcm/seedlings1/charlock/022179d65.png,charlock
gs://seedlings-benchmark-auto-vcm/seedlings1/charlock/6e891673a.png,charlock
gs://seedlings-benchmark-auto-vcm/seedlings1/charlock/3c75e7d79.png,charlock
gs://seedlings-benchmark-auto-vcm/seedlings1/charlock/0b3167af8.png,charlock
gs://seedlings-benchmark-auto-vcm/seedlings1/charlock/ca1aaeb27.png,charlock
gs://seedlings-benchmark-auto-vcm/seedlings1/charlock/503bc583a.png,charlock
gs://seedlings-benchmark-auto-vcm/seedlings1/charlock/9c55fa55a.png,charlock
gs://seedlings-benchmark-auto-vcm/seedlings1/charlock/48ca70ed5.png,charlock
gs://seedlings-benchmark-auto-vcm/seedlings1/charlock/73ddcfa90.png,charlock
gs://seedlings-benchmark-auto-vcm/seedlings1/charlock/ec84cacfe.png,charlock
gs://seedlings-benchmark-auto-vcm/seedlings1/charlock/2d9af457e.png,charlock
gs://seedlings-benchmark-auto-vcm/seedlings1/charlock/c291766ce.png,charlock
gs://seedlings-benchmark-auto-vcm/seedlings1/charlock/1f6df012f.png,charlock
gs://seedlings-benchmark-auto-vcm/seedlings1/charlock/1b534df5b.png,charlock
gs://seedlings-benchmark-auto-vcm/seedlings1/charlock/5ecc28145.png,charlock
gs://seedlings-benchmark-auto-vcm/seedlings1/charlock/961517fac.png,charlock
gs://seedlings-benchmark-auto-vcm/seedlings1/charlock/671b2d4eb.png,charlock
gs://seedlings-benchmark-auto-vcm/seedlings1/charlock/157ade042.png,charlock
gs://seedlings-benchmark-auto-vcm/seedlings1/charlock/0d5f555a3.png,charlock
gs://seedlings-benchmark-auto-vcm/seedlings1/charlock/90faa7ccd.png,charlock
gs://seedlings-benchmark-auto-vcm/seedlings1/charlock/846db9b8a.png,charlock
gs://seedlings-benchmark-auto-vcm/seedlings1/charlock/168982d9c.png,charlock
gs://seedlings-benchmark-auto-vcm/seedlings1/charlock/67e37de9b.png,charlock
gs://seedlings-benchmark-auto-vcm/seedlings1/charlock/adc0ca647.png,charlock
gs://seedlings-benchmark-auto-vcm/seedlings1/charlock/34ada5879.png,charlock
gs://seedlings-benchmark-auto-vcm/seedlings1/charlock/9ae330eda.png,charlock
gs://seedlings-benchmark-auto-vcm/seedlings1/charlock/7ed1aa0b2.png,charlock
gs://seedlings-benchmark-auto-vcm/seedlings1/charlock/8d16914a3.png,charlock
gs://seedlings-benchmark-auto-vcm/seedlings1/charlock/81be6d02f.png,charlock
gs://seedlings-benchmark-auto-vcm/seedlings1/charlock/fc584691c.png,charlock
gs://seedlings-benchmark-auto-vcm/seedlings1/charlock/43b607981.png,charlock
gs://seedlings-benchmark-auto-vcm/seedlings1/charlock/bacbdf153.png,charlock
gs://seedlings-benchmark-auto-vcm/seedlings1/charlock/638267ce4.png,charlock
gs://seedlings-benchmark-auto-vcm/seedlings1/charlock/7249f8ad5.png,charlock
gs://seedlings-benchmark-auto-vcm/seedlings1/charlock/08fcc43a7.png,charlock
gs://seedlings-benchmark-auto-vcm/seedlings1/charlock/78fc2ef58.png,charlock
gs://seedlings-benchmark-auto-vcm/seedlings1/charlock/ea31723d5.png,charlock
gs://seedlings-benchmark-auto-vcm/seedlings1/charlock/69ee68f42.png,charlock
gs://seedlings-benchmark-auto-vcm/seedlings1/charlock/145635854.png,charlock
gs://seedlings-benchmark-auto-vcm/seedlings1/charlock/6a0d339e2.png,charlock
gs://seedlings-benchmark-auto-vcm/seedlings1/charlock/ae5116f62.png,charlock
gs://seedlings-benchmark-auto-vcm/seedlings1/charlock/7427b0007.png,charlock
gs://seedlings-benchmark-auto-vcm/seedlings1/charlock/730875fd4.png,charlock
gs://seedlings-benchmark-auto-vcm/seedlings1/charlock/d633facf4.png,charlock
gs://seedlings-benchmark-auto-vcm/seedlings1/charlock/67af4b8ca.png,charlock
gs://seedlings-benchmark-auto-vcm/seedlings1/charlock/0dba71eba.png,charlock
gs://seedlings-benchmark-auto-vcm/seedlings1/charlock/df586ac63.png,charlock
gs://seedlings-benchmark-auto-vcm/seedlings1/charlock/7a766307c.png,charlock
gs://seedlings-benchmark-auto-vcm/seedlings1/charlock/1fb63feb5.png,charlock
gs://seedlings-benchmark-auto-vcm/seedlings1/charlock/7cfc5943e.png,charlock
gs://seedlings-benchmark-auto-vcm/seedlings1/charlock/e5868b452.png,charlock
gs://seedlings-benchmark-auto-vcm/seedlings1/charlock/35e06a98d.png,charlock
gs://seedlings-benchmark-auto-vcm/seedlings1/charlock/c397b8d1a.png,charlock
gs://seedlings-benchmark-auto-vcm/seedlings1/charlock/3d32fbf63.png,charlock
gs://seedlings-benchmark-auto-vcm/seedlings1/charlock/63a3d8fa0.png,charlock
gs://seedlings-benchmark-auto-vcm/seedlings1/charlock/66e9a00b7.png,charlock
gs://seedlings-benchmark-auto-vcm/seedlings1/charlock/3b2ae0151.png,charlock
gs://seedlings-benchmark-auto-vcm/seedlings1/charlock/d31803377.png,charlock
gs://seedlings-benchmark-auto-vcm/seedlings1/charlock/d9de67550.png,charlock
gs://seedlings-benchmark-auto-vcm/seedlings1/charlock/ec615729c.png,charlock
gs://seedlings-benchmark-auto-vcm/seedlings1/charlock/562ff38ac.png,charlock
gs://seedlings-benchmark-auto-vcm/seedlings1/charlock/17fa6cd9c.png,charlock
gs://seedlings-benchmark-auto-vcm/seedlings1/charlock/a7a3c2a2f.png,charlock
gs://seedlings-benchmark-auto-vcm/seedlings1/charlock/5d820b1cb.png,charlock
gs://seedlings-benchmark-auto-vcm/seedlings1/charlock/eeee1a97b.png,charlock
gs://seedlings-benchmark-auto-vcm/seedlings1/charlock/fd3e62689.png,charlock
gs://seedlings-benchmark-auto-vcm/seedlings1/charlock/b207ff8b2.png,charlock
gs://seedlings-benchmark-auto-vcm/seedlings1/charlock/72f587775.png,charlock
gs://seedlings-benchmark-auto-vcm/seedlings1/charlock/f9a6d5127.png,charlock
gs://seedlings-benchmark-auto-vcm/seedlings1/charlock/d04eff450.png,charlock
gs://seedlings-benchmark-auto-vcm/seedlings1/charlock/fca3c13ca.png,charlock
gs://seedlings-benchmark-auto-vcm/seedlings1/charlock/57b972eb5.png,charlock
gs://seedlings-benchmark-auto-vcm/seedlings1/charlock/9ffcb543c.png,charlock
gs://seedlings-benchmark-auto-vcm/seedlings1/charlock/523c4c9dd.png,charlock
gs://seedlings-benchmark-auto-vcm/seedlings1/charlock/ee111c2ae.png,charlock
gs://seedlings-benchmark-auto-vcm/seedlings1/charlock/a7f1b995f.png,charlock
gs://seedlings-benchmark-auto-vcm/seedlings1/charlock/74dc2a5ae.png,charlock
gs://seedlings-benchmark-auto-vcm/seedlings1/charlock/a51f29e7d.png,charlock
gs://seedlings-benchmark-auto-vcm/seedlings1/charlock/6b0964b5e.png,charlock
gs://seedlings-benchmark-auto-vcm/seedlings1/charlock/c61d3ee3c.png,charlock
gs://seedlings-benchmark-auto-vcm/seedlings1/charlock/f193af8d4.png,charlock
gs://seedlings-benchmark-auto-vcm/seedlings1/charlock/f0a9c3b66.png,charlock
gs://seedlings-benchmark-auto-vcm/seedlings1/charlock/1639ed813.png,charlock
gs://seedlings-benchmark-auto-vcm/seedlings1/charlock/6a23010e3.png,charlock
gs://seedlings-benchmark-auto-vcm/seedlings1/charlock/2f75f171e.png,charlock
gs://seedlings-benchmark-auto-vcm/seedlings1/charlock/9cdf5eb74.png,charlock
gs://seedlings-benchmark-auto-vcm/seedlings1/charlock/d1b362c43.png,charlock
gs://seedlings-benchmark-auto-vcm/seedlings1/charlock/cf04964e6.png,charlock
gs://seedlings-benchmark-auto-vcm/seedlings1/charlock/dccc5c0a7.png,charlock
gs://seedlings-benchmark-auto-vcm/seedlings1/charlock/dc20df305.png,charlock
gs://seedlings-benchmark-auto-vcm/seedlings1/charlock/d733b32d8.png,charlock
gs://seedlings-benchmark-auto-vcm/seedlings1/charlock/1b8281227.png,charlock
gs://seedlings-benchmark-auto-vcm/seedlings1/charlock/8194f9c87.png,charlock
gs://seedlings-benchmark-auto-vcm/seedlings1/charlock/b10562f56.png,charlock
gs://seedlings-benchmark-auto-vcm/seedlings1/charlock/95d959662.png,charlock
gs://seedlings-benchmark-auto-vcm/seedlings1/charlock/79e819019.png,charlock
gs://seedlings-benchmark-auto-vcm/seedlings1/charlock/bde26ebbb.png,charlock
gs://seedlings-benchmark-auto-vcm/seedlings1/charlock/84281dd7c.png,charlock
gs://seedlings-benchmark-auto-vcm/seedlings1/charlock/40ae56209.png,charlock
gs://seedlings-benchmark-auto-vcm/seedlings1/charlock/dfb3d9a79.png,charlock
gs://seedlings-benchmark-auto-vcm/seedlings1/charlock/c8b44af53.png,charlock
gs://seedlings-benchmark-auto-vcm/seedlings1/charlock/a6e31acae.png,charlock
gs://seedlings-benchmark-auto-vcm/seedlings1/charlock/4e4234576.png,charlock
gs://seedlings-benchmark-auto-vcm/seedlings1/charlock/dd021836c.png,charlock
gs://seedlings-benchmark-auto-vcm/seedlings1/charlock/ead0df392.png,charlock
gs://seedlings-benchmark-auto-vcm/seedlings1/charlock/f1f9ab9b0.png,charlock
gs://seedlings-benchmark-auto-vcm/seedlings1/charlock/90981bf00.png,charlock
gs://seedlings-benchmark-auto-vcm/seedlings1/charlock/412966c74.png,charlock
gs://seedlings-benchmark-auto-vcm/seedlings1/charlock/8cc7a03c6.png,charlock
gs://seedlings-benchmark-auto-vcm/seedlings1/charlock/a5470a35a.png,charlock
gs://seedlings-benchmark-auto-vcm/seedlings1/charlock/e71a5f489.png,charlock
gs://seedlings-benchmark-auto-vcm/seedlings1/charlock/3b8b3e7be.png,charlock
gs://seedlings-benchmark-auto-vcm/seedlings1/charlock/6ed6398a3.png,charlock
gs://seedlings-benchmark-auto-vcm/seedlings1/charlock/bef36ff4f.png,charlock
gs://seedlings-benchmark-auto-vcm/seedlings1/charlock/c5cca5955.png,charlock
gs://seedlings-benchmark-auto-vcm/seedlings1/charlock/4cf7fd2d0.png,charlock
gs://seedlings-benchmark-auto-vcm/seedlings1/charlock/ddcc7d9bf.png,charlock
gs://seedlings-benchmark-auto-vcm/seedlings1/charlock/b5b065c02.png,charlock
gs://seedlings-benchmark-auto-vcm/seedlings1/charlock/89b84d6e9.png,charlock
gs://seedlings-benchmark-auto-vcm/seedlings1/charlock/fc3e15a2e.png,charlock
gs://seedlings-benchmark-auto-vcm/seedlings1/charlock/c836af21e.png,charlock
gs://seedlings-benchmark-auto-vcm/seedlings1/charlock/04142acb9.png,charlock
gs://seedlings-benchmark-auto-vcm/seedlings1/charlock/6a773e6f5.png,charlock
gs://seedlings-benchmark-auto-vcm/seedlings1/charlock/6fa73fdf6.png,charlock
gs://seedlings-benchmark-auto-vcm/seedlings1/charlock/b50f12de9.png,charlock
gs://seedlings-benchmark-auto-vcm/seedlings1/charlock/f11e74453.png,charlock
gs://seedlings-benchmark-auto-vcm/seedlings1/charlock/d5f629eb0.png,charlock
gs://seedlings-benchmark-auto-vcm/seedlings1/charlock/da2aa8585.png,charlock
gs://seedlings-benchmark-auto-vcm/seedlings1/charlock/6266112a8.png,charlock
gs://seedlings-benchmark-auto-vcm/seedlings1/charlock/89b586174.png,charlock
gs://seedlings-benchmark-auto-vcm/seedlings1/charlock/87168f1c7.png,charlock
gs://seedlings-benchmark-auto-vcm/seedlings1/charlock/60d99c56c.png,charlock
gs://seedlings-benchmark-auto-vcm/seedlings1/charlock/363fbba0d.png,charlock
gs://seedlings-benchmark-auto-vcm/seedlings1/charlock/c6368b901.png,charlock
gs://seedlings-benchmark-auto-vcm/seedlings1/charlock/ea0751e51.png,charlock
gs://seedlings-benchmark-auto-vcm/seedlings1/charlock/0fa930fa9.png,charlock
gs://seedlings-benchmark-auto-vcm/seedlings1/charlock/5883bf7ce.png,charlock
gs://seedlings-benchmark-auto-vcm/seedlings1/charlock/23bf27e1f.png,charlock
gs://seedlings-benchmark-auto-vcm/seedlings1/charlock/f5eec02cf.png,charlock
gs://seedlings-benchmark-auto-vcm/seedlings1/charlock/921ef57b0.png,charlock
gs://seedlings-benchmark-auto-vcm/seedlings1/charlock/4537042f3.png,charlock
gs://seedlings-benchmark-auto-vcm/seedlings1/charlock/efdd9e2ea.png,charlock
gs://seedlings-benchmark-auto-vcm/seedlings1/charlock/ae66022e7.png,charlock
gs://seedlings-benchmark-auto-vcm/seedlings1/charlock/7f6d9ef11.png,charlock
gs://seedlings-benchmark-auto-vcm/seedlings1/charlock/526a7944e.png,charlock
gs://seedlings-benchmark-auto-vcm/seedlings1/charlock/5841a3656.png,charlock
gs://seedlings-benchmark-auto-vcm/seedlings1/charlock/903fff84f.png,charlock
gs://seedlings-benchmark-auto-vcm/seedlings1/charlock/781470a54.png,charlock
gs://seedlings-benchmark-auto-vcm/seedlings1/charlock/566cd15f1.png,charlock
gs://seedlings-benchmark-auto-vcm/seedlings1/charlock/385a498a1.png,charlock
gs://seedlings-benchmark-auto-vcm/seedlings1/charlock/ddb90e66a.png,charlock
gs://seedlings-benchmark-auto-vcm/seedlings1/charlock/982f40990.png,charlock
gs://seedlings-benchmark-auto-vcm/seedlings1/charlock/6c64e78b5.png,charlock
gs://seedlings-benchmark-auto-vcm/seedlings1/charlock/4e0cef11d.png,charlock
gs://seedlings-benchmark-auto-vcm/seedlings1/charlock/c9601d3ab.png,charlock
gs://seedlings-benchmark-auto-vcm/seedlings1/charlock/299c79409.png,charlock
gs://seedlings-benchmark-auto-vcm/seedlings1/charlock/84e4249ae.png,charlock
gs://seedlings-benchmark-auto-vcm/seedlings1/charlock/9f24b0c83.png,charlock
gs://seedlings-benchmark-auto-vcm/seedlings1/charlock/d5b30d4d2.png,charlock
gs://seedlings-benchmark-auto-vcm/seedlings1/charlock/819cf3a32.png,charlock
gs://seedlings-benchmark-auto-vcm/seedlings1/charlock/8f4d248bd.png,charlock
gs://seedlings-benchmark-auto-vcm/seedlings1/charlock/51b461a5e.png,charlock
gs://seedlings-benchmark-auto-vcm/seedlings1/charlock/78c15e337.png,charlock
gs://seedlings-benchmark-auto-vcm/seedlings1/charlock/a1f862ba9.png,charlock
gs://seedlings-benchmark-auto-vcm/seedlings1/charlock/bdc8e6025.png,charlock
gs://seedlings-benchmark-auto-vcm/seedlings1/charlock/476068dcb.png,charlock
gs://seedlings-benchmark-auto-vcm/seedlings1/charlock/11185184a.png,charlock
gs://seedlings-benchmark-auto-vcm/seedlings1/charlock/9b419387b.png,charlock
gs://seedlings-benchmark-auto-vcm/seedlings1/charlock/b10fcd298.png,charlock
gs://seedlings-benchmark-auto-vcm/seedlings1/charlock/99f80eb00.png,charlock
gs://seedlings-benchmark-auto-vcm/seedlings1/charlock/5db43df54.png,charlock
gs://seedlings-benchmark-auto-vcm/seedlings1/charlock/75ae3b231.png,charlock
gs://seedlings-benchmark-auto-vcm/seedlings1/charlock/f340a3378.png,charlock
gs://seedlings-benchmark-auto-vcm/seedlings1/charlock/8b35222d0.png,charlock
gs://seedlings-benchmark-auto-vcm/seedlings1/charlock/fe98d5e24.png,charlock
gs://seedlings-benchmark-auto-vcm/seedlings1/charlock/ed260e354.png,charlock
gs://seedlings-benchmark-auto-vcm/seedlings1/charlock/a30113dfc.png,charlock
gs://seedlings-benchmark-auto-vcm/seedlings1/charlock/654bb174e.png,charlock
gs://seedlings-benchmark-auto-vcm/seedlings1/charlock/0f951d51e.png,charlock
gs://seedlings-benchmark-auto-vcm/seedlings1/charlock/1716acd53.png,charlock
gs://seedlings-benchmark-auto-vcm/seedlings1/charlock/d3228543a.png,charlock
gs://seedlings-benchmark-auto-vcm/seedlings1/charlock/a631f152b.png,charlock
gs://seedlings-benchmark-auto-vcm/seedlings1/charlock/17199b5a7.png,charlock
gs://seedlings-benchmark-auto-vcm/seedlings1/charlock/1876d091f.png,charlock
gs://seedlings-benchmark-auto-vcm/seedlings1/charlock/704e5bf0a.png,charlock
gs://seedlings-benchmark-auto-vcm/seedlings1/charlock/5b8301d7f.png,charlock
gs://seedlings-benchmark-auto-vcm/seedlings1/charlock/eb9d116cf.png,charlock
gs://seedlings-benchmark-auto-vcm/seedlings1/charlock/d9d4e0305.png,charlock
gs://seedlings-benchmark-auto-vcm/seedlings1/charlock/3981b625f.png,charlock
gs://seedlings-benchmark-auto-vcm/seedlings1/charlock/ae00ed5e0.png,charlock
gs://seedlings-benchmark-auto-vcm/seedlings1/charlock/200589bf2.png,charlock
gs://seedlings-benchmark-auto-vcm/seedlings1/charlock/1b31ec656.png,charlock
gs://seedlings-benchmark-auto-vcm/seedlings1/charlock/16d4e0dd3.png,charlock
gs://seedlings-benchmark-auto-vcm/seedlings1/charlock/94af3e45a.png,charlock
gs://seedlings-benchmark-auto-vcm/seedlings1/charlock/7d16f8f00.png,charlock
gs://seedlings-benchmark-auto-vcm/seedlings1/charlock/ec48facfa.png,charlock
