gs://seedlings-benchmark-auto-vcm/seedlings1/chickweed/34455bf75.png,chickweed
gs://seedlings-benchmark-auto-vcm/seedlings1/chickweed/151a67732.png,chickweed
gs://seedlings-benchmark-auto-vcm/seedlings1/chickweed/78836bb95.png,chickweed
gs://seedlings-benchmark-auto-vcm/seedlings1/chickweed/985eb4e09.png,chickweed
gs://seedlings-benchmark-auto-vcm/seedlings1/chickweed/1e21aff50.png,chickweed
gs://seedlings-benchmark-auto-vcm/seedlings1/chickweed/18757e215.png,chickweed
gs://seedlings-benchmark-auto-vcm/seedlings1/chickweed/10c956c81.png,chickweed
gs://seedlings-benchmark-auto-vcm/seedlings1/chickweed/085df38fb.png,chickweed
gs://seedlings-benchmark-auto-vcm/seedlings1/chickweed/518787d0b.png,chickweed
gs://seedlings-benchmark-auto-vcm/seedlings1/chickweed/990f7310e.png,chickweed
gs://seedlings-benchmark-auto-vcm/seedlings1/chickweed/672d71ed0.png,chickweed
gs://seedlings-benchmark-auto-vcm/seedlings1/chickweed/ef9e034f0.png,chickweed
gs://seedlings-benchmark-auto-vcm/seedlings1/chickweed/326192149.png,chickweed
gs://seedlings-benchmark-auto-vcm/seedlings1/chickweed/4adc3cf32.png,chickweed
gs://seedlings-benchmark-auto-vcm/seedlings1/chickweed/6e64646e7.png,chickweed
gs://seedlings-benchmark-auto-vcm/seedlings1/chickweed/caae3c376.png,chickweed
gs://seedlings-benchmark-auto-vcm/seedlings1/chickweed/146feb316.png,chickweed
gs://seedlings-benchmark-auto-vcm/seedlings1/chickweed/22f1fd645.png,chickweed
gs://seedlings-benchmark-auto-vcm/seedlings1/chickweed/b9f4cec11.png,chickweed
gs://seedlings-benchmark-auto-vcm/seedlings1/chickweed/0907487ed.png,chickweed
gs://seedlings-benchmark-auto-vcm/seedlings1/chickweed/5713630ed.png,chickweed
gs://seedlings-benchmark-auto-vcm/seedlings1/chickweed/4b33a6880.png,chickweed
gs://seedlings-benchmark-auto-vcm/seedlings1/chickweed/4cc8e1334.png,chickweed
gs://seedlings-benchmark-auto-vcm/seedlings1/chickweed/6ab3f3bf8.png,chickweed
gs://seedlings-benchmark-auto-vcm/seedlings1/chickweed/036eca712.png,chickweed
gs://seedlings-benchmark-auto-vcm/seedlings1/chickweed/c6cf113bc.png,chickweed
gs://seedlings-benchmark-auto-vcm/seedlings1/chickweed/dfa83c1d5.png,chickweed
gs://seedlings-benchmark-auto-vcm/seedlings1/chickweed/05675900a.png,chickweed
gs://seedlings-benchmark-auto-vcm/seedlings1/chickweed/82525f45c.png,chickweed
gs://seedlings-benchmark-auto-vcm/seedlings1/chickweed/7ec5a6226.png,chickweed
gs://seedlings-benchmark-auto-vcm/seedlings1/chickweed/3f5dfb308.png,chickweed
gs://seedlings-benchmark-auto-vcm/seedlings1/chickweed/b4bf76e9f.png,chickweed
gs://seedlings-benchmark-auto-vcm/seedlings1/chickweed/0a8227413.png,chickweed
gs://seedlings-benchmark-auto-vcm/seedlings1/chickweed/4426efc94.png,chickweed
gs://seedlings-benchmark-auto-vcm/seedlings1/chickweed/dfc7cb278.png,chickweed
gs://seedlings-benchmark-auto-vcm/seedlings1/chickweed/0965e0741.png,chickweed
gs://seedlings-benchmark-auto-vcm/seedlings1/chickweed/d7c27119a.png,chickweed
gs://seedlings-benchmark-auto-vcm/seedlings1/chickweed/ad2df5fa3.png,chickweed
gs://seedlings-benchmark-auto-vcm/seedlings1/chickweed/66c7f42fb.png,chickweed
gs://seedlings-benchmark-auto-vcm/seedlings1/chickweed/eac94830d.png,chickweed
gs://seedlings-benchmark-auto-vcm/seedlings1/chickweed/ddbd81175.png,chickweed
gs://seedlings-benchmark-auto-vcm/seedlings1/chickweed/2625375c8.png,chickweed
gs://seedlings-benchmark-auto-vcm/seedlings1/chickweed/ee30999d4.png,chickweed
gs://seedlings-benchmark-auto-vcm/seedlings1/chickweed/1efb03a94.png,chickweed
gs://seedlings-benchmark-auto-vcm/seedlings1/chickweed/0f872f09e.png,chickweed
gs://seedlings-benchmark-auto-vcm/seedlings1/chickweed/51122ffd7.png,chickweed
gs://seedlings-benchmark-auto-vcm/seedlings1/chickweed/eebe14887.png,chickweed
gs://seedlings-benchmark-auto-vcm/seedlings1/chickweed/cffd34ae2.png,chickweed
gs://seedlings-benchmark-auto-vcm/seedlings1/chickweed/3e85b8e5c.png,chickweed
gs://seedlings-benchmark-auto-vcm/seedlings1/chickweed/b8e6c7b66.png,chickweed
gs://seedlings-benchmark-auto-vcm/seedlings1/chickweed/16f17c7d1.png,chickweed
gs://seedlings-benchmark-auto-vcm/seedlings1/chickweed/520224ad0.png,chickweed
gs://seedlings-benchmark-auto-vcm/seedlings1/chickweed/56a3e134b.png,chickweed
gs://seedlings-benchmark-auto-vcm/seedlings1/chickweed/4dad46a5a.png,chickweed
gs://seedlings-benchmark-auto-vcm/seedlings1/chickweed/169afb6aa.png,chickweed
gs://seedlings-benchmark-auto-vcm/seedlings1/chickweed/85942cd42.png,chickweed
gs://seedlings-benchmark-auto-vcm/seedlings1/chickweed/fcceab9ee.png,chickweed
gs://seedlings-benchmark-auto-vcm/seedlings1/chickweed/a5b9d84a3.png,chickweed
gs://seedlings-benchmark-auto-vcm/seedlings1/chickweed/793d8f855.png,chickweed
gs://seedlings-benchmark-auto-vcm/seedlings1/chickweed/8a66600c0.png,chickweed
gs://seedlings-benchmark-auto-vcm/seedlings1/chickweed/f1ed58cdb.png,chickweed
gs://seedlings-benchmark-auto-vcm/seedlings1/chickweed/c9d5d691e.png,chickweed
gs://seedlings-benchmark-auto-vcm/seedlings1/chickweed/db4775157.png,chickweed
gs://seedlings-benchmark-auto-vcm/seedlings1/chickweed/bcf088ff7.png,chickweed
gs://seedlings-benchmark-auto-vcm/seedlings1/chickweed/24a0d8df6.png,chickweed
gs://seedlings-benchmark-auto-vcm/seedlings1/chickweed/306e7dbd9.png,chickweed
gs://seedlings-benchmark-auto-vcm/seedlings1/chickweed/6b392ca91.png,chickweed
gs://seedlings-benchmark-auto-vcm/seedlings1/chickweed/532228e34.png,chickweed
gs://seedlings-benchmark-auto-vcm/seedlings1/chickweed/486885e8d.png,chickweed
gs://seedlings-benchmark-auto-vcm/seedlings1/chickweed/41140fa6a.png,chickweed
gs://seedlings-benchmark-auto-vcm/seedlings1/chickweed/2241265bb.png,chickweed
gs://seedlings-benchmark-auto-vcm/seedlings1/chickweed/6abbe7528.png,chickweed
gs://seedlings-benchmark-auto-vcm/seedlings1/chickweed/672982f1f.png,chickweed
gs://seedlings-benchmark-auto-vcm/seedlings1/chickweed/61e613144.png,chickweed
gs://seedlings-benchmark-auto-vcm/seedlings1/chickweed/7723b22fe.png,chickweed
gs://seedlings-benchmark-auto-vcm/seedlings1/chickweed/98f407d78.png,chickweed
gs://seedlings-benchmark-auto-vcm/seedlings1/chickweed/b116fabdd.png,chickweed
gs://seedlings-benchmark-auto-vcm/seedlings1/chickweed/0f390ed98.png,chickweed
gs://seedlings-benchmark-auto-vcm/seedlings1/chickweed/6a7ea6097.png,chickweed
gs://seedlings-benchmark-auto-vcm/seedlings1/chickweed/983aed879.png,chickweed
gs://seedlings-benchmark-auto-vcm/seedlings1/chickweed/15ff4b029.png,chickweed
gs://seedlings-benchmark-auto-vcm/seedlings1/chickweed/e44eed3d0.png,chickweed
gs://seedlings-benchmark-auto-vcm/seedlings1/chickweed/5fc9fac58.png,chickweed
gs://seedlings-benchmark-auto-vcm/seedlings1/chickweed/f18f2ca04.png,chickweed
gs://seedlings-benchmark-auto-vcm/seedlings1/chickweed/43e643775.png,chickweed
gs://seedlings-benchmark-auto-vcm/seedlings1/chickweed/02ad544a4.png,chickweed
gs://seedlings-benchmark-auto-vcm/seedlings1/chickweed/77b53a29c.png,chickweed
gs://seedlings-benchmark-auto-vcm/seedlings1/chickweed/b53c5ac08.png,chickweed
gs://seedlings-benchmark-auto-vcm/seedlings1/chickweed/00b6eee9f.png,chickweed
gs://seedlings-benchmark-auto-vcm/seedlings1/chickweed/168b7d0ec.png,chickweed
gs://seedlings-benchmark-auto-vcm/seedlings1/chickweed/2d131b7e6.png,chickweed
gs://seedlings-benchmark-auto-vcm/seedlings1/chickweed/c908a478e.png,chickweed
gs://seedlings-benchmark-auto-vcm/seedlings1/chickweed/bd4565df5.png,chickweed
gs://seedlings-benchmark-auto-vcm/seedlings1/chickweed/cba7f2307.png,chickweed
gs://seedlings-benchmark-auto-vcm/seedlings1/chickweed/e7aca715c.png,chickweed
gs://seedlings-benchmark-auto-vcm/seedlings1/chickweed/27d08b6f9.png,chickweed
gs://seedlings-benchmark-auto-vcm/seedlings1/chickweed/5139b104e.png,chickweed
gs://seedlings-benchmark-auto-vcm/seedlings1/chickweed/1b32b40d8.png,chickweed
gs://seedlings-benchmark-auto-vcm/seedlings1/chickweed/a6d54c45c.png,chickweed
gs://seedlings-benchmark-auto-vcm/seedlings1/chickweed/04526c399.png,chickweed
gs://seedlings-benchmark-auto-vcm/seedlings1/chickweed/3cc8e571f.png,chickweed
gs://seedlings-benchmark-auto-vcm/seedlings1/chickweed/e3f88fcde.png,chickweed
gs://seedlings-benchmark-auto-vcm/seedlings1/chickweed/dc467ebaa.png,chickweed
gs://seedlings-benchmark-auto-vcm/seedlings1/chickweed/23686333f.png,chickweed
gs://seedlings-benchmark-auto-vcm/seedlings1/chickweed/f956911a6.png,chickweed
gs://seedlings-benchmark-auto-vcm/seedlings1/chickweed/7b177457d.png,chickweed
gs://seedlings-benchmark-auto-vcm/seedlings1/chickweed/f69475d12.png,chickweed
gs://seedlings-benchmark-auto-vcm/seedlings1/chickweed/50659ebe2.png,chickweed
gs://seedlings-benchmark-auto-vcm/seedlings1/chickweed/137dad5ef.png,chickweed
gs://seedlings-benchmark-auto-vcm/seedlings1/chickweed/b0b543038.png,chickweed
gs://seedlings-benchmark-auto-vcm/seedlings1/chickweed/77990844c.png,chickweed
gs://seedlings-benchmark-auto-vcm/seedlings1/chickweed/4f9359d80.png,chickweed
gs://seedlings-benchmark-auto-vcm/seedlings1/chickweed/f84bd627e.png,chickweed
gs://seedlings-benchmark-auto-vcm/seedlings1/chickweed/9ad3aa199.png,chickweed
gs://seedlings-benchmark-auto-vcm/seedlings1/chickweed/8422af10c.png,chickweed
gs://seedlings-benchmark-auto-vcm/seedlings1/chickweed/2caa226b8.png,chickweed
gs://seedlings-benchmark-auto-vcm/seedlings1/chickweed/e686b7cb2.png,chickweed
gs://seedlings-benchmark-auto-vcm/seedlings1/chickweed/8a2539acf.png,chickweed
gs://seedlings-benchmark-auto-vcm/seedlings1/chickweed/56f69db16.png,chickweed
gs://seedlings-benchmark-auto-vcm/seedlings1/chickweed/9204a01d8.png,chickweed
gs://seedlings-benchmark-auto-vcm/seedlings1/chickweed/ae7415e25.png,chickweed
gs://seedlings-benchmark-auto-vcm/seedlings1/chickweed/6cc932059.png,chickweed
gs://seedlings-benchmark-auto-vcm/seedlings1/chickweed/019c3bbea.png,chickweed
gs://seedlings-benchmark-auto-vcm/seedlings1/chickweed/e64ffaebb.png,chickweed
gs://seedlings-benchmark-auto-vcm/seedlings1/chickweed/e33673091.png,chickweed
gs://seedlings-benchmark-auto-vcm/seedlings1/chickweed/c2c1a8787.png,chickweed
gs://seedlings-benchmark-auto-vcm/seedlings1/chickweed/7b1018f5f.png,chickweed
gs://seedlings-benchmark-auto-vcm/seedlings1/chickweed/4284d5831.png,chickweed
gs://seedlings-benchmark-auto-vcm/seedlings1/chickweed/c2f4c85d1.png,chickweed
gs://seedlings-benchmark-auto-vcm/seedlings1/chickweed/2aa88416e.png,chickweed
gs://seedlings-benchmark-auto-vcm/seedlings1/chickweed/0573b0ff7.png,chickweed
gs://seedlings-benchmark-auto-vcm/seedlings1/chickweed/27a78683b.png,chickweed
gs://seedlings-benchmark-auto-vcm/seedlings1/chickweed/5324a9ab2.png,chickweed
gs://seedlings-benchmark-auto-vcm/seedlings1/chickweed/21535707f.png,chickweed
gs://seedlings-benchmark-auto-vcm/seedlings1/chickweed/dd76f845f.png,chickweed
gs://seedlings-benchmark-auto-vcm/seedlings1/chickweed/9fb44806e.png,chickweed
gs://seedlings-benchmark-auto-vcm/seedlings1/chickweed/a9e03b3a1.png,chickweed
gs://seedlings-benchmark-auto-vcm/seedlings1/chickweed/57c3c7b86.png,chickweed
gs://seedlings-benchmark-auto-vcm/seedlings1/chickweed/ffdddcf4e.png,chickweed
gs://seedlings-benchmark-auto-vcm/seedlings1/chickweed/58f366d30.png,chickweed
gs://seedlings-benchmark-auto-vcm/seedlings1/chickweed/2de5e6eaf.png,chickweed
gs://seedlings-benchmark-auto-vcm/seedlings1/chickweed/301114e3e.png,chickweed
gs://seedlings-benchmark-auto-vcm/seedlings1/chickweed/264e8b9b5.png,chickweed
gs://seedlings-benchmark-auto-vcm/seedlings1/chickweed/930ebfb48.png,chickweed
gs://seedlings-benchmark-auto-vcm/seedlings1/chickweed/993fcfaa4.png,chickweed
gs://seedlings-benchmark-auto-vcm/seedlings1/chickweed/dd575058e.png,chickweed
gs://seedlings-benchmark-auto-vcm/seedlings1/chickweed/3f84b7aae.png,chickweed
gs://seedlings-benchmark-auto-vcm/seedlings1/chickweed/bf77ce974.png,chickweed
gs://seedlings-benchmark-auto-vcm/seedlings1/chickweed/adf3032af.png,chickweed
gs://seedlings-benchmark-auto-vcm/seedlings1/chickweed/28285eb94.png,chickweed
gs://seedlings-benchmark-auto-vcm/seedlings1/chickweed/01eef6041.png,chickweed
gs://seedlings-benchmark-auto-vcm/seedlings1/chickweed/b953bb136.png,chickweed
gs://seedlings-benchmark-auto-vcm/seedlings1/chickweed/09a6108ae.png,chickweed
gs://seedlings-benchmark-auto-vcm/seedlings1/chickweed/af98e2c11.png,chickweed
gs://seedlings-benchmark-auto-vcm/seedlings1/chickweed/c5ddfa4a2.png,chickweed
gs://seedlings-benchmark-auto-vcm/seedlings1/chickweed/d1dd866ee.png,chickweed
gs://seedlings-benchmark-auto-vcm/seedlings1/chickweed/bf0667924.png,chickweed
gs://seedlings-benchmark-auto-vcm/seedlings1/chickweed/2e5123448.png,chickweed
gs://seedlings-benchmark-auto-vcm/seedlings1/chickweed/88314d63e.png,chickweed
gs://seedlings-benchmark-auto-vcm/seedlings1/chickweed/7acfcf6cf.png,chickweed
gs://seedlings-benchmark-auto-vcm/seedlings1/chickweed/8349ffb69.png,chickweed
gs://seedlings-benchmark-auto-vcm/seedlings1/chickweed/4d8c841b3.png,chickweed
gs://seedlings-benchmark-auto-vcm/seedlings1/chickweed/1df8e3b62.png,chickweed
gs://seedlings-benchmark-auto-vcm/seedlings1/chickweed/f1f8a7190.png,chickweed
gs://seedlings-benchmark-auto-vcm/seedlings1/chickweed/1bb666d37.png,chickweed
gs://seedlings-benchmark-auto-vcm/seedlings1/chickweed/fe03224a0.png,chickweed
gs://seedlings-benchmark-auto-vcm/seedlings1/chickweed/6504263bb.png,chickweed
gs://seedlings-benchmark-auto-vcm/seedlings1/chickweed/9c721a7dc.png,chickweed
gs://seedlings-benchmark-auto-vcm/seedlings1/chickweed/017a3000a.png,chickweed
gs://seedlings-benchmark-auto-vcm/seedlings1/chickweed/6d993edb1.png,chickweed
gs://seedlings-benchmark-auto-vcm/seedlings1/chickweed/fd08aae02.png,chickweed
gs://seedlings-benchmark-auto-vcm/seedlings1/chickweed/ff934fcc7.png,chickweed
gs://seedlings-benchmark-auto-vcm/seedlings1/chickweed/5c62f507e.png,chickweed
gs://seedlings-benchmark-auto-vcm/seedlings1/chickweed/880cabce7.png,chickweed
gs://seedlings-benchmark-auto-vcm/seedlings1/chickweed/ac85f848f.png,chickweed
gs://seedlings-benchmark-auto-vcm/seedlings1/chickweed/29cc438e4.png,chickweed
gs://seedlings-benchmark-auto-vcm/seedlings1/chickweed/eaeb6ab45.png,chickweed
gs://seedlings-benchmark-auto-vcm/seedlings1/chickweed/8e5447e81.png,chickweed
gs://seedlings-benchmark-auto-vcm/seedlings1/chickweed/16033c75c.png,chickweed
gs://seedlings-benchmark-auto-vcm/seedlings1/chickweed/e1c89faa5.png,chickweed
gs://seedlings-benchmark-auto-vcm/seedlings1/chickweed/4c4b75233.png,chickweed
gs://seedlings-benchmark-auto-vcm/seedlings1/chickweed/611fc426b.png,chickweed
gs://seedlings-benchmark-auto-vcm/seedlings1/chickweed/2e4aad6ec.png,chickweed
gs://seedlings-benchmark-auto-vcm/seedlings1/chickweed/7e3aa91d2.png,chickweed
gs://seedlings-benchmark-auto-vcm/seedlings1/chickweed/cae5588d0.png,chickweed
gs://seedlings-benchmark-auto-vcm/seedlings1/chickweed/3847a86c2.png,chickweed
gs://seedlings-benchmark-auto-vcm/seedlings1/chickweed/d643fc811.png,chickweed
gs://seedlings-benchmark-auto-vcm/seedlings1/chickweed/cae00a248.png,chickweed
gs://seedlings-benchmark-auto-vcm/seedlings1/chickweed/495d1a520.png,chickweed
gs://seedlings-benchmark-auto-vcm/seedlings1/chickweed/a855cbc06.png,chickweed
gs://seedlings-benchmark-auto-vcm/seedlings1/chickweed/f47065e0a.png,chickweed
gs://seedlings-benchmark-auto-vcm/seedlings1/chickweed/c88a5b482.png,chickweed
gs://seedlings-benchmark-auto-vcm/seedlings1/chickweed/16b1530ce.png,chickweed
gs://seedlings-benchmark-auto-vcm/seedlings1/chickweed/8d2429f5b.png,chickweed
gs://seedlings-benchmark-auto-vcm/seedlings1/chickweed/6c2a49621.png,chickweed
gs://seedlings-benchmark-auto-vcm/seedlings1/chickweed/27f0e13ae.png,chickweed
gs://seedlings-benchmark-auto-vcm/seedlings1/chickweed/b35eaa0a1.png,chickweed
gs://seedlings-benchmark-auto-vcm/seedlings1/chickweed/128d62bc2.png,chickweed
gs://seedlings-benchmark-auto-vcm/seedlings1/chickweed/efd04a634.png,chickweed
gs://seedlings-benchmark-auto-vcm/seedlings1/chickweed/21ace47d3.png,chickweed
gs://seedlings-benchmark-auto-vcm/seedlings1/chickweed/c9aea5d7b.png,chickweed
gs://seedlings-benchmark-auto-vcm/seedlings1/chickweed/b40d58c8e.png,chickweed
gs://seedlings-benchmark-auto-vcm/seedlings1/chickweed/593e2f0e9.png,chickweed
gs://seedlings-benchmark-auto-vcm/seedlings1/chickweed/186660f3e.png,chickweed
gs://seedlings-benchmark-auto-vcm/seedlings1/chickweed/50b0d5abf.png,chickweed
gs://seedlings-benchmark-auto-vcm/seedlings1/chickweed/9ca3fd969.png,chickweed
gs://seedlings-benchmark-auto-vcm/seedlings1/chickweed/b2b8055ad.png,chickweed
gs://seedlings-benchmark-auto-vcm/seedlings1/chickweed/c41644ed6.png,chickweed
gs://seedlings-benchmark-auto-vcm/seedlings1/chickweed/5ea01515a.png,chickweed
gs://seedlings-benchmark-auto-vcm/seedlings1/chickweed/4f89e332f.png,chickweed
gs://seedlings-benchmark-auto-vcm/seedlings1/chickweed/8d7b4ca96.png,chickweed
gs://seedlings-benchmark-auto-vcm/seedlings1/chickweed/58aeb692f.png,chickweed
gs://seedlings-benchmark-auto-vcm/seedlings1/chickweed/c7d7cbd73.png,chickweed
gs://seedlings-benchmark-auto-vcm/seedlings1/chickweed/09202a9a6.png,chickweed
gs://seedlings-benchmark-auto-vcm/seedlings1/chickweed/0b91b1f50.png,chickweed
gs://seedlings-benchmark-auto-vcm/seedlings1/chickweed/c67da9c32.png,chickweed
gs://seedlings-benchmark-auto-vcm/seedlings1/chickweed/57eaf2687.png,chickweed
gs://seedlings-benchmark-auto-vcm/seedlings1/chickweed/22e7c17b2.png,chickweed
gs://seedlings-benchmark-auto-vcm/seedlings1/chickweed/2d4fc5fe9.png,chickweed
gs://seedlings-benchmark-auto-vcm/seedlings1/chickweed/5687df8c6.png,chickweed
gs://seedlings-benchmark-auto-vcm/seedlings1/chickweed/d958d346f.png,chickweed
gs://seedlings-benchmark-auto-vcm/seedlings1/chickweed/7b4e40d34.png,chickweed
gs://seedlings-benchmark-auto-vcm/seedlings1/chickweed/d194fd113.png,chickweed
gs://seedlings-benchmark-auto-vcm/seedlings1/chickweed/64923f954.png,chickweed
gs://seedlings-benchmark-auto-vcm/seedlings1/chickweed/14b7eab5d.png,chickweed
gs://seedlings-benchmark-auto-vcm/seedlings1/chickweed/a8045aea3.png,chickweed
gs://seedlings-benchmark-auto-vcm/seedlings1/chickweed/61a3a0f94.png,chickweed
gs://seedlings-benchmark-auto-vcm/seedlings1/chickweed/5b4414b1e.png,chickweed
gs://seedlings-benchmark-auto-vcm/seedlings1/chickweed/d07da6faf.png,chickweed
gs://seedlings-benchmark-auto-vcm/seedlings1/chickweed/2bf2f5ff0.png,chickweed
gs://seedlings-benchmark-auto-vcm/seedlings1/chickweed/f2806a6a2.png,chickweed
gs://seedlings-benchmark-auto-vcm/seedlings1/chickweed/5ace4b78d.png,chickweed
gs://seedlings-benchmark-auto-vcm/seedlings1/chickweed/15f6bed07.png,chickweed
gs://seedlings-benchmark-auto-vcm/seedlings1/chickweed/0a26afdf8.png,chickweed
gs://seedlings-benchmark-auto-vcm/seedlings1/chickweed/46b9f0a87.png,chickweed
gs://seedlings-benchmark-auto-vcm/seedlings1/chickweed/7a597f825.png,chickweed
gs://seedlings-benchmark-auto-vcm/seedlings1/chickweed/29d790068.png,chickweed
gs://seedlings-benchmark-auto-vcm/seedlings1/chickweed/7a7c2d6f8.png,chickweed
gs://seedlings-benchmark-auto-vcm/seedlings1/chickweed/d018c5d19.png,chickweed
gs://seedlings-benchmark-auto-vcm/seedlings1/chickweed/7b5ff3a68.png,chickweed
gs://seedlings-benchmark-auto-vcm/seedlings1/chickweed/5fe2a641d.png,chickweed
gs://seedlings-benchmark-auto-vcm/seedlings1/chickweed/dc18969ae.png,chickweed
gs://seedlings-benchmark-auto-vcm/seedlings1/chickweed/4d6cbfb1e.png,chickweed
gs://seedlings-benchmark-auto-vcm/seedlings1/chickweed/3740d90d5.png,chickweed
gs://seedlings-benchmark-auto-vcm/seedlings1/chickweed/a85a62939.png,chickweed
gs://seedlings-benchmark-auto-vcm/seedlings1/chickweed/5c82a988b.png,chickweed
gs://seedlings-benchmark-auto-vcm/seedlings1/chickweed/a2478ca57.png,chickweed
gs://seedlings-benchmark-auto-vcm/seedlings1/chickweed/a8968f15a.png,chickweed
gs://seedlings-benchmark-auto-vcm/seedlings1/chickweed/af005febb.png,chickweed
gs://seedlings-benchmark-auto-vcm/seedlings1/chickweed/c0b85294c.png,chickweed
gs://seedlings-benchmark-auto-vcm/seedlings1/chickweed/839fad8be.png,chickweed
gs://seedlings-benchmark-auto-vcm/seedlings1/chickweed/d14306ba9.png,chickweed
gs://seedlings-benchmark-auto-vcm/seedlings1/chickweed/afeabc763.png,chickweed
gs://seedlings-benchmark-auto-vcm/seedlings1/chickweed/974108721.png,chickweed
gs://seedlings-benchmark-auto-vcm/seedlings1/chickweed/d07b7062b.png,chickweed
gs://seedlings-benchmark-auto-vcm/seedlings1/chickweed/9ca2edaab.png,chickweed
gs://seedlings-benchmark-auto-vcm/seedlings1/chickweed/2071d617e.png,chickweed
gs://seedlings-benchmark-auto-vcm/seedlings1/chickweed/92bd3b2b7.png,chickweed
gs://seedlings-benchmark-auto-vcm/seedlings1/chickweed/f71a0f489.png,chickweed
gs://seedlings-benchmark-auto-vcm/seedlings1/chickweed/ffc02550b.png,chickweed
gs://seedlings-benchmark-auto-vcm/seedlings1/chickweed/36f392b83.png,chickweed
gs://seedlings-benchmark-auto-vcm/seedlings1/chickweed/d920f1441.png,chickweed
gs://seedlings-benchmark-auto-vcm/seedlings1/chickweed/4e65c6702.png,chickweed
gs://seedlings-benchmark-auto-vcm/seedlings1/chickweed/3ee3ef6a3.png,chickweed
gs://seedlings-benchmark-auto-vcm/seedlings1/chickweed/646556430.png,chickweed
gs://seedlings-benchmark-auto-vcm/seedlings1/chickweed/0cc84e7b2.png,chickweed
gs://seedlings-benchmark-auto-vcm/seedlings1/chickweed/8594bb8c9.png,chickweed
gs://seedlings-benchmark-auto-vcm/seedlings1/chickweed/054a3e47e.png,chickweed
gs://seedlings-benchmark-auto-vcm/seedlings1/chickweed/149f0527e.png,chickweed
gs://seedlings-benchmark-auto-vcm/seedlings1/chickweed/5b4b5f5ca.png,chickweed
gs://seedlings-benchmark-auto-vcm/seedlings1/chickweed/5a044c06b.png,chickweed
gs://seedlings-benchmark-auto-vcm/seedlings1/chickweed/19a44418c.png,chickweed
gs://seedlings-benchmark-auto-vcm/seedlings1/chickweed/53585f37d.png,chickweed
gs://seedlings-benchmark-auto-vcm/seedlings1/chickweed/c16801386.png,chickweed
gs://seedlings-benchmark-auto-vcm/seedlings1/chickweed/18b1f733a.png,chickweed
gs://seedlings-benchmark-auto-vcm/seedlings1/chickweed/f3521cf79.png,chickweed
gs://seedlings-benchmark-auto-vcm/seedlings1/chickweed/cb199a0d6.png,chickweed
gs://seedlings-benchmark-auto-vcm/seedlings1/chickweed/bd4304980.png,chickweed
gs://seedlings-benchmark-auto-vcm/seedlings1/chickweed/774bf7020.png,chickweed
gs://seedlings-benchmark-auto-vcm/seedlings1/chickweed/062f0fec6.png,chickweed
gs://seedlings-benchmark-auto-vcm/seedlings1/chickweed/04b597a3f.png,chickweed
gs://seedlings-benchmark-auto-vcm/seedlings1/chickweed/09d0908b0.png,chickweed
gs://seedlings-benchmark-auto-vcm/seedlings1/chickweed/1d00f7fab.png,chickweed
gs://seedlings-benchmark-auto-vcm/seedlings1/chickweed/b9c8f7046.png,chickweed
gs://seedlings-benchmark-auto-vcm/seedlings1/chickweed/bf9f74bd3.png,chickweed
gs://seedlings-benchmark-auto-vcm/seedlings1/chickweed/acca2b10d.png,chickweed
gs://seedlings-benchmark-auto-vcm/seedlings1/chickweed/70083d11f.png,chickweed
gs://seedlings-benchmark-auto-vcm/seedlings1/chickweed/841b56a7c.png,chickweed
gs://seedlings-benchmark-auto-vcm/seedlings1/chickweed/92e13ce8b.png,chickweed
gs://seedlings-benchmark-auto-vcm/seedlings1/chickweed/5cd0ccfc1.png,chickweed
gs://seedlings-benchmark-auto-vcm/seedlings1/chickweed/a38aa2204.png,chickweed
gs://seedlings-benchmark-auto-vcm/seedlings1/chickweed/b4e188202.png,chickweed
gs://seedlings-benchmark-auto-vcm/seedlings1/chickweed/c2ab91ad2.png,chickweed
gs://seedlings-benchmark-auto-vcm/seedlings1/chickweed/422cf9f7d.png,chickweed
gs://seedlings-benchmark-auto-vcm/seedlings1/chickweed/beda08ba5.png,chickweed
gs://seedlings-benchmark-auto-vcm/seedlings1/chickweed/9c383ae53.png,chickweed
gs://seedlings-benchmark-auto-vcm/seedlings1/chickweed/ab3d174fc.png,chickweed
gs://seedlings-benchmark-auto-vcm/seedlings1/chickweed/88e1e3d2b.png,chickweed
gs://seedlings-benchmark-auto-vcm/seedlings1/chickweed/533a926b2.png,chickweed
gs://seedlings-benchmark-auto-vcm/seedlings1/chickweed/d13abd726.png,chickweed
gs://seedlings-benchmark-auto-vcm/seedlings1/chickweed/3cf9ae5a3.png,chickweed
gs://seedlings-benchmark-auto-vcm/seedlings1/chickweed/76deb2f76.png,chickweed
gs://seedlings-benchmark-auto-vcm/seedlings1/chickweed/430ef0660.png,chickweed
gs://seedlings-benchmark-auto-vcm/seedlings1/chickweed/7c933aa92.png,chickweed
gs://seedlings-benchmark-auto-vcm/seedlings1/chickweed/8d6288d95.png,chickweed
gs://seedlings-benchmark-auto-vcm/seedlings1/chickweed/67ea1b535.png,chickweed
gs://seedlings-benchmark-auto-vcm/seedlings1/chickweed/ef255fde9.png,chickweed
gs://seedlings-benchmark-auto-vcm/seedlings1/chickweed/09f58b32a.png,chickweed
gs://seedlings-benchmark-auto-vcm/seedlings1/chickweed/c6f9ba1cd.png,chickweed
gs://seedlings-benchmark-auto-vcm/seedlings1/chickweed/40c5757c0.png,chickweed
gs://seedlings-benchmark-auto-vcm/seedlings1/chickweed/072fc34f1.png,chickweed
gs://seedlings-benchmark-auto-vcm/seedlings1/chickweed/58b405634.png,chickweed
gs://seedlings-benchmark-auto-vcm/seedlings1/chickweed/fcfb8df3d.png,chickweed
gs://seedlings-benchmark-auto-vcm/seedlings1/chickweed/a669c101f.png,chickweed
gs://seedlings-benchmark-auto-vcm/seedlings1/chickweed/5f2d126eb.png,chickweed
gs://seedlings-benchmark-auto-vcm/seedlings1/chickweed/2a6305dc1.png,chickweed
gs://seedlings-benchmark-auto-vcm/seedlings1/chickweed/a98a9b092.png,chickweed
gs://seedlings-benchmark-auto-vcm/seedlings1/chickweed/e231ad747.png,chickweed
gs://seedlings-benchmark-auto-vcm/seedlings1/chickweed/e18f7124b.png,chickweed
gs://seedlings-benchmark-auto-vcm/seedlings1/chickweed/29c8ca750.png,chickweed
gs://seedlings-benchmark-auto-vcm/seedlings1/chickweed/e9ba4c313.png,chickweed
gs://seedlings-benchmark-auto-vcm/seedlings1/chickweed/0331a0d41.png,chickweed
gs://seedlings-benchmark-auto-vcm/seedlings1/chickweed/70d2d710d.png,chickweed
gs://seedlings-benchmark-auto-vcm/seedlings1/chickweed/a9e3465f8.png,chickweed
gs://seedlings-benchmark-auto-vcm/seedlings1/chickweed/57731eb29.png,chickweed
gs://seedlings-benchmark-auto-vcm/seedlings1/chickweed/37b291dab.png,chickweed
gs://seedlings-benchmark-auto-vcm/seedlings1/chickweed/f50c8181a.png,chickweed
gs://seedlings-benchmark-auto-vcm/seedlings1/chickweed/41e3d1276.png,chickweed
gs://seedlings-benchmark-auto-vcm/seedlings1/chickweed/f7b86986a.png,chickweed
gs://seedlings-benchmark-auto-vcm/seedlings1/chickweed/aa28f442c.png,chickweed
gs://seedlings-benchmark-auto-vcm/seedlings1/chickweed/852fd9b8a.png,chickweed
gs://seedlings-benchmark-auto-vcm/seedlings1/chickweed/63bb36f63.png,chickweed
gs://seedlings-benchmark-auto-vcm/seedlings1/chickweed/4c7ef6d25.png,chickweed
gs://seedlings-benchmark-auto-vcm/seedlings1/chickweed/0593874ae.png,chickweed
gs://seedlings-benchmark-auto-vcm/seedlings1/chickweed/5ba9f6698.png,chickweed
gs://seedlings-benchmark-auto-vcm/seedlings1/chickweed/15cbad146.png,chickweed
gs://seedlings-benchmark-auto-vcm/seedlings1/chickweed/7c867adb0.png,chickweed
gs://seedlings-benchmark-auto-vcm/seedlings1/chickweed/bfa5d2e2f.png,chickweed
gs://seedlings-benchmark-auto-vcm/seedlings1/chickweed/1c05c26a1.png,chickweed
gs://seedlings-benchmark-auto-vcm/seedlings1/chickweed/4a1121f7d.png,chickweed
gs://seedlings-benchmark-auto-vcm/seedlings1/chickweed/6b6df19b2.png,chickweed
gs://seedlings-benchmark-auto-vcm/seedlings1/chickweed/5dcac8cb4.png,chickweed
gs://seedlings-benchmark-auto-vcm/seedlings1/chickweed/4e726de0b.png,chickweed
gs://seedlings-benchmark-auto-vcm/seedlings1/chickweed/436ac575f.png,chickweed
gs://seedlings-benchmark-auto-vcm/seedlings1/chickweed/c0fd4e4aa.png,chickweed
gs://seedlings-benchmark-auto-vcm/seedlings1/chickweed/0ffbcb790.png,chickweed
gs://seedlings-benchmark-auto-vcm/seedlings1/chickweed/97ab5baf0.png,chickweed
gs://seedlings-benchmark-auto-vcm/seedlings1/chickweed/91d294b43.png,chickweed
gs://seedlings-benchmark-auto-vcm/seedlings1/chickweed/2f60156c7.png,chickweed
gs://seedlings-benchmark-auto-vcm/seedlings1/chickweed/eddaf3d47.png,chickweed
gs://seedlings-benchmark-auto-vcm/seedlings1/chickweed/ed0299f6d.png,chickweed
gs://seedlings-benchmark-auto-vcm/seedlings1/chickweed/f9b43d3c6.png,chickweed
gs://seedlings-benchmark-auto-vcm/seedlings1/chickweed/cb5e1b823.png,chickweed
gs://seedlings-benchmark-auto-vcm/seedlings1/chickweed/aac309dc5.png,chickweed
gs://seedlings-benchmark-auto-vcm/seedlings1/chickweed/e768d348e.png,chickweed
gs://seedlings-benchmark-auto-vcm/seedlings1/chickweed/517dd299e.png,chickweed
gs://seedlings-benchmark-auto-vcm/seedlings1/chickweed/48bc50005.png,chickweed
gs://seedlings-benchmark-auto-vcm/seedlings1/chickweed/a42ddba4f.png,chickweed
gs://seedlings-benchmark-auto-vcm/seedlings1/chickweed/6afe50f7c.png,chickweed
gs://seedlings-benchmark-auto-vcm/seedlings1/chickweed/aa8778e2d.png,chickweed
gs://seedlings-benchmark-auto-vcm/seedlings1/chickweed/0118f1f70.png,chickweed
gs://seedlings-benchmark-auto-vcm/seedlings1/chickweed/45204fe38.png,chickweed
gs://seedlings-benchmark-auto-vcm/seedlings1/chickweed/0a2d20538.png,chickweed
gs://seedlings-benchmark-auto-vcm/seedlings1/chickweed/2e795ccf1.png,chickweed
gs://seedlings-benchmark-auto-vcm/seedlings1/chickweed/687fdd0f0.png,chickweed
gs://seedlings-benchmark-auto-vcm/seedlings1/chickweed/bb7ac7386.png,chickweed
gs://seedlings-benchmark-auto-vcm/seedlings1/chickweed/2d4a05fa0.png,chickweed
gs://seedlings-benchmark-auto-vcm/seedlings1/chickweed/0ff3c628c.png,chickweed
gs://seedlings-benchmark-auto-vcm/seedlings1/chickweed/6283e8862.png,chickweed
gs://seedlings-benchmark-auto-vcm/seedlings1/chickweed/1a5c28e0a.png,chickweed
gs://seedlings-benchmark-auto-vcm/seedlings1/chickweed/bbfa8d1c9.png,chickweed
gs://seedlings-benchmark-auto-vcm/seedlings1/chickweed/c7e585163.png,chickweed
gs://seedlings-benchmark-auto-vcm/seedlings1/chickweed/6dcb4a699.png,chickweed
gs://seedlings-benchmark-auto-vcm/seedlings1/chickweed/ce0fb7c25.png,chickweed
gs://seedlings-benchmark-auto-vcm/seedlings1/chickweed/63bbfb907.png,chickweed
gs://seedlings-benchmark-auto-vcm/seedlings1/chickweed/f17e5a3c3.png,chickweed
gs://seedlings-benchmark-auto-vcm/seedlings1/chickweed/14486549c.png,chickweed
gs://seedlings-benchmark-auto-vcm/seedlings1/chickweed/1a4f7a1e1.png,chickweed
gs://seedlings-benchmark-auto-vcm/seedlings1/chickweed/4d7682775.png,chickweed
gs://seedlings-benchmark-auto-vcm/seedlings1/chickweed/4db7bbfbf.png,chickweed
gs://seedlings-benchmark-auto-vcm/seedlings1/chickweed/5629b467c.png,chickweed
gs://seedlings-benchmark-auto-vcm/seedlings1/chickweed/965f8a9c2.png,chickweed
gs://seedlings-benchmark-auto-vcm/seedlings1/chickweed/8b5f42788.png,chickweed
gs://seedlings-benchmark-auto-vcm/seedlings1/chickweed/879f9bc26.png,chickweed
gs://seedlings-benchmark-auto-vcm/seedlings1/chickweed/d021a9611.png,chickweed
gs://seedlings-benchmark-auto-vcm/seedlings1/chickweed/37c20876e.png,chickweed
gs://seedlings-benchmark-auto-vcm/seedlings1/chickweed/f1258d04a.png,chickweed
gs://seedlings-benchmark-auto-vcm/seedlings1/chickweed/9b3f2f7a1.png,chickweed
gs://seedlings-benchmark-auto-vcm/seedlings1/chickweed/b176751f4.png,chickweed
gs://seedlings-benchmark-auto-vcm/seedlings1/chickweed/1007fd84f.png,chickweed
gs://seedlings-benchmark-auto-vcm/seedlings1/chickweed/8d1805187.png,chickweed
gs://seedlings-benchmark-auto-vcm/seedlings1/chickweed/f1f82a44c.png,chickweed
gs://seedlings-benchmark-auto-vcm/seedlings1/chickweed/40274f484.png,chickweed
gs://seedlings-benchmark-auto-vcm/seedlings1/chickweed/aa83de6bb.png,chickweed
gs://seedlings-benchmark-auto-vcm/seedlings1/chickweed/3ea21cf79.png,chickweed
gs://seedlings-benchmark-auto-vcm/seedlings1/chickweed/5f128ee9b.png,chickweed
gs://seedlings-benchmark-auto-vcm/seedlings1/chickweed/7175e9d7d.png,chickweed
gs://seedlings-benchmark-auto-vcm/seedlings1/chickweed/2b7768772.png,chickweed
gs://seedlings-benchmark-auto-vcm/seedlings1/chickweed/8ebf898d1.png,chickweed
gs://seedlings-benchmark-auto-vcm/seedlings1/chickweed/654f701ad.png,chickweed
gs://seedlings-benchmark-auto-vcm/seedlings1/chickweed/3f018d6bd.png,chickweed
gs://seedlings-benchmark-auto-vcm/seedlings1/chickweed/a47105ef4.png,chickweed
gs://seedlings-benchmark-auto-vcm/seedlings1/chickweed/fa468d955.png,chickweed
gs://seedlings-benchmark-auto-vcm/seedlings1/chickweed/0366e36eb.png,chickweed
gs://seedlings-benchmark-auto-vcm/seedlings1/chickweed/63e5b3269.png,chickweed
gs://seedlings-benchmark-auto-vcm/seedlings1/chickweed/838c25c16.png,chickweed
gs://seedlings-benchmark-auto-vcm/seedlings1/chickweed/63625a31d.png,chickweed
gs://seedlings-benchmark-auto-vcm/seedlings1/chickweed/36a913120.png,chickweed
gs://seedlings-benchmark-auto-vcm/seedlings1/chickweed/125c2316a.png,chickweed
gs://seedlings-benchmark-auto-vcm/seedlings1/chickweed/bf351fa53.png,chickweed
gs://seedlings-benchmark-auto-vcm/seedlings1/chickweed/7a2d25120.png,chickweed
gs://seedlings-benchmark-auto-vcm/seedlings1/chickweed/ab6338bd1.png,chickweed
gs://seedlings-benchmark-auto-vcm/seedlings1/chickweed/9253be20b.png,chickweed
gs://seedlings-benchmark-auto-vcm/seedlings1/chickweed/ea395710d.png,chickweed
gs://seedlings-benchmark-auto-vcm/seedlings1/chickweed/2e025ece6.png,chickweed
gs://seedlings-benchmark-auto-vcm/seedlings1/chickweed/16c5adff0.png,chickweed
gs://seedlings-benchmark-auto-vcm/seedlings1/chickweed/f1d313b52.png,chickweed
gs://seedlings-benchmark-auto-vcm/seedlings1/chickweed/30a166665.png,chickweed
gs://seedlings-benchmark-auto-vcm/seedlings1/chickweed/7dd728ef8.png,chickweed
gs://seedlings-benchmark-auto-vcm/seedlings1/chickweed/1599e5ec9.png,chickweed
gs://seedlings-benchmark-auto-vcm/seedlings1/chickweed/5e0f7d75d.png,chickweed
gs://seedlings-benchmark-auto-vcm/seedlings1/chickweed/8530528b4.png,chickweed
gs://seedlings-benchmark-auto-vcm/seedlings1/chickweed/f63b0be0d.png,chickweed
gs://seedlings-benchmark-auto-vcm/seedlings1/chickweed/4825503ed.png,chickweed
gs://seedlings-benchmark-auto-vcm/seedlings1/chickweed/1265c4a42.png,chickweed
gs://seedlings-benchmark-auto-vcm/seedlings1/chickweed/2f963cc5b.png,chickweed
gs://seedlings-benchmark-auto-vcm/seedlings1/chickweed/cc2a8c766.png,chickweed
gs://seedlings-benchmark-auto-vcm/seedlings1/chickweed/9902103a5.png,chickweed
gs://seedlings-benchmark-auto-vcm/seedlings1/chickweed/e1b642054.png,chickweed
gs://seedlings-benchmark-auto-vcm/seedlings1/chickweed/b25c85290.png,chickweed
gs://seedlings-benchmark-auto-vcm/seedlings1/chickweed/47b316d8f.png,chickweed
gs://seedlings-benchmark-auto-vcm/seedlings1/chickweed/5790e7b05.png,chickweed
gs://seedlings-benchmark-auto-vcm/seedlings1/chickweed/f41055895.png,chickweed
gs://seedlings-benchmark-auto-vcm/seedlings1/chickweed/70031d587.png,chickweed
gs://seedlings-benchmark-auto-vcm/seedlings1/chickweed/66f599454.png,chickweed
gs://seedlings-benchmark-auto-vcm/seedlings1/chickweed/e977a6aa7.png,chickweed
gs://seedlings-benchmark-auto-vcm/seedlings1/chickweed/feb7699d0.png,chickweed
gs://seedlings-benchmark-auto-vcm/seedlings1/chickweed/4861b377f.png,chickweed
gs://seedlings-benchmark-auto-vcm/seedlings1/chickweed/c23f79208.png,chickweed
gs://seedlings-benchmark-auto-vcm/seedlings1/chickweed/892382b05.png,chickweed
gs://seedlings-benchmark-auto-vcm/seedlings1/chickweed/763b0b8cd.png,chickweed
gs://seedlings-benchmark-auto-vcm/seedlings1/chickweed/07e651912.png,chickweed
gs://seedlings-benchmark-auto-vcm/seedlings1/chickweed/61cb94bb2.png,chickweed
gs://seedlings-benchmark-auto-vcm/seedlings1/chickweed/cf6e5d506.png,chickweed
gs://seedlings-benchmark-auto-vcm/seedlings1/chickweed/d6f625574.png,chickweed
gs://seedlings-benchmark-auto-vcm/seedlings1/chickweed/d88a609d1.png,chickweed
gs://seedlings-benchmark-auto-vcm/seedlings1/chickweed/99c59a981.png,chickweed
gs://seedlings-benchmark-auto-vcm/seedlings1/chickweed/ac0b860c4.png,chickweed
gs://seedlings-benchmark-auto-vcm/seedlings1/chickweed/82561432a.png,chickweed
gs://seedlings-benchmark-auto-vcm/seedlings1/chickweed/410876711.png,chickweed
gs://seedlings-benchmark-auto-vcm/seedlings1/chickweed/9011a592f.png,chickweed
gs://seedlings-benchmark-auto-vcm/seedlings1/chickweed/39c7819ff.png,chickweed
gs://seedlings-benchmark-auto-vcm/seedlings1/chickweed/cb64ce021.png,chickweed
gs://seedlings-benchmark-auto-vcm/seedlings1/chickweed/54a3a899b.png,chickweed
gs://seedlings-benchmark-auto-vcm/seedlings1/chickweed/e1f62327d.png,chickweed
gs://seedlings-benchmark-auto-vcm/seedlings1/chickweed/8575a6820.png,chickweed
gs://seedlings-benchmark-auto-vcm/seedlings1/chickweed/1a459e1de.png,chickweed
gs://seedlings-benchmark-auto-vcm/seedlings1/chickweed/9435b2c58.png,chickweed
gs://seedlings-benchmark-auto-vcm/seedlings1/chickweed/05a56fcc4.png,chickweed
gs://seedlings-benchmark-auto-vcm/seedlings1/chickweed/9b09003fa.png,chickweed
gs://seedlings-benchmark-auto-vcm/seedlings1/chickweed/c27253052.png,chickweed
gs://seedlings-benchmark-auto-vcm/seedlings1/chickweed/be325b3b9.png,chickweed
gs://seedlings-benchmark-auto-vcm/seedlings1/chickweed/31b2aa8b5.png,chickweed
gs://seedlings-benchmark-auto-vcm/seedlings1/chickweed/d9d1602c7.png,chickweed
gs://seedlings-benchmark-auto-vcm/seedlings1/chickweed/1640f4ae3.png,chickweed
gs://seedlings-benchmark-auto-vcm/seedlings1/chickweed/bb824511b.png,chickweed
gs://seedlings-benchmark-auto-vcm/seedlings1/chickweed/e32fdd03a.png,chickweed
gs://seedlings-benchmark-auto-vcm/seedlings1/chickweed/7da7bd2e3.png,chickweed
gs://seedlings-benchmark-auto-vcm/seedlings1/chickweed/709ff44b4.png,chickweed
gs://seedlings-benchmark-auto-vcm/seedlings1/chickweed/dd3f63ce0.png,chickweed
gs://seedlings-benchmark-auto-vcm/seedlings1/chickweed/a194c0dd6.png,chickweed
gs://seedlings-benchmark-auto-vcm/seedlings1/chickweed/38fb092f0.png,chickweed
gs://seedlings-benchmark-auto-vcm/seedlings1/chickweed/a6c251d63.png,chickweed
gs://seedlings-benchmark-auto-vcm/seedlings1/chickweed/a88bd5aef.png,chickweed
gs://seedlings-benchmark-auto-vcm/seedlings1/chickweed/7178d1aa1.png,chickweed
gs://seedlings-benchmark-auto-vcm/seedlings1/chickweed/bb52da32b.png,chickweed
gs://seedlings-benchmark-auto-vcm/seedlings1/chickweed/21689ecb6.png,chickweed
gs://seedlings-benchmark-auto-vcm/seedlings1/chickweed/eb6b7fe4c.png,chickweed
gs://seedlings-benchmark-auto-vcm/seedlings1/chickweed/8a22b4f1f.png,chickweed
gs://seedlings-benchmark-auto-vcm/seedlings1/chickweed/891a5fdca.png,chickweed
gs://seedlings-benchmark-auto-vcm/seedlings1/chickweed/5ef4bcfa9.png,chickweed
gs://seedlings-benchmark-auto-vcm/seedlings1/chickweed/d690ebc8b.png,chickweed
gs://seedlings-benchmark-auto-vcm/seedlings1/chickweed/75742ed25.png,chickweed
gs://seedlings-benchmark-auto-vcm/seedlings1/chickweed/60fc956cf.png,chickweed
gs://seedlings-benchmark-auto-vcm/seedlings1/chickweed/a04f38d7e.png,chickweed
gs://seedlings-benchmark-auto-vcm/seedlings1/chickweed/2424bfd5a.png,chickweed
gs://seedlings-benchmark-auto-vcm/seedlings1/chickweed/feafa22cc.png,chickweed
gs://seedlings-benchmark-auto-vcm/seedlings1/chickweed/f1530c3e3.png,chickweed
gs://seedlings-benchmark-auto-vcm/seedlings1/chickweed/ebce04afd.png,chickweed
gs://seedlings-benchmark-auto-vcm/seedlings1/chickweed/7cb13f366.png,chickweed
gs://seedlings-benchmark-auto-vcm/seedlings1/chickweed/63ac8cb8b.png,chickweed
gs://seedlings-benchmark-auto-vcm/seedlings1/chickweed/b61695466.png,chickweed
gs://seedlings-benchmark-auto-vcm/seedlings1/chickweed/6f6c3d6aa.png,chickweed
gs://seedlings-benchmark-auto-vcm/seedlings1/chickweed/0e261908b.png,chickweed
gs://seedlings-benchmark-auto-vcm/seedlings1/chickweed/e7792c058.png,chickweed
gs://seedlings-benchmark-auto-vcm/seedlings1/chickweed/289e929b2.png,chickweed
gs://seedlings-benchmark-auto-vcm/seedlings1/chickweed/145b9d73c.png,chickweed
gs://seedlings-benchmark-auto-vcm/seedlings1/chickweed/fb78383ae.png,chickweed
gs://seedlings-benchmark-auto-vcm/seedlings1/chickweed/10a42d01f.png,chickweed
gs://seedlings-benchmark-auto-vcm/seedlings1/chickweed/c2e069515.png,chickweed
gs://seedlings-benchmark-auto-vcm/seedlings1/chickweed/a0c39c1dd.png,chickweed
gs://seedlings-benchmark-auto-vcm/seedlings1/chickweed/3a2a3ddb9.png,chickweed
gs://seedlings-benchmark-auto-vcm/seedlings1/chickweed/78604fc59.png,chickweed
gs://seedlings-benchmark-auto-vcm/seedlings1/chickweed/98b18ed7a.png,chickweed
gs://seedlings-benchmark-auto-vcm/seedlings1/chickweed/e2e49c76e.png,chickweed
gs://seedlings-benchmark-auto-vcm/seedlings1/chickweed/7b0586012.png,chickweed
gs://seedlings-benchmark-auto-vcm/seedlings1/chickweed/57664aa6b.png,chickweed
gs://seedlings-benchmark-auto-vcm/seedlings1/chickweed/4e334d9c0.png,chickweed
gs://seedlings-benchmark-auto-vcm/seedlings1/chickweed/fe801c9c0.png,chickweed
gs://seedlings-benchmark-auto-vcm/seedlings1/chickweed/d4a084033.png,chickweed
gs://seedlings-benchmark-auto-vcm/seedlings1/chickweed/00d33935c.png,chickweed
gs://seedlings-benchmark-auto-vcm/seedlings1/chickweed/ee1935fb6.png,chickweed
gs://seedlings-benchmark-auto-vcm/seedlings1/chickweed/d0bd8f934.png,chickweed
gs://seedlings-benchmark-auto-vcm/seedlings1/chickweed/fe7373785.png,chickweed
gs://seedlings-benchmark-auto-vcm/seedlings1/chickweed/f3e74582f.png,chickweed
gs://seedlings-benchmark-auto-vcm/seedlings1/chickweed/62351b320.png,chickweed
gs://seedlings-benchmark-auto-vcm/seedlings1/chickweed/378a40743.png,chickweed
gs://seedlings-benchmark-auto-vcm/seedlings1/chickweed/4d9ece5a7.png,chickweed
gs://seedlings-benchmark-auto-vcm/seedlings1/chickweed/ea3e13899.png,chickweed
gs://seedlings-benchmark-auto-vcm/seedlings1/chickweed/c5535e3b8.png,chickweed
gs://seedlings-benchmark-auto-vcm/seedlings1/chickweed/0c7fc717a.png,chickweed
gs://seedlings-benchmark-auto-vcm/seedlings1/chickweed/20a04ea79.png,chickweed
gs://seedlings-benchmark-auto-vcm/seedlings1/chickweed/35e31b2b5.png,chickweed
gs://seedlings-benchmark-auto-vcm/seedlings1/chickweed/c2b5f56d8.png,chickweed
gs://seedlings-benchmark-auto-vcm/seedlings1/chickweed/2133c16c5.png,chickweed
gs://seedlings-benchmark-auto-vcm/seedlings1/chickweed/cfda6ed03.png,chickweed
gs://seedlings-benchmark-auto-vcm/seedlings1/chickweed/ce19a867c.png,chickweed
gs://seedlings-benchmark-auto-vcm/seedlings1/chickweed/35f374f74.png,chickweed
gs://seedlings-benchmark-auto-vcm/seedlings1/chickweed/bfb59c16f.png,chickweed
gs://seedlings-benchmark-auto-vcm/seedlings1/chickweed/ea5034835.png,chickweed
gs://seedlings-benchmark-auto-vcm/seedlings1/chickweed/1a81a6532.png,chickweed
gs://seedlings-benchmark-auto-vcm/seedlings1/chickweed/0c25871d9.png,chickweed
gs://seedlings-benchmark-auto-vcm/seedlings1/chickweed/1120761ef.png,chickweed
gs://seedlings-benchmark-auto-vcm/seedlings1/chickweed/d22156fb3.png,chickweed
gs://seedlings-benchmark-auto-vcm/seedlings1/chickweed/ab9a60c53.png,chickweed
gs://seedlings-benchmark-auto-vcm/seedlings1/chickweed/94613db53.png,chickweed
gs://seedlings-benchmark-auto-vcm/seedlings1/chickweed/604fddba7.png,chickweed
gs://seedlings-benchmark-auto-vcm/seedlings1/chickweed/786df0a52.png,chickweed
gs://seedlings-benchmark-auto-vcm/seedlings1/chickweed/a23bbb5c9.png,chickweed
gs://seedlings-benchmark-auto-vcm/seedlings1/chickweed/89fe8aa9d.png,chickweed
gs://seedlings-benchmark-auto-vcm/seedlings1/chickweed/aba570b21.png,chickweed
gs://seedlings-benchmark-auto-vcm/seedlings1/chickweed/32077f532.png,chickweed
gs://seedlings-benchmark-auto-vcm/seedlings1/chickweed/20d3a67d3.png,chickweed
gs://seedlings-benchmark-auto-vcm/seedlings1/chickweed/0c07d7246.png,chickweed
gs://seedlings-benchmark-auto-vcm/seedlings1/chickweed/4f3fb3fa7.png,chickweed
gs://seedlings-benchmark-auto-vcm/seedlings1/chickweed/6232a5fcb.png,chickweed
gs://seedlings-benchmark-auto-vcm/seedlings1/chickweed/1b76d1681.png,chickweed
gs://seedlings-benchmark-auto-vcm/seedlings1/chickweed/846dfcd48.png,chickweed
gs://seedlings-benchmark-auto-vcm/seedlings1/chickweed/b962fdcfc.png,chickweed
gs://seedlings-benchmark-auto-vcm/seedlings1/chickweed/88823573a.png,chickweed
gs://seedlings-benchmark-auto-vcm/seedlings1/chickweed/e00df1f35.png,chickweed
gs://seedlings-benchmark-auto-vcm/seedlings1/chickweed/387ad12e8.png,chickweed
gs://seedlings-benchmark-auto-vcm/seedlings1/chickweed/8384040ba.png,chickweed
gs://seedlings-benchmark-auto-vcm/seedlings1/chickweed/f394b73f6.png,chickweed
gs://seedlings-benchmark-auto-vcm/seedlings1/chickweed/d974f1537.png,chickweed
gs://seedlings-benchmark-auto-vcm/seedlings1/chickweed/9ea59b076.png,chickweed
gs://seedlings-benchmark-auto-vcm/seedlings1/chickweed/0a1c68ef9.png,chickweed
gs://seedlings-benchmark-auto-vcm/seedlings1/chickweed/19f62aae6.png,chickweed
gs://seedlings-benchmark-auto-vcm/seedlings1/chickweed/cbd1cffdb.png,chickweed
gs://seedlings-benchmark-auto-vcm/seedlings1/chickweed/7efcaa68a.png,chickweed
gs://seedlings-benchmark-auto-vcm/seedlings1/chickweed/3a8202693.png,chickweed
gs://seedlings-benchmark-auto-vcm/seedlings1/chickweed/142c503e1.png,chickweed
gs://seedlings-benchmark-auto-vcm/seedlings1/chickweed/d7cf2db87.png,chickweed
gs://seedlings-benchmark-auto-vcm/seedlings1/chickweed/168fed6c3.png,chickweed
gs://seedlings-benchmark-auto-vcm/seedlings1/chickweed/23316b4b0.png,chickweed
gs://seedlings-benchmark-auto-vcm/seedlings1/chickweed/00ba5f88a.png,chickweed
gs://seedlings-benchmark-auto-vcm/seedlings1/chickweed/fefaeec6d.png,chickweed
gs://seedlings-benchmark-auto-vcm/seedlings1/chickweed/a3e3b178c.png,chickweed
gs://seedlings-benchmark-auto-vcm/seedlings1/chickweed/7e6037c88.png,chickweed
gs://seedlings-benchmark-auto-vcm/seedlings1/chickweed/0704bc02b.png,chickweed
gs://seedlings-benchmark-auto-vcm/seedlings1/chickweed/937319dc7.png,chickweed
gs://seedlings-benchmark-auto-vcm/seedlings1/chickweed/bddde0312.png,chickweed
gs://seedlings-benchmark-auto-vcm/seedlings1/chickweed/68d61152a.png,chickweed
gs://seedlings-benchmark-auto-vcm/seedlings1/chickweed/4e34f35c1.png,chickweed
gs://seedlings-benchmark-auto-vcm/seedlings1/chickweed/096eb593d.png,chickweed
gs://seedlings-benchmark-auto-vcm/seedlings1/chickweed/654021d0e.png,chickweed
gs://seedlings-benchmark-auto-vcm/seedlings1/chickweed/1c1cce1e6.png,chickweed
gs://seedlings-benchmark-auto-vcm/seedlings1/chickweed/eb47d3894.png,chickweed
gs://seedlings-benchmark-auto-vcm/seedlings1/chickweed/0f44cf2af.png,chickweed
gs://seedlings-benchmark-auto-vcm/seedlings1/chickweed/fe1092cd5.png,chickweed
gs://seedlings-benchmark-auto-vcm/seedlings1/chickweed/108dfd224.png,chickweed
gs://seedlings-benchmark-auto-vcm/seedlings1/chickweed/06e9bbeba.png,chickweed
gs://seedlings-benchmark-auto-vcm/seedlings1/chickweed/037295da4.png,chickweed
gs://seedlings-benchmark-auto-vcm/seedlings1/chickweed/06c42cf3f.png,chickweed
gs://seedlings-benchmark-auto-vcm/seedlings1/chickweed/4e1e4b61e.png,chickweed
gs://seedlings-benchmark-auto-vcm/seedlings1/chickweed/04baa9ae6.png,chickweed
gs://seedlings-benchmark-auto-vcm/seedlings1/chickweed/310656b36.png,chickweed
gs://seedlings-benchmark-auto-vcm/seedlings1/chickweed/3777e7b53.png,chickweed
gs://seedlings-benchmark-auto-vcm/seedlings1/chickweed/08cdaa9ed.png,chickweed
gs://seedlings-benchmark-auto-vcm/seedlings1/chickweed/303835197.png,chickweed
gs://seedlings-benchmark-auto-vcm/seedlings1/chickweed/8060d0736.png,chickweed
gs://seedlings-benchmark-auto-vcm/seedlings1/chickweed/37cea3ddd.png,chickweed
gs://seedlings-benchmark-auto-vcm/seedlings1/chickweed/7e2d89904.png,chickweed
gs://seedlings-benchmark-auto-vcm/seedlings1/chickweed/808d8b604.png,chickweed
gs://seedlings-benchmark-auto-vcm/seedlings1/chickweed/d397d1c9c.png,chickweed
gs://seedlings-benchmark-auto-vcm/seedlings1/chickweed/a96438dae.png,chickweed
gs://seedlings-benchmark-auto-vcm/seedlings1/chickweed/9d1b4794a.png,chickweed
gs://seedlings-benchmark-auto-vcm/seedlings1/chickweed/bc92f8149.png,chickweed
gs://seedlings-benchmark-auto-vcm/seedlings1/chickweed/3ab7ac054.png,chickweed
gs://seedlings-benchmark-auto-vcm/seedlings1/chickweed/ad5906a2f.png,chickweed
gs://seedlings-benchmark-auto-vcm/seedlings1/chickweed/bc8889926.png,chickweed
gs://seedlings-benchmark-auto-vcm/seedlings1/chickweed/8b9cc2752.png,chickweed
gs://seedlings-benchmark-auto-vcm/seedlings1/chickweed/b48e67073.png,chickweed
gs://seedlings-benchmark-auto-vcm/seedlings1/chickweed/02beb950e.png,chickweed
gs://seedlings-benchmark-auto-vcm/seedlings1/chickweed/5f39564f3.png,chickweed
gs://seedlings-benchmark-auto-vcm/seedlings1/chickweed/e8cef28fa.png,chickweed
gs://seedlings-benchmark-auto-vcm/seedlings1/chickweed/0bc00be9f.png,chickweed
gs://seedlings-benchmark-auto-vcm/seedlings1/chickweed/17bd14c74.png,chickweed
gs://seedlings-benchmark-auto-vcm/seedlings1/chickweed/7d7675873.png,chickweed
gs://seedlings-benchmark-auto-vcm/seedlings1/chickweed/024b144e3.png,chickweed
gs://seedlings-benchmark-auto-vcm/seedlings1/chickweed/440d51444.png,chickweed
