gs://seedlings-benchmark-auto-vcm/seedlings1/cleavers/655d1ffdd.png,cleavers
gs://seedlings-benchmark-auto-vcm/seedlings1/cleavers/d90adada5.png,cleavers
gs://seedlings-benchmark-auto-vcm/seedlings1/cleavers/e96ebe7f6.png,cleavers
gs://seedlings-benchmark-auto-vcm/seedlings1/cleavers/491286e9c.png,cleavers
gs://seedlings-benchmark-auto-vcm/seedlings1/cleavers/bf07fe75d.png,cleavers
gs://seedlings-benchmark-auto-vcm/seedlings1/cleavers/d8597aa6a.png,cleavers
gs://seedlings-benchmark-auto-vcm/seedlings1/cleavers/d20d68489.png,cleavers
gs://seedlings-benchmark-auto-vcm/seedlings1/cleavers/005b4a3e3.png,cleavers
gs://seedlings-benchmark-auto-vcm/seedlings1/cleavers/5778852ed.png,cleavers
gs://seedlings-benchmark-auto-vcm/seedlings1/cleavers/9e966d9db.png,cleavers
gs://seedlings-benchmark-auto-vcm/seedlings1/cleavers/bd2fa36aa.png,cleavers
gs://seedlings-benchmark-auto-vcm/seedlings1/cleavers/41da62977.png,cleavers
gs://seedlings-benchmark-auto-vcm/seedlings1/cleavers/99c858d54.png,cleavers
gs://seedlings-benchmark-auto-vcm/seedlings1/cleavers/c3b79748e.png,cleavers
gs://seedlings-benchmark-auto-vcm/seedlings1/cleavers/c4dfaf0ee.png,cleavers
gs://seedlings-benchmark-auto-vcm/seedlings1/cleavers/8cf59e291.png,cleavers
gs://seedlings-benchmark-auto-vcm/seedlings1/cleavers/a96e704e7.png,cleavers
gs://seedlings-benchmark-auto-vcm/seedlings1/cleavers/01605ed73.png,cleavers
gs://seedlings-benchmark-auto-vcm/seedlings1/cleavers/be41914d8.png,cleavers
gs://seedlings-benchmark-auto-vcm/seedlings1/cleavers/67afc84df.png,cleavers
gs://seedlings-benchmark-auto-vcm/seedlings1/cleavers/1d0b4527d.png,cleavers
gs://seedlings-benchmark-auto-vcm/seedlings1/cleavers/7da3bda82.png,cleavers
gs://seedlings-benchmark-auto-vcm/seedlings1/cleavers/a9b4417a7.png,cleavers
gs://seedlings-benchmark-auto-vcm/seedlings1/cleavers/7da015f0a.png,cleavers
gs://seedlings-benchmark-auto-vcm/seedlings1/cleavers/8cc66b39e.png,cleavers
gs://seedlings-benchmark-auto-vcm/seedlings1/cleavers/c0c1567ab.png,cleavers
gs://seedlings-benchmark-auto-vcm/seedlings1/cleavers/6820df17f.png,cleavers
gs://seedlings-benchmark-auto-vcm/seedlings1/cleavers/124f732d8.png,cleavers
gs://seedlings-benchmark-auto-vcm/seedlings1/cleavers/bd4f2a692.png,cleavers
gs://seedlings-benchmark-auto-vcm/seedlings1/cleavers/f185a1d75.png,cleavers
gs://seedlings-benchmark-auto-vcm/seedlings1/cleavers/a26d6a898.png,cleavers
gs://seedlings-benchmark-auto-vcm/seedlings1/cleavers/1bc5bea6c.png,cleavers
gs://seedlings-benchmark-auto-vcm/seedlings1/cleavers/d17e2cfa1.png,cleavers
gs://seedlings-benchmark-auto-vcm/seedlings1/cleavers/591daf862.png,cleavers
gs://seedlings-benchmark-auto-vcm/seedlings1/cleavers/cc8f45811.png,cleavers
gs://seedlings-benchmark-auto-vcm/seedlings1/cleavers/09da4f213.png,cleavers
gs://seedlings-benchmark-auto-vcm/seedlings1/cleavers/98937154f.png,cleavers
gs://seedlings-benchmark-auto-vcm/seedlings1/cleavers/a562c2b14.png,cleavers
gs://seedlings-benchmark-auto-vcm/seedlings1/cleavers/2baa68b6e.png,cleavers
gs://seedlings-benchmark-auto-vcm/seedlings1/cleavers/f5a58ab42.png,cleavers
gs://seedlings-benchmark-auto-vcm/seedlings1/cleavers/06f447848.png,cleavers
gs://seedlings-benchmark-auto-vcm/seedlings1/cleavers/868da1d55.png,cleavers
gs://seedlings-benchmark-auto-vcm/seedlings1/cleavers/c5f01dc34.png,cleavers
gs://seedlings-benchmark-auto-vcm/seedlings1/cleavers/d55caa949.png,cleavers
gs://seedlings-benchmark-auto-vcm/seedlings1/cleavers/9e899d1ee.png,cleavers
gs://seedlings-benchmark-auto-vcm/seedlings1/cleavers/c9576e39e.png,cleavers
gs://seedlings-benchmark-auto-vcm/seedlings1/cleavers/4444af894.png,cleavers
gs://seedlings-benchmark-auto-vcm/seedlings1/cleavers/8a112bfb4.png,cleavers
gs://seedlings-benchmark-auto-vcm/seedlings1/cleavers/7e8212b65.png,cleavers
gs://seedlings-benchmark-auto-vcm/seedlings1/cleavers/fc26df0cf.png,cleavers
gs://seedlings-benchmark-auto-vcm/seedlings1/cleavers/ebe7c4208.png,cleavers
gs://seedlings-benchmark-auto-vcm/seedlings1/cleavers/44047de36.png,cleavers
gs://seedlings-benchmark-auto-vcm/seedlings1/cleavers/98ad03ef1.png,cleavers
gs://seedlings-benchmark-auto-vcm/seedlings1/cleavers/0bcf29af7.png,cleavers
gs://seedlings-benchmark-auto-vcm/seedlings1/cleavers/4613b263e.png,cleavers
gs://seedlings-benchmark-auto-vcm/seedlings1/cleavers/794b914bf.png,cleavers
gs://seedlings-benchmark-auto-vcm/seedlings1/cleavers/cf285e97d.png,cleavers
gs://seedlings-benchmark-auto-vcm/seedlings1/cleavers/58b68b1ea.png,cleavers
gs://seedlings-benchmark-auto-vcm/seedlings1/cleavers/8035a175e.png,cleavers
gs://seedlings-benchmark-auto-vcm/seedlings1/cleavers/ef4a36963.png,cleavers
gs://seedlings-benchmark-auto-vcm/seedlings1/cleavers/899877fe1.png,cleavers
gs://seedlings-benchmark-auto-vcm/seedlings1/cleavers/6e0fa9bcc.png,cleavers
gs://seedlings-benchmark-auto-vcm/seedlings1/cleavers/1e0caafd3.png,cleavers
gs://seedlings-benchmark-auto-vcm/seedlings1/cleavers/0a33283c7.png,cleavers
gs://seedlings-benchmark-auto-vcm/seedlings1/cleavers/db735ff97.png,cleavers
gs://seedlings-benchmark-auto-vcm/seedlings1/cleavers/2e97487c4.png,cleavers
gs://seedlings-benchmark-auto-vcm/seedlings1/cleavers/c977c4903.png,cleavers
gs://seedlings-benchmark-auto-vcm/seedlings1/cleavers/7cef265e7.png,cleavers
gs://seedlings-benchmark-auto-vcm/seedlings1/cleavers/da38229c7.png,cleavers
gs://seedlings-benchmark-auto-vcm/seedlings1/cleavers/853b1a32e.png,cleavers
gs://seedlings-benchmark-auto-vcm/seedlings1/cleavers/10a18e8d1.png,cleavers
gs://seedlings-benchmark-auto-vcm/seedlings1/cleavers/198653e67.png,cleavers
gs://seedlings-benchmark-auto-vcm/seedlings1/cleavers/9d763f383.png,cleavers
gs://seedlings-benchmark-auto-vcm/seedlings1/cleavers/c0784c573.png,cleavers
gs://seedlings-benchmark-auto-vcm/seedlings1/cleavers/c6c56d45c.png,cleavers
gs://seedlings-benchmark-auto-vcm/seedlings1/cleavers/c33c988c1.png,cleavers
gs://seedlings-benchmark-auto-vcm/seedlings1/cleavers/a714fbc63.png,cleavers
gs://seedlings-benchmark-auto-vcm/seedlings1/cleavers/b6220c08e.png,cleavers
gs://seedlings-benchmark-auto-vcm/seedlings1/cleavers/1e510607e.png,cleavers
gs://seedlings-benchmark-auto-vcm/seedlings1/cleavers/1b28a0668.png,cleavers
gs://seedlings-benchmark-auto-vcm/seedlings1/cleavers/00df90ed6.png,cleavers
gs://seedlings-benchmark-auto-vcm/seedlings1/cleavers/7b49d39c2.png,cleavers
gs://seedlings-benchmark-auto-vcm/seedlings1/cleavers/1ef8ef4af.png,cleavers
gs://seedlings-benchmark-auto-vcm/seedlings1/cleavers/3a4e50c40.png,cleavers
gs://seedlings-benchmark-auto-vcm/seedlings1/cleavers/368707311.png,cleavers
gs://seedlings-benchmark-auto-vcm/seedlings1/cleavers/4c7552a5c.png,cleavers
gs://seedlings-benchmark-auto-vcm/seedlings1/cleavers/0756fd41e.png,cleavers
gs://seedlings-benchmark-auto-vcm/seedlings1/cleavers/0ac0f0a66.png,cleavers
gs://seedlings-benchmark-auto-vcm/seedlings1/cleavers/136d5af0b.png,cleavers
gs://seedlings-benchmark-auto-vcm/seedlings1/cleavers/d96c1e585.png,cleavers
gs://seedlings-benchmark-auto-vcm/seedlings1/cleavers/581c0ecb3.png,cleavers
gs://seedlings-benchmark-auto-vcm/seedlings1/cleavers/a07efb1e0.png,cleavers
gs://seedlings-benchmark-auto-vcm/seedlings1/cleavers/c9a021a1a.png,cleavers
gs://seedlings-benchmark-auto-vcm/seedlings1/cleavers/4e01a3eab.png,cleavers
gs://seedlings-benchmark-auto-vcm/seedlings1/cleavers/aa2c378e7.png,cleavers
gs://seedlings-benchmark-auto-vcm/seedlings1/cleavers/c9e078b54.png,cleavers
gs://seedlings-benchmark-auto-vcm/seedlings1/cleavers/dbb42229b.png,cleavers
gs://seedlings-benchmark-auto-vcm/seedlings1/cleavers/2261906cf.png,cleavers
gs://seedlings-benchmark-auto-vcm/seedlings1/cleavers/3ccb22924.png,cleavers
gs://seedlings-benchmark-auto-vcm/seedlings1/cleavers/15f41649c.png,cleavers
gs://seedlings-benchmark-auto-vcm/seedlings1/cleavers/c4a974463.png,cleavers
gs://seedlings-benchmark-auto-vcm/seedlings1/cleavers/78dde1704.png,cleavers
gs://seedlings-benchmark-auto-vcm/seedlings1/cleavers/20964b9b7.png,cleavers
gs://seedlings-benchmark-auto-vcm/seedlings1/cleavers/3f5b465c6.png,cleavers
gs://seedlings-benchmark-auto-vcm/seedlings1/cleavers/feecf1be6.png,cleavers
gs://seedlings-benchmark-auto-vcm/seedlings1/cleavers/a3b9a33dd.png,cleavers
gs://seedlings-benchmark-auto-vcm/seedlings1/cleavers/9b35827fa.png,cleavers
gs://seedlings-benchmark-auto-vcm/seedlings1/cleavers/c806aa45d.png,cleavers
gs://seedlings-benchmark-auto-vcm/seedlings1/cleavers/364a60044.png,cleavers
gs://seedlings-benchmark-auto-vcm/seedlings1/cleavers/294d28c60.png,cleavers
gs://seedlings-benchmark-auto-vcm/seedlings1/cleavers/95a10dd51.png,cleavers
gs://seedlings-benchmark-auto-vcm/seedlings1/cleavers/3fc47de35.png,cleavers
gs://seedlings-benchmark-auto-vcm/seedlings1/cleavers/ee5cc2c19.png,cleavers
gs://seedlings-benchmark-auto-vcm/seedlings1/cleavers/5543b3415.png,cleavers
gs://seedlings-benchmark-auto-vcm/seedlings1/cleavers/e39dd6305.png,cleavers
gs://seedlings-benchmark-auto-vcm/seedlings1/cleavers/34648ed0b.png,cleavers
gs://seedlings-benchmark-auto-vcm/seedlings1/cleavers/bc66f9116.png,cleavers
gs://seedlings-benchmark-auto-vcm/seedlings1/cleavers/ed3e7e5a7.png,cleavers
gs://seedlings-benchmark-auto-vcm/seedlings1/cleavers/1a4fe0d36.png,cleavers
gs://seedlings-benchmark-auto-vcm/seedlings1/cleavers/f5608b615.png,cleavers
gs://seedlings-benchmark-auto-vcm/seedlings1/cleavers/c7b4ce2e3.png,cleavers
gs://seedlings-benchmark-auto-vcm/seedlings1/cleavers/9c337ab7a.png,cleavers
gs://seedlings-benchmark-auto-vcm/seedlings1/cleavers/d8f23e930.png,cleavers
gs://seedlings-benchmark-auto-vcm/seedlings1/cleavers/82a9322ea.png,cleavers
gs://seedlings-benchmark-auto-vcm/seedlings1/cleavers/58be08e22.png,cleavers
gs://seedlings-benchmark-auto-vcm/seedlings1/cleavers/1e33a3dce.png,cleavers
gs://seedlings-benchmark-auto-vcm/seedlings1/cleavers/34f210a03.png,cleavers
gs://seedlings-benchmark-auto-vcm/seedlings1/cleavers/1896061bc.png,cleavers
gs://seedlings-benchmark-auto-vcm/seedlings1/cleavers/d9739baa6.png,cleavers
gs://seedlings-benchmark-auto-vcm/seedlings1/cleavers/8c0e41a93.png,cleavers
gs://seedlings-benchmark-auto-vcm/seedlings1/cleavers/495602403.png,cleavers
gs://seedlings-benchmark-auto-vcm/seedlings1/cleavers/33c1f167f.png,cleavers
gs://seedlings-benchmark-auto-vcm/seedlings1/cleavers/16e0482dd.png,cleavers
gs://seedlings-benchmark-auto-vcm/seedlings1/cleavers/eb2b0d2f6.png,cleavers
gs://seedlings-benchmark-auto-vcm/seedlings1/cleavers/b07aeb162.png,cleavers
gs://seedlings-benchmark-auto-vcm/seedlings1/cleavers/94fa687c1.png,cleavers
gs://seedlings-benchmark-auto-vcm/seedlings1/cleavers/11c5eb5b6.png,cleavers
gs://seedlings-benchmark-auto-vcm/seedlings1/cleavers/952540220.png,cleavers
gs://seedlings-benchmark-auto-vcm/seedlings1/cleavers/c3f4b326a.png,cleavers
gs://seedlings-benchmark-auto-vcm/seedlings1/cleavers/8ee3f0b6f.png,cleavers
gs://seedlings-benchmark-auto-vcm/seedlings1/cleavers/5439f9f36.png,cleavers
gs://seedlings-benchmark-auto-vcm/seedlings1/cleavers/07ac7bc07.png,cleavers
gs://seedlings-benchmark-auto-vcm/seedlings1/cleavers/8df9991b8.png,cleavers
gs://seedlings-benchmark-auto-vcm/seedlings1/cleavers/03bee43c0.png,cleavers
gs://seedlings-benchmark-auto-vcm/seedlings1/cleavers/9214c2997.png,cleavers
gs://seedlings-benchmark-auto-vcm/seedlings1/cleavers/9b8ed8471.png,cleavers
gs://seedlings-benchmark-auto-vcm/seedlings1/cleavers/becdd9442.png,cleavers
gs://seedlings-benchmark-auto-vcm/seedlings1/cleavers/f1810d3fa.png,cleavers
gs://seedlings-benchmark-auto-vcm/seedlings1/cleavers/9e250b25f.png,cleavers
gs://seedlings-benchmark-auto-vcm/seedlings1/cleavers/cb3f058b9.png,cleavers
gs://seedlings-benchmark-auto-vcm/seedlings1/cleavers/595d40614.png,cleavers
gs://seedlings-benchmark-auto-vcm/seedlings1/cleavers/df341f2d4.png,cleavers
gs://seedlings-benchmark-auto-vcm/seedlings1/cleavers/3d9ea1649.png,cleavers
gs://seedlings-benchmark-auto-vcm/seedlings1/cleavers/b15ca8e4a.png,cleavers
gs://seedlings-benchmark-auto-vcm/seedlings1/cleavers/bd6681c02.png,cleavers
gs://seedlings-benchmark-auto-vcm/seedlings1/cleavers/88218400c.png,cleavers
gs://seedlings-benchmark-auto-vcm/seedlings1/cleavers/d99ddf94b.png,cleavers
gs://seedlings-benchmark-auto-vcm/seedlings1/cleavers/0522ec53b.png,cleavers
gs://seedlings-benchmark-auto-vcm/seedlings1/cleavers/a4cfc9036.png,cleavers
gs://seedlings-benchmark-auto-vcm/seedlings1/cleavers/2f38351b7.png,cleavers
gs://seedlings-benchmark-auto-vcm/seedlings1/cleavers/8c73a6f46.png,cleavers
gs://seedlings-benchmark-auto-vcm/seedlings1/cleavers/666fa4f1a.png,cleavers
gs://seedlings-benchmark-auto-vcm/seedlings1/cleavers/68a24bc47.png,cleavers
gs://seedlings-benchmark-auto-vcm/seedlings1/cleavers/252585ad8.png,cleavers
gs://seedlings-benchmark-auto-vcm/seedlings1/cleavers/6c10be2a7.png,cleavers
gs://seedlings-benchmark-auto-vcm/seedlings1/cleavers/5b5a7214a.png,cleavers
gs://seedlings-benchmark-auto-vcm/seedlings1/cleavers/36e0d8ca6.png,cleavers
gs://seedlings-benchmark-auto-vcm/seedlings1/cleavers/5aaaf0ea0.png,cleavers
gs://seedlings-benchmark-auto-vcm/seedlings1/cleavers/2297085a0.png,cleavers
gs://seedlings-benchmark-auto-vcm/seedlings1/cleavers/153f94019.png,cleavers
gs://seedlings-benchmark-auto-vcm/seedlings1/cleavers/5d2b820a9.png,cleavers
gs://seedlings-benchmark-auto-vcm/seedlings1/cleavers/0920492fd.png,cleavers
gs://seedlings-benchmark-auto-vcm/seedlings1/cleavers/ead01d4a3.png,cleavers
gs://seedlings-benchmark-auto-vcm/seedlings1/cleavers/c336c8da6.png,cleavers
gs://seedlings-benchmark-auto-vcm/seedlings1/cleavers/609c74407.png,cleavers
gs://seedlings-benchmark-auto-vcm/seedlings1/cleavers/2a1d10e06.png,cleavers
gs://seedlings-benchmark-auto-vcm/seedlings1/cleavers/8baf67453.png,cleavers
gs://seedlings-benchmark-auto-vcm/seedlings1/cleavers/323f03521.png,cleavers
gs://seedlings-benchmark-auto-vcm/seedlings1/cleavers/61287f47a.png,cleavers
gs://seedlings-benchmark-auto-vcm/seedlings1/cleavers/94f82e916.png,cleavers
gs://seedlings-benchmark-auto-vcm/seedlings1/cleavers/398cc8af9.png,cleavers
gs://seedlings-benchmark-auto-vcm/seedlings1/cleavers/f4248cc7f.png,cleavers
gs://seedlings-benchmark-auto-vcm/seedlings1/cleavers/0ac327873.png,cleavers
gs://seedlings-benchmark-auto-vcm/seedlings1/cleavers/944e50e37.png,cleavers
gs://seedlings-benchmark-auto-vcm/seedlings1/cleavers/1e5041183.png,cleavers
gs://seedlings-benchmark-auto-vcm/seedlings1/cleavers/7a9efaf6c.png,cleavers
gs://seedlings-benchmark-auto-vcm/seedlings1/cleavers/fd2683ed1.png,cleavers
gs://seedlings-benchmark-auto-vcm/seedlings1/cleavers/cd17d9cd6.png,cleavers
gs://seedlings-benchmark-auto-vcm/seedlings1/cleavers/77e4bee70.png,cleavers
gs://seedlings-benchmark-auto-vcm/seedlings1/cleavers/265a7f826.png,cleavers
gs://seedlings-benchmark-auto-vcm/seedlings1/cleavers/7f3369186.png,cleavers
gs://seedlings-benchmark-auto-vcm/seedlings1/cleavers/c30be2849.png,cleavers
gs://seedlings-benchmark-auto-vcm/seedlings1/cleavers/7e501d74c.png,cleavers
gs://seedlings-benchmark-auto-vcm/seedlings1/cleavers/a3085c4c8.png,cleavers
gs://seedlings-benchmark-auto-vcm/seedlings1/cleavers/750c447e0.png,cleavers
gs://seedlings-benchmark-auto-vcm/seedlings1/cleavers/e63ef7169.png,cleavers
gs://seedlings-benchmark-auto-vcm/seedlings1/cleavers/2c5c4d127.png,cleavers
gs://seedlings-benchmark-auto-vcm/seedlings1/cleavers/a06109e80.png,cleavers
gs://seedlings-benchmark-auto-vcm/seedlings1/cleavers/a51e6f301.png,cleavers
gs://seedlings-benchmark-auto-vcm/seedlings1/cleavers/500a7b5b3.png,cleavers
gs://seedlings-benchmark-auto-vcm/seedlings1/cleavers/6cead585f.png,cleavers
gs://seedlings-benchmark-auto-vcm/seedlings1/cleavers/0bdee2052.png,cleavers
gs://seedlings-benchmark-auto-vcm/seedlings1/cleavers/f9f3c4595.png,cleavers
gs://seedlings-benchmark-auto-vcm/seedlings1/cleavers/8c26d810d.png,cleavers
gs://seedlings-benchmark-auto-vcm/seedlings1/cleavers/1c801fa69.png,cleavers
gs://seedlings-benchmark-auto-vcm/seedlings1/cleavers/fd5074d77.png,cleavers
gs://seedlings-benchmark-auto-vcm/seedlings1/cleavers/b0a1ac210.png,cleavers
gs://seedlings-benchmark-auto-vcm/seedlings1/cleavers/c5f57467a.png,cleavers
gs://seedlings-benchmark-auto-vcm/seedlings1/cleavers/7b257e388.png,cleavers
gs://seedlings-benchmark-auto-vcm/seedlings1/cleavers/ba79cdbcb.png,cleavers
gs://seedlings-benchmark-auto-vcm/seedlings1/cleavers/75371625f.png,cleavers
gs://seedlings-benchmark-auto-vcm/seedlings1/cleavers/a5b126385.png,cleavers
gs://seedlings-benchmark-auto-vcm/seedlings1/cleavers/420f3654f.png,cleavers
gs://seedlings-benchmark-auto-vcm/seedlings1/cleavers/3232000bf.png,cleavers
gs://seedlings-benchmark-auto-vcm/seedlings1/cleavers/1526846f7.png,cleavers
gs://seedlings-benchmark-auto-vcm/seedlings1/cleavers/2e547d792.png,cleavers
gs://seedlings-benchmark-auto-vcm/seedlings1/cleavers/d81f07b0b.png,cleavers
gs://seedlings-benchmark-auto-vcm/seedlings1/cleavers/37a3c8675.png,cleavers
gs://seedlings-benchmark-auto-vcm/seedlings1/cleavers/4b9125e90.png,cleavers
gs://seedlings-benchmark-auto-vcm/seedlings1/cleavers/00aa8d5a4.png,cleavers
gs://seedlings-benchmark-auto-vcm/seedlings1/cleavers/0515bc601.png,cleavers
gs://seedlings-benchmark-auto-vcm/seedlings1/cleavers/7b9729321.png,cleavers
gs://seedlings-benchmark-auto-vcm/seedlings1/cleavers/1ffcc6d2c.png,cleavers
gs://seedlings-benchmark-auto-vcm/seedlings1/cleavers/f607ea0bf.png,cleavers
gs://seedlings-benchmark-auto-vcm/seedlings1/cleavers/db4d4f5a7.png,cleavers
gs://seedlings-benchmark-auto-vcm/seedlings1/cleavers/b022e53c3.png,cleavers
gs://seedlings-benchmark-auto-vcm/seedlings1/cleavers/491b8502a.png,cleavers
gs://seedlings-benchmark-auto-vcm/seedlings1/cleavers/f2d50dae3.png,cleavers
gs://seedlings-benchmark-auto-vcm/seedlings1/cleavers/a20cd3ec2.png,cleavers
gs://seedlings-benchmark-auto-vcm/seedlings1/cleavers/2559137f2.png,cleavers
gs://seedlings-benchmark-auto-vcm/seedlings1/cleavers/6acdb8e68.png,cleavers
gs://seedlings-benchmark-auto-vcm/seedlings1/cleavers/e923f523a.png,cleavers
gs://seedlings-benchmark-auto-vcm/seedlings1/cleavers/1c43f8251.png,cleavers
gs://seedlings-benchmark-auto-vcm/seedlings1/cleavers/857304342.png,cleavers
gs://seedlings-benchmark-auto-vcm/seedlings1/cleavers/8aa470d03.png,cleavers
gs://seedlings-benchmark-auto-vcm/seedlings1/cleavers/5010487f2.png,cleavers
gs://seedlings-benchmark-auto-vcm/seedlings1/cleavers/184e9eb16.png,cleavers
gs://seedlings-benchmark-auto-vcm/seedlings1/cleavers/33d0d3358.png,cleavers
gs://seedlings-benchmark-auto-vcm/seedlings1/cleavers/1af15c939.png,cleavers
gs://seedlings-benchmark-auto-vcm/seedlings1/cleavers/0f557bb1a.png,cleavers
gs://seedlings-benchmark-auto-vcm/seedlings1/cleavers/ea343a58f.png,cleavers
gs://seedlings-benchmark-auto-vcm/seedlings1/cleavers/15917308c.png,cleavers
gs://seedlings-benchmark-auto-vcm/seedlings1/cleavers/3c2e76718.png,cleavers
gs://seedlings-benchmark-auto-vcm/seedlings1/cleavers/e8398d543.png,cleavers
gs://seedlings-benchmark-auto-vcm/seedlings1/cleavers/4449f17c5.png,cleavers
gs://seedlings-benchmark-auto-vcm/seedlings1/cleavers/6bcc0c252.png,cleavers
gs://seedlings-benchmark-auto-vcm/seedlings1/cleavers/44ef950c3.png,cleavers
gs://seedlings-benchmark-auto-vcm/seedlings1/cleavers/eed8f31b8.png,cleavers
gs://seedlings-benchmark-auto-vcm/seedlings1/cleavers/83abc465e.png,cleavers
gs://seedlings-benchmark-auto-vcm/seedlings1/cleavers/0bec204c7.png,cleavers
gs://seedlings-benchmark-auto-vcm/seedlings1/cleavers/413a96d3d.png,cleavers
gs://seedlings-benchmark-auto-vcm/seedlings1/cleavers/360f883f6.png,cleavers
gs://seedlings-benchmark-auto-vcm/seedlings1/cleavers/ee1cd35fa.png,cleavers
gs://seedlings-benchmark-auto-vcm/seedlings1/cleavers/4620b59f7.png,cleavers
gs://seedlings-benchmark-auto-vcm/seedlings1/cleavers/0dbfac958.png,cleavers
gs://seedlings-benchmark-auto-vcm/seedlings1/cleavers/3516267fc.png,cleavers
gs://seedlings-benchmark-auto-vcm/seedlings1/cleavers/68a3d6b27.png,cleavers
gs://seedlings-benchmark-auto-vcm/seedlings1/cleavers/7fa1a92ca.png,cleavers
gs://seedlings-benchmark-auto-vcm/seedlings1/cleavers/502eee444.png,cleavers
gs://seedlings-benchmark-auto-vcm/seedlings1/cleavers/d3a7492ff.png,cleavers
gs://seedlings-benchmark-auto-vcm/seedlings1/cleavers/11760cf9f.png,cleavers
gs://seedlings-benchmark-auto-vcm/seedlings1/cleavers/4301f9c21.png,cleavers
gs://seedlings-benchmark-auto-vcm/seedlings1/cleavers/796b61337.png,cleavers
gs://seedlings-benchmark-auto-vcm/seedlings1/cleavers/7e9b71110.png,cleavers
gs://seedlings-benchmark-auto-vcm/seedlings1/cleavers/6cd9902c0.png,cleavers
gs://seedlings-benchmark-auto-vcm/seedlings1/cleavers/42645d809.png,cleavers
gs://seedlings-benchmark-auto-vcm/seedlings1/cleavers/85b23f3e6.png,cleavers
gs://seedlings-benchmark-auto-vcm/seedlings1/cleavers/565a81e32.png,cleavers
gs://seedlings-benchmark-auto-vcm/seedlings1/cleavers/fd2400d5f.png,cleavers
gs://seedlings-benchmark-auto-vcm/seedlings1/cleavers/6895ae7c9.png,cleavers
gs://seedlings-benchmark-auto-vcm/seedlings1/cleavers/e2d1c8a71.png,cleavers
gs://seedlings-benchmark-auto-vcm/seedlings1/cleavers/863b1dbd4.png,cleavers
gs://seedlings-benchmark-auto-vcm/seedlings1/cleavers/9b941ac1b.png,cleavers
gs://seedlings-benchmark-auto-vcm/seedlings1/cleavers/0a1e622bc.png,cleavers
gs://seedlings-benchmark-auto-vcm/seedlings1/cleavers/5abac7fbf.png,cleavers
gs://seedlings-benchmark-auto-vcm/seedlings1/cleavers/d4803dca4.png,cleavers
gs://seedlings-benchmark-auto-vcm/seedlings1/cleavers/6a4ef17c2.png,cleavers
gs://seedlings-benchmark-auto-vcm/seedlings1/cleavers/299190b08.png,cleavers
gs://seedlings-benchmark-auto-vcm/seedlings1/cleavers/2e47c7233.png,cleavers
gs://seedlings-benchmark-auto-vcm/seedlings1/cleavers/871ec43cc.png,cleavers
gs://seedlings-benchmark-auto-vcm/seedlings1/cleavers/30418535b.png,cleavers
gs://seedlings-benchmark-auto-vcm/seedlings1/cleavers/abb763143.png,cleavers
gs://seedlings-benchmark-auto-vcm/seedlings1/cleavers/d4552e3f6.png,cleavers
gs://seedlings-benchmark-auto-vcm/seedlings1/cleavers/cc2ffb750.png,cleavers
gs://seedlings-benchmark-auto-vcm/seedlings1/cleavers/0b44c3a6c.png,cleavers
gs://seedlings-benchmark-auto-vcm/seedlings1/cleavers/f60e82a03.png,cleavers
gs://seedlings-benchmark-auto-vcm/seedlings1/cleavers/fab297bc9.png,cleavers
