gs://seedlings-benchmark-auto-vcm/seedlings1/cranesbill/2e1dc6e23.png,cranesbill
gs://seedlings-benchmark-auto-vcm/seedlings1/cranesbill/2acee6217.png,cranesbill
gs://seedlings-benchmark-auto-vcm/seedlings1/cranesbill/70aa9e547.png,cranesbill
gs://seedlings-benchmark-auto-vcm/seedlings1/cranesbill/a17451743.png,cranesbill
gs://seedlings-benchmark-auto-vcm/seedlings1/cranesbill/9ca3c5573.png,cranesbill
gs://seedlings-benchmark-auto-vcm/seedlings1/cranesbill/7d89d7a87.png,cranesbill
gs://seedlings-benchmark-auto-vcm/seedlings1/cranesbill/e29577320.png,cranesbill
gs://seedlings-benchmark-auto-vcm/seedlings1/cranesbill/cd47ff628.png,cranesbill
gs://seedlings-benchmark-auto-vcm/seedlings1/cranesbill/8dc954c08.png,cranesbill
gs://seedlings-benchmark-auto-vcm/seedlings1/cranesbill/5dbc8a7d9.png,cranesbill
gs://seedlings-benchmark-auto-vcm/seedlings1/cranesbill/33c5d5c61.png,cranesbill
gs://seedlings-benchmark-auto-vcm/seedlings1/cranesbill/21f880735.png,cranesbill
gs://seedlings-benchmark-auto-vcm/seedlings1/cranesbill/79cc6a8e8.png,cranesbill
gs://seedlings-benchmark-auto-vcm/seedlings1/cranesbill/acbf61855.png,cranesbill
gs://seedlings-benchmark-auto-vcm/seedlings1/cranesbill/f467bd532.png,cranesbill
gs://seedlings-benchmark-auto-vcm/seedlings1/cranesbill/cf60b7687.png,cranesbill
gs://seedlings-benchmark-auto-vcm/seedlings1/cranesbill/688b5551d.png,cranesbill
gs://seedlings-benchmark-auto-vcm/seedlings1/cranesbill/29ed37400.png,cranesbill
gs://seedlings-benchmark-auto-vcm/seedlings1/cranesbill/b48d3c6cd.png,cranesbill
gs://seedlings-benchmark-auto-vcm/seedlings1/cranesbill/7adff29ac.png,cranesbill
gs://seedlings-benchmark-auto-vcm/seedlings1/cranesbill/882227162.png,cranesbill
gs://seedlings-benchmark-auto-vcm/seedlings1/cranesbill/db360e6d2.png,cranesbill
gs://seedlings-benchmark-auto-vcm/seedlings1/cranesbill/00d030ea0.png,cranesbill
gs://seedlings-benchmark-auto-vcm/seedlings1/cranesbill/e909c5348.png,cranesbill
gs://seedlings-benchmark-auto-vcm/seedlings1/cranesbill/869c32954.png,cranesbill
gs://seedlings-benchmark-auto-vcm/seedlings1/cranesbill/6c03f3f02.png,cranesbill
gs://seedlings-benchmark-auto-vcm/seedlings1/cranesbill/5d1f49b75.png,cranesbill
gs://seedlings-benchmark-auto-vcm/seedlings1/cranesbill/b5454be5c.png,cranesbill
gs://seedlings-benchmark-auto-vcm/seedlings1/cranesbill/4a2f80f95.png,cranesbill
gs://seedlings-benchmark-auto-vcm/seedlings1/cranesbill/bf60251b5.png,cranesbill
gs://seedlings-benchmark-auto-vcm/seedlings1/cranesbill/d492da1ba.png,cranesbill
gs://seedlings-benchmark-auto-vcm/seedlings1/cranesbill/06a64ac47.png,cranesbill
gs://seedlings-benchmark-auto-vcm/seedlings1/cranesbill/42db489c6.png,cranesbill
gs://seedlings-benchmark-auto-vcm/seedlings1/cranesbill/ec87dcbbf.png,cranesbill
gs://seedlings-benchmark-auto-vcm/seedlings1/cranesbill/4430933ca.png,cranesbill
gs://seedlings-benchmark-auto-vcm/seedlings1/cranesbill/9dd370e79.png,cranesbill
gs://seedlings-benchmark-auto-vcm/seedlings1/cranesbill/1a73adfd9.png,cranesbill
gs://seedlings-benchmark-auto-vcm/seedlings1/cranesbill/498878207.png,cranesbill
gs://seedlings-benchmark-auto-vcm/seedlings1/cranesbill/63ede4ce5.png,cranesbill
gs://seedlings-benchmark-auto-vcm/seedlings1/cranesbill/81550ffb9.png,cranesbill
gs://seedlings-benchmark-auto-vcm/seedlings1/cranesbill/3b27d30a3.png,cranesbill
gs://seedlings-benchmark-auto-vcm/seedlings1/cranesbill/29c3df915.png,cranesbill
gs://seedlings-benchmark-auto-vcm/seedlings1/cranesbill/28f8c7f43.png,cranesbill
gs://seedlings-benchmark-auto-vcm/seedlings1/cranesbill/3c6f4fe90.png,cranesbill
gs://seedlings-benchmark-auto-vcm/seedlings1/cranesbill/6b950f5f0.png,cranesbill
gs://seedlings-benchmark-auto-vcm/seedlings1/cranesbill/1b71148aa.png,cranesbill
gs://seedlings-benchmark-auto-vcm/seedlings1/cranesbill/12ba9357a.png,cranesbill
gs://seedlings-benchmark-auto-vcm/seedlings1/cranesbill/55f1cad85.png,cranesbill
gs://seedlings-benchmark-auto-vcm/seedlings1/cranesbill/d03c0b230.png,cranesbill
gs://seedlings-benchmark-auto-vcm/seedlings1/cranesbill/fae94cdba.png,cranesbill
gs://seedlings-benchmark-auto-vcm/seedlings1/cranesbill/8e1a744c8.png,cranesbill
gs://seedlings-benchmark-auto-vcm/seedlings1/cranesbill/c7344c2e3.png,cranesbill
gs://seedlings-benchmark-auto-vcm/seedlings1/cranesbill/749f91a6f.png,cranesbill
gs://seedlings-benchmark-auto-vcm/seedlings1/cranesbill/ceaf23106.png,cranesbill
gs://seedlings-benchmark-auto-vcm/seedlings1/cranesbill/2ab0c21fb.png,cranesbill
gs://seedlings-benchmark-auto-vcm/seedlings1/cranesbill/75107b8b4.png,cranesbill
gs://seedlings-benchmark-auto-vcm/seedlings1/cranesbill/50a132243.png,cranesbill
gs://seedlings-benchmark-auto-vcm/seedlings1/cranesbill/a1f60fe38.png,cranesbill
gs://seedlings-benchmark-auto-vcm/seedlings1/cranesbill/d52d13ac9.png,cranesbill
gs://seedlings-benchmark-auto-vcm/seedlings1/cranesbill/7d4bd6fe6.png,cranesbill
gs://seedlings-benchmark-auto-vcm/seedlings1/cranesbill/d21bfbaa7.png,cranesbill
gs://seedlings-benchmark-auto-vcm/seedlings1/cranesbill/47c9b5639.png,cranesbill
gs://seedlings-benchmark-auto-vcm/seedlings1/cranesbill/984f52a86.png,cranesbill
gs://seedlings-benchmark-auto-vcm/seedlings1/cranesbill/a7864d8f3.png,cranesbill
gs://seedlings-benchmark-auto-vcm/seedlings1/cranesbill/635dc514d.png,cranesbill
gs://seedlings-benchmark-auto-vcm/seedlings1/cranesbill/e8a99d459.png,cranesbill
gs://seedlings-benchmark-auto-vcm/seedlings1/cranesbill/8023cf2e2.png,cranesbill
gs://seedlings-benchmark-auto-vcm/seedlings1/cranesbill/01e18fd1a.png,cranesbill
gs://seedlings-benchmark-auto-vcm/seedlings1/cranesbill/b4cf2660d.png,cranesbill
gs://seedlings-benchmark-auto-vcm/seedlings1/cranesbill/276bb8993.png,cranesbill
gs://seedlings-benchmark-auto-vcm/seedlings1/cranesbill/34a7bd232.png,cranesbill
gs://seedlings-benchmark-auto-vcm/seedlings1/cranesbill/04559c69c.png,cranesbill
gs://seedlings-benchmark-auto-vcm/seedlings1/cranesbill/79158945e.png,cranesbill
gs://seedlings-benchmark-auto-vcm/seedlings1/cranesbill/c046b4f90.png,cranesbill
gs://seedlings-benchmark-auto-vcm/seedlings1/cranesbill/86a747d04.png,cranesbill
gs://seedlings-benchmark-auto-vcm/seedlings1/cranesbill/137126847.png,cranesbill
gs://seedlings-benchmark-auto-vcm/seedlings1/cranesbill/cae4dac21.png,cranesbill
gs://seedlings-benchmark-auto-vcm/seedlings1/cranesbill/6749e8eec.png,cranesbill
gs://seedlings-benchmark-auto-vcm/seedlings1/cranesbill/23125a26e.png,cranesbill
gs://seedlings-benchmark-auto-vcm/seedlings1/cranesbill/8d3505642.png,cranesbill
gs://seedlings-benchmark-auto-vcm/seedlings1/cranesbill/c2922dd4b.png,cranesbill
gs://seedlings-benchmark-auto-vcm/seedlings1/cranesbill/b53ebbdc8.png,cranesbill
gs://seedlings-benchmark-auto-vcm/seedlings1/cranesbill/c97427ee2.png,cranesbill
gs://seedlings-benchmark-auto-vcm/seedlings1/cranesbill/a11144563.png,cranesbill
gs://seedlings-benchmark-auto-vcm/seedlings1/cranesbill/4507d5e15.png,cranesbill
gs://seedlings-benchmark-auto-vcm/seedlings1/cranesbill/d7314844c.png,cranesbill
gs://seedlings-benchmark-auto-vcm/seedlings1/cranesbill/3cdca6a6c.png,cranesbill
gs://seedlings-benchmark-auto-vcm/seedlings1/cranesbill/3ad4ad205.png,cranesbill
gs://seedlings-benchmark-auto-vcm/seedlings1/cranesbill/e19c8b666.png,cranesbill
gs://seedlings-benchmark-auto-vcm/seedlings1/cranesbill/0e7f05ec0.png,cranesbill
gs://seedlings-benchmark-auto-vcm/seedlings1/cranesbill/6793f76c0.png,cranesbill
gs://seedlings-benchmark-auto-vcm/seedlings1/cranesbill/6efe11b4b.png,cranesbill
gs://seedlings-benchmark-auto-vcm/seedlings1/cranesbill/f57d6d212.png,cranesbill
gs://seedlings-benchmark-auto-vcm/seedlings1/cranesbill/655b9fa57.png,cranesbill
gs://seedlings-benchmark-auto-vcm/seedlings1/cranesbill/909da3410.png,cranesbill
gs://seedlings-benchmark-auto-vcm/seedlings1/cranesbill/90246ebf3.png,cranesbill
gs://seedlings-benchmark-auto-vcm/seedlings1/cranesbill/8f463eb5c.png,cranesbill
gs://seedlings-benchmark-auto-vcm/seedlings1/cranesbill/b1878d0bc.png,cranesbill
gs://seedlings-benchmark-auto-vcm/seedlings1/cranesbill/abf3ee5df.png,cranesbill
gs://seedlings-benchmark-auto-vcm/seedlings1/cranesbill/09d34fe5b.png,cranesbill
gs://seedlings-benchmark-auto-vcm/seedlings1/cranesbill/8668f7d12.png,cranesbill
gs://seedlings-benchmark-auto-vcm/seedlings1/cranesbill/0d85a4e16.png,cranesbill
gs://seedlings-benchmark-auto-vcm/seedlings1/cranesbill/f253f407d.png,cranesbill
gs://seedlings-benchmark-auto-vcm/seedlings1/cranesbill/a092428cd.png,cranesbill
gs://seedlings-benchmark-auto-vcm/seedlings1/cranesbill/e787fda09.png,cranesbill
gs://seedlings-benchmark-auto-vcm/seedlings1/cranesbill/055922489.png,cranesbill
gs://seedlings-benchmark-auto-vcm/seedlings1/cranesbill/d394d353a.png,cranesbill
gs://seedlings-benchmark-auto-vcm/seedlings1/cranesbill/72243ee0c.png,cranesbill
gs://seedlings-benchmark-auto-vcm/seedlings1/cranesbill/9f87371b2.png,cranesbill
gs://seedlings-benchmark-auto-vcm/seedlings1/cranesbill/28da4b5c3.png,cranesbill
gs://seedlings-benchmark-auto-vcm/seedlings1/cranesbill/d9f79c9ce.png,cranesbill
gs://seedlings-benchmark-auto-vcm/seedlings1/cranesbill/4a786b0d4.png,cranesbill
gs://seedlings-benchmark-auto-vcm/seedlings1/cranesbill/88e24e307.png,cranesbill
gs://seedlings-benchmark-auto-vcm/seedlings1/cranesbill/e0ed50f3a.png,cranesbill
gs://seedlings-benchmark-auto-vcm/seedlings1/cranesbill/13729b12c.png,cranesbill
gs://seedlings-benchmark-auto-vcm/seedlings1/cranesbill/e682d2f54.png,cranesbill
gs://seedlings-benchmark-auto-vcm/seedlings1/cranesbill/9b569f4c2.png,cranesbill
gs://seedlings-benchmark-auto-vcm/seedlings1/cranesbill/91cd35be2.png,cranesbill
gs://seedlings-benchmark-auto-vcm/seedlings1/cranesbill/a1ab74926.png,cranesbill
gs://seedlings-benchmark-auto-vcm/seedlings1/cranesbill/ccf00806f.png,cranesbill
gs://seedlings-benchmark-auto-vcm/seedlings1/cranesbill/76b2d6bf8.png,cranesbill
gs://seedlings-benchmark-auto-vcm/seedlings1/cranesbill/c3eb8fe23.png,cranesbill
gs://seedlings-benchmark-auto-vcm/seedlings1/cranesbill/8788bc3cb.png,cranesbill
gs://seedlings-benchmark-auto-vcm/seedlings1/cranesbill/d0300ef58.png,cranesbill
gs://seedlings-benchmark-auto-vcm/seedlings1/cranesbill/1476d787e.png,cranesbill
gs://seedlings-benchmark-auto-vcm/seedlings1/cranesbill/3e2d7bdea.png,cranesbill
gs://seedlings-benchmark-auto-vcm/seedlings1/cranesbill/6118042fe.png,cranesbill
gs://seedlings-benchmark-auto-vcm/seedlings1/cranesbill/8032a7f05.png,cranesbill
gs://seedlings-benchmark-auto-vcm/seedlings1/cranesbill/f1196e55f.png,cranesbill
gs://seedlings-benchmark-auto-vcm/seedlings1/cranesbill/46b54b502.png,cranesbill
gs://seedlings-benchmark-auto-vcm/seedlings1/cranesbill/847ca1669.png,cranesbill
gs://seedlings-benchmark-auto-vcm/seedlings1/cranesbill/7405aee1b.png,cranesbill
gs://seedlings-benchmark-auto-vcm/seedlings1/cranesbill/c5eba9d04.png,cranesbill
gs://seedlings-benchmark-auto-vcm/seedlings1/cranesbill/6f29a7ddb.png,cranesbill
gs://seedlings-benchmark-auto-vcm/seedlings1/cranesbill/922f5f1d1.png,cranesbill
gs://seedlings-benchmark-auto-vcm/seedlings1/cranesbill/b94448246.png,cranesbill
gs://seedlings-benchmark-auto-vcm/seedlings1/cranesbill/75ae1bb94.png,cranesbill
gs://seedlings-benchmark-auto-vcm/seedlings1/cranesbill/400479897.png,cranesbill
gs://seedlings-benchmark-auto-vcm/seedlings1/cranesbill/5a4584b98.png,cranesbill
gs://seedlings-benchmark-auto-vcm/seedlings1/cranesbill/1c41c5fd4.png,cranesbill
gs://seedlings-benchmark-auto-vcm/seedlings1/cranesbill/75ac0573e.png,cranesbill
gs://seedlings-benchmark-auto-vcm/seedlings1/cranesbill/9ab1673ae.png,cranesbill
gs://seedlings-benchmark-auto-vcm/seedlings1/cranesbill/2f83f3ebd.png,cranesbill
gs://seedlings-benchmark-auto-vcm/seedlings1/cranesbill/f43489876.png,cranesbill
gs://seedlings-benchmark-auto-vcm/seedlings1/cranesbill/a134e87e9.png,cranesbill
gs://seedlings-benchmark-auto-vcm/seedlings1/cranesbill/8e9cdb545.png,cranesbill
gs://seedlings-benchmark-auto-vcm/seedlings1/cranesbill/fb60fbf1a.png,cranesbill
gs://seedlings-benchmark-auto-vcm/seedlings1/cranesbill/97aee87ec.png,cranesbill
gs://seedlings-benchmark-auto-vcm/seedlings1/cranesbill/517aa9aec.png,cranesbill
gs://seedlings-benchmark-auto-vcm/seedlings1/cranesbill/a1db4ec9e.png,cranesbill
gs://seedlings-benchmark-auto-vcm/seedlings1/cranesbill/55c8528fe.png,cranesbill
gs://seedlings-benchmark-auto-vcm/seedlings1/cranesbill/3b0100994.png,cranesbill
gs://seedlings-benchmark-auto-vcm/seedlings1/cranesbill/801c3e668.png,cranesbill
gs://seedlings-benchmark-auto-vcm/seedlings1/cranesbill/0f2dbf503.png,cranesbill
gs://seedlings-benchmark-auto-vcm/seedlings1/cranesbill/301edf06a.png,cranesbill
gs://seedlings-benchmark-auto-vcm/seedlings1/cranesbill/dc7dd83eb.png,cranesbill
gs://seedlings-benchmark-auto-vcm/seedlings1/cranesbill/b1d3ecd6c.png,cranesbill
gs://seedlings-benchmark-auto-vcm/seedlings1/cranesbill/4c8af2ed3.png,cranesbill
gs://seedlings-benchmark-auto-vcm/seedlings1/cranesbill/bd1e9e013.png,cranesbill
gs://seedlings-benchmark-auto-vcm/seedlings1/cranesbill/e1be6ab61.png,cranesbill
gs://seedlings-benchmark-auto-vcm/seedlings1/cranesbill/524b4014b.png,cranesbill
gs://seedlings-benchmark-auto-vcm/seedlings1/cranesbill/42d2369a7.png,cranesbill
gs://seedlings-benchmark-auto-vcm/seedlings1/cranesbill/2e03bc81d.png,cranesbill
gs://seedlings-benchmark-auto-vcm/seedlings1/cranesbill/4731cb066.png,cranesbill
gs://seedlings-benchmark-auto-vcm/seedlings1/cranesbill/e5c038840.png,cranesbill
gs://seedlings-benchmark-auto-vcm/seedlings1/cranesbill/7c3ca61ff.png,cranesbill
gs://seedlings-benchmark-auto-vcm/seedlings1/cranesbill/605478787.png,cranesbill
gs://seedlings-benchmark-auto-vcm/seedlings1/cranesbill/f46902555.png,cranesbill
gs://seedlings-benchmark-auto-vcm/seedlings1/cranesbill/3810c2e11.png,cranesbill
gs://seedlings-benchmark-auto-vcm/seedlings1/cranesbill/6c7043cc5.png,cranesbill
gs://seedlings-benchmark-auto-vcm/seedlings1/cranesbill/c2143cbb6.png,cranesbill
gs://seedlings-benchmark-auto-vcm/seedlings1/cranesbill/876391c4f.png,cranesbill
gs://seedlings-benchmark-auto-vcm/seedlings1/cranesbill/9fe156262.png,cranesbill
gs://seedlings-benchmark-auto-vcm/seedlings1/cranesbill/da462b870.png,cranesbill
gs://seedlings-benchmark-auto-vcm/seedlings1/cranesbill/ebbadc4c2.png,cranesbill
gs://seedlings-benchmark-auto-vcm/seedlings1/cranesbill/fb4522b41.png,cranesbill
gs://seedlings-benchmark-auto-vcm/seedlings1/cranesbill/af181cd9c.png,cranesbill
gs://seedlings-benchmark-auto-vcm/seedlings1/cranesbill/58e22d25a.png,cranesbill
gs://seedlings-benchmark-auto-vcm/seedlings1/cranesbill/6d1b9bb16.png,cranesbill
gs://seedlings-benchmark-auto-vcm/seedlings1/cranesbill/feea57708.png,cranesbill
gs://seedlings-benchmark-auto-vcm/seedlings1/cranesbill/071907a13.png,cranesbill
gs://seedlings-benchmark-auto-vcm/seedlings1/cranesbill/d1476bc9f.png,cranesbill
gs://seedlings-benchmark-auto-vcm/seedlings1/cranesbill/68ac98ab6.png,cranesbill
gs://seedlings-benchmark-auto-vcm/seedlings1/cranesbill/2bf465881.png,cranesbill
gs://seedlings-benchmark-auto-vcm/seedlings1/cranesbill/2bfbed251.png,cranesbill
gs://seedlings-benchmark-auto-vcm/seedlings1/cranesbill/5b7582e22.png,cranesbill
gs://seedlings-benchmark-auto-vcm/seedlings1/cranesbill/b5785cf1a.png,cranesbill
gs://seedlings-benchmark-auto-vcm/seedlings1/cranesbill/ca507e99a.png,cranesbill
gs://seedlings-benchmark-auto-vcm/seedlings1/cranesbill/38080b297.png,cranesbill
gs://seedlings-benchmark-auto-vcm/seedlings1/cranesbill/0a2ff1911.png,cranesbill
gs://seedlings-benchmark-auto-vcm/seedlings1/cranesbill/3d04b2a31.png,cranesbill
gs://seedlings-benchmark-auto-vcm/seedlings1/cranesbill/5fa533084.png,cranesbill
gs://seedlings-benchmark-auto-vcm/seedlings1/cranesbill/28277f807.png,cranesbill
gs://seedlings-benchmark-auto-vcm/seedlings1/cranesbill/b8ac37dcd.png,cranesbill
gs://seedlings-benchmark-auto-vcm/seedlings1/cranesbill/6226031d8.png,cranesbill
gs://seedlings-benchmark-auto-vcm/seedlings1/cranesbill/188dcbe7b.png,cranesbill
gs://seedlings-benchmark-auto-vcm/seedlings1/cranesbill/87cafd4dc.png,cranesbill
gs://seedlings-benchmark-auto-vcm/seedlings1/cranesbill/499180403.png,cranesbill
gs://seedlings-benchmark-auto-vcm/seedlings1/cranesbill/92888379a.png,cranesbill
gs://seedlings-benchmark-auto-vcm/seedlings1/cranesbill/525ba66d4.png,cranesbill
gs://seedlings-benchmark-auto-vcm/seedlings1/cranesbill/8e0da1b17.png,cranesbill
gs://seedlings-benchmark-auto-vcm/seedlings1/cranesbill/90e1ab9bd.png,cranesbill
gs://seedlings-benchmark-auto-vcm/seedlings1/cranesbill/db3847e4e.png,cranesbill
gs://seedlings-benchmark-auto-vcm/seedlings1/cranesbill/ba08ca84c.png,cranesbill
gs://seedlings-benchmark-auto-vcm/seedlings1/cranesbill/85f1d46e7.png,cranesbill
gs://seedlings-benchmark-auto-vcm/seedlings1/cranesbill/c77195c15.png,cranesbill
gs://seedlings-benchmark-auto-vcm/seedlings1/cranesbill/149f18d8c.png,cranesbill
gs://seedlings-benchmark-auto-vcm/seedlings1/cranesbill/db3085018.png,cranesbill
gs://seedlings-benchmark-auto-vcm/seedlings1/cranesbill/e82c4271a.png,cranesbill
gs://seedlings-benchmark-auto-vcm/seedlings1/cranesbill/17c80c4fd.png,cranesbill
gs://seedlings-benchmark-auto-vcm/seedlings1/cranesbill/5861480ff.png,cranesbill
gs://seedlings-benchmark-auto-vcm/seedlings1/cranesbill/65d04573e.png,cranesbill
gs://seedlings-benchmark-auto-vcm/seedlings1/cranesbill/cbd4362a2.png,cranesbill
gs://seedlings-benchmark-auto-vcm/seedlings1/cranesbill/efbf3750d.png,cranesbill
gs://seedlings-benchmark-auto-vcm/seedlings1/cranesbill/532679a1a.png,cranesbill
gs://seedlings-benchmark-auto-vcm/seedlings1/cranesbill/2fa64903c.png,cranesbill
gs://seedlings-benchmark-auto-vcm/seedlings1/cranesbill/acbd8f766.png,cranesbill
gs://seedlings-benchmark-auto-vcm/seedlings1/cranesbill/c6ffe3328.png,cranesbill
gs://seedlings-benchmark-auto-vcm/seedlings1/cranesbill/96bdc048d.png,cranesbill
gs://seedlings-benchmark-auto-vcm/seedlings1/cranesbill/39070241e.png,cranesbill
gs://seedlings-benchmark-auto-vcm/seedlings1/cranesbill/e0a816c0b.png,cranesbill
gs://seedlings-benchmark-auto-vcm/seedlings1/cranesbill/0958bdb64.png,cranesbill
gs://seedlings-benchmark-auto-vcm/seedlings1/cranesbill/4bc35381d.png,cranesbill
gs://seedlings-benchmark-auto-vcm/seedlings1/cranesbill/26c48a815.png,cranesbill
gs://seedlings-benchmark-auto-vcm/seedlings1/cranesbill/4f0970770.png,cranesbill
gs://seedlings-benchmark-auto-vcm/seedlings1/cranesbill/e910500a6.png,cranesbill
gs://seedlings-benchmark-auto-vcm/seedlings1/cranesbill/82e3f3c74.png,cranesbill
gs://seedlings-benchmark-auto-vcm/seedlings1/cranesbill/77add63eb.png,cranesbill
gs://seedlings-benchmark-auto-vcm/seedlings1/cranesbill/87429079a.png,cranesbill
gs://seedlings-benchmark-auto-vcm/seedlings1/cranesbill/91fa6a4e8.png,cranesbill
gs://seedlings-benchmark-auto-vcm/seedlings1/cranesbill/cbe03c877.png,cranesbill
gs://seedlings-benchmark-auto-vcm/seedlings1/cranesbill/8fd09f9a8.png,cranesbill
gs://seedlings-benchmark-auto-vcm/seedlings1/cranesbill/64787c7cb.png,cranesbill
gs://seedlings-benchmark-auto-vcm/seedlings1/cranesbill/4b62b3e51.png,cranesbill
gs://seedlings-benchmark-auto-vcm/seedlings1/cranesbill/464dc6968.png,cranesbill
gs://seedlings-benchmark-auto-vcm/seedlings1/cranesbill/aeacc554f.png,cranesbill
gs://seedlings-benchmark-auto-vcm/seedlings1/cranesbill/3b3ace0ee.png,cranesbill
gs://seedlings-benchmark-auto-vcm/seedlings1/cranesbill/782fcd40d.png,cranesbill
gs://seedlings-benchmark-auto-vcm/seedlings1/cranesbill/8692526d1.png,cranesbill
gs://seedlings-benchmark-auto-vcm/seedlings1/cranesbill/33253201f.png,cranesbill
gs://seedlings-benchmark-auto-vcm/seedlings1/cranesbill/b7a85bf77.png,cranesbill
gs://seedlings-benchmark-auto-vcm/seedlings1/cranesbill/0cae486ac.png,cranesbill
gs://seedlings-benchmark-auto-vcm/seedlings1/cranesbill/3aebd50f0.png,cranesbill
gs://seedlings-benchmark-auto-vcm/seedlings1/cranesbill/78757ce29.png,cranesbill
gs://seedlings-benchmark-auto-vcm/seedlings1/cranesbill/143596072.png,cranesbill
gs://seedlings-benchmark-auto-vcm/seedlings1/cranesbill/c203f8b60.png,cranesbill
gs://seedlings-benchmark-auto-vcm/seedlings1/cranesbill/0268ecbe2.png,cranesbill
gs://seedlings-benchmark-auto-vcm/seedlings1/cranesbill/5b0a87abf.png,cranesbill
gs://seedlings-benchmark-auto-vcm/seedlings1/cranesbill/cf9ef8c5e.png,cranesbill
gs://seedlings-benchmark-auto-vcm/seedlings1/cranesbill/1ea090972.png,cranesbill
gs://seedlings-benchmark-auto-vcm/seedlings1/cranesbill/cd4bcc457.png,cranesbill
gs://seedlings-benchmark-auto-vcm/seedlings1/cranesbill/fbecbb3b7.png,cranesbill
gs://seedlings-benchmark-auto-vcm/seedlings1/cranesbill/fe623537a.png,cranesbill
gs://seedlings-benchmark-auto-vcm/seedlings1/cranesbill/2ed82c948.png,cranesbill
gs://seedlings-benchmark-auto-vcm/seedlings1/cranesbill/6e37cdeef.png,cranesbill
gs://seedlings-benchmark-auto-vcm/seedlings1/cranesbill/49aa0022d.png,cranesbill
gs://seedlings-benchmark-auto-vcm/seedlings1/cranesbill/8ee5d6835.png,cranesbill
gs://seedlings-benchmark-auto-vcm/seedlings1/cranesbill/968f9d619.png,cranesbill
gs://seedlings-benchmark-auto-vcm/seedlings1/cranesbill/2fa8935f8.png,cranesbill
gs://seedlings-benchmark-auto-vcm/seedlings1/cranesbill/d50e5c7e4.png,cranesbill
gs://seedlings-benchmark-auto-vcm/seedlings1/cranesbill/cb6988242.png,cranesbill
gs://seedlings-benchmark-auto-vcm/seedlings1/cranesbill/b4b94663f.png,cranesbill
gs://seedlings-benchmark-auto-vcm/seedlings1/cranesbill/4501821c3.png,cranesbill
gs://seedlings-benchmark-auto-vcm/seedlings1/cranesbill/cb65d8e94.png,cranesbill
gs://seedlings-benchmark-auto-vcm/seedlings1/cranesbill/78730a816.png,cranesbill
gs://seedlings-benchmark-auto-vcm/seedlings1/cranesbill/436e5809f.png,cranesbill
gs://seedlings-benchmark-auto-vcm/seedlings1/cranesbill/d3e90a2e9.png,cranesbill
gs://seedlings-benchmark-auto-vcm/seedlings1/cranesbill/ad8b28544.png,cranesbill
gs://seedlings-benchmark-auto-vcm/seedlings1/cranesbill/3431fcef9.png,cranesbill
gs://seedlings-benchmark-auto-vcm/seedlings1/cranesbill/46c4aeda2.png,cranesbill
gs://seedlings-benchmark-auto-vcm/seedlings1/cranesbill/ac4df2b40.png,cranesbill
gs://seedlings-benchmark-auto-vcm/seedlings1/cranesbill/487599b7f.png,cranesbill
gs://seedlings-benchmark-auto-vcm/seedlings1/cranesbill/19f14f508.png,cranesbill
gs://seedlings-benchmark-auto-vcm/seedlings1/cranesbill/076b550b6.png,cranesbill
gs://seedlings-benchmark-auto-vcm/seedlings1/cranesbill/afee78134.png,cranesbill
gs://seedlings-benchmark-auto-vcm/seedlings1/cranesbill/3fb70e8c5.png,cranesbill
gs://seedlings-benchmark-auto-vcm/seedlings1/cranesbill/bc924a3ff.png,cranesbill
gs://seedlings-benchmark-auto-vcm/seedlings1/cranesbill/e70d986b6.png,cranesbill
gs://seedlings-benchmark-auto-vcm/seedlings1/cranesbill/0b26e2d09.png,cranesbill
gs://seedlings-benchmark-auto-vcm/seedlings1/cranesbill/762fc13b0.png,cranesbill
gs://seedlings-benchmark-auto-vcm/seedlings1/cranesbill/76e00aac1.png,cranesbill
gs://seedlings-benchmark-auto-vcm/seedlings1/cranesbill/4656b881d.png,cranesbill
gs://seedlings-benchmark-auto-vcm/seedlings1/cranesbill/375e964fd.png,cranesbill
gs://seedlings-benchmark-auto-vcm/seedlings1/cranesbill/003402ea0.png,cranesbill
gs://seedlings-benchmark-auto-vcm/seedlings1/cranesbill/91611749b.png,cranesbill
gs://seedlings-benchmark-auto-vcm/seedlings1/cranesbill/6c7e1ebc2.png,cranesbill
gs://seedlings-benchmark-auto-vcm/seedlings1/cranesbill/9fb65eb5d.png,cranesbill
gs://seedlings-benchmark-auto-vcm/seedlings1/cranesbill/89825ecdc.png,cranesbill
gs://seedlings-benchmark-auto-vcm/seedlings1/cranesbill/982e2f7be.png,cranesbill
gs://seedlings-benchmark-auto-vcm/seedlings1/cranesbill/a666b103c.png,cranesbill
gs://seedlings-benchmark-auto-vcm/seedlings1/cranesbill/8674eacd1.png,cranesbill
gs://seedlings-benchmark-auto-vcm/seedlings1/cranesbill/f71a65a08.png,cranesbill
gs://seedlings-benchmark-auto-vcm/seedlings1/cranesbill/85f33fcee.png,cranesbill
gs://seedlings-benchmark-auto-vcm/seedlings1/cranesbill/1188ef167.png,cranesbill
gs://seedlings-benchmark-auto-vcm/seedlings1/cranesbill/1f14ed265.png,cranesbill
gs://seedlings-benchmark-auto-vcm/seedlings1/cranesbill/8d4967856.png,cranesbill
gs://seedlings-benchmark-auto-vcm/seedlings1/cranesbill/4be536f13.png,cranesbill
gs://seedlings-benchmark-auto-vcm/seedlings1/cranesbill/29926ea63.png,cranesbill
gs://seedlings-benchmark-auto-vcm/seedlings1/cranesbill/27d658aea.png,cranesbill
gs://seedlings-benchmark-auto-vcm/seedlings1/cranesbill/73e994e5e.png,cranesbill
gs://seedlings-benchmark-auto-vcm/seedlings1/cranesbill/21f0b515d.png,cranesbill
gs://seedlings-benchmark-auto-vcm/seedlings1/cranesbill/3670df417.png,cranesbill
gs://seedlings-benchmark-auto-vcm/seedlings1/cranesbill/30e7d6783.png,cranesbill
gs://seedlings-benchmark-auto-vcm/seedlings1/cranesbill/d6e8dd4ac.png,cranesbill
gs://seedlings-benchmark-auto-vcm/seedlings1/cranesbill/a0b1ab201.png,cranesbill
gs://seedlings-benchmark-auto-vcm/seedlings1/cranesbill/fb894c60f.png,cranesbill
gs://seedlings-benchmark-auto-vcm/seedlings1/cranesbill/e54767587.png,cranesbill
gs://seedlings-benchmark-auto-vcm/seedlings1/cranesbill/465bff6eb.png,cranesbill
gs://seedlings-benchmark-auto-vcm/seedlings1/cranesbill/ea257f436.png,cranesbill
gs://seedlings-benchmark-auto-vcm/seedlings1/cranesbill/eb8f098fa.png,cranesbill
gs://seedlings-benchmark-auto-vcm/seedlings1/cranesbill/2a1966ff8.png,cranesbill
gs://seedlings-benchmark-auto-vcm/seedlings1/cranesbill/c2f642125.png,cranesbill
gs://seedlings-benchmark-auto-vcm/seedlings1/cranesbill/f12648089.png,cranesbill
gs://seedlings-benchmark-auto-vcm/seedlings1/cranesbill/b8b6da469.png,cranesbill
gs://seedlings-benchmark-auto-vcm/seedlings1/cranesbill/66689513f.png,cranesbill
gs://seedlings-benchmark-auto-vcm/seedlings1/cranesbill/5a2274460.png,cranesbill
gs://seedlings-benchmark-auto-vcm/seedlings1/cranesbill/9ecd81c53.png,cranesbill
gs://seedlings-benchmark-auto-vcm/seedlings1/cranesbill/af8a6280c.png,cranesbill
gs://seedlings-benchmark-auto-vcm/seedlings1/cranesbill/84cf76362.png,cranesbill
gs://seedlings-benchmark-auto-vcm/seedlings1/cranesbill/858547ab8.png,cranesbill
gs://seedlings-benchmark-auto-vcm/seedlings1/cranesbill/51b943178.png,cranesbill
gs://seedlings-benchmark-auto-vcm/seedlings1/cranesbill/35e257ee6.png,cranesbill
gs://seedlings-benchmark-auto-vcm/seedlings1/cranesbill/c38a4c31e.png,cranesbill
gs://seedlings-benchmark-auto-vcm/seedlings1/cranesbill/fb73e5716.png,cranesbill
gs://seedlings-benchmark-auto-vcm/seedlings1/cranesbill/66a4be0df.png,cranesbill
gs://seedlings-benchmark-auto-vcm/seedlings1/cranesbill/e02e72548.png,cranesbill
gs://seedlings-benchmark-auto-vcm/seedlings1/cranesbill/cb15fb345.png,cranesbill
gs://seedlings-benchmark-auto-vcm/seedlings1/cranesbill/05e5b5cb6.png,cranesbill
gs://seedlings-benchmark-auto-vcm/seedlings1/cranesbill/b13a3aa91.png,cranesbill
gs://seedlings-benchmark-auto-vcm/seedlings1/cranesbill/27d971fd0.png,cranesbill
gs://seedlings-benchmark-auto-vcm/seedlings1/cranesbill/a38a45d9e.png,cranesbill
gs://seedlings-benchmark-auto-vcm/seedlings1/cranesbill/691b35920.png,cranesbill
gs://seedlings-benchmark-auto-vcm/seedlings1/cranesbill/13b87795c.png,cranesbill
gs://seedlings-benchmark-auto-vcm/seedlings1/cranesbill/f2f975384.png,cranesbill
gs://seedlings-benchmark-auto-vcm/seedlings1/cranesbill/bfd134e4e.png,cranesbill
gs://seedlings-benchmark-auto-vcm/seedlings1/cranesbill/9e6f71239.png,cranesbill
gs://seedlings-benchmark-auto-vcm/seedlings1/cranesbill/5da2c0d45.png,cranesbill
gs://seedlings-benchmark-auto-vcm/seedlings1/cranesbill/317c8d232.png,cranesbill
gs://seedlings-benchmark-auto-vcm/seedlings1/cranesbill/29acf70e6.png,cranesbill
gs://seedlings-benchmark-auto-vcm/seedlings1/cranesbill/d6515ed79.png,cranesbill
gs://seedlings-benchmark-auto-vcm/seedlings1/cranesbill/1da91c4c6.png,cranesbill
gs://seedlings-benchmark-auto-vcm/seedlings1/cranesbill/b53a00a5a.png,cranesbill
gs://seedlings-benchmark-auto-vcm/seedlings1/cranesbill/085debc4e.png,cranesbill
gs://seedlings-benchmark-auto-vcm/seedlings1/cranesbill/f6fa5e429.png,cranesbill
gs://seedlings-benchmark-auto-vcm/seedlings1/cranesbill/845a0ec2c.png,cranesbill
gs://seedlings-benchmark-auto-vcm/seedlings1/cranesbill/1816ac2d6.png,cranesbill
gs://seedlings-benchmark-auto-vcm/seedlings1/cranesbill/34cdf6c71.png,cranesbill
gs://seedlings-benchmark-auto-vcm/seedlings1/cranesbill/985e72cfb.png,cranesbill
gs://seedlings-benchmark-auto-vcm/seedlings1/cranesbill/10496e1d7.png,cranesbill
gs://seedlings-benchmark-auto-vcm/seedlings1/cranesbill/ece5a62ad.png,cranesbill
gs://seedlings-benchmark-auto-vcm/seedlings1/cranesbill/a40e87bcf.png,cranesbill
gs://seedlings-benchmark-auto-vcm/seedlings1/cranesbill/789711110.png,cranesbill
gs://seedlings-benchmark-auto-vcm/seedlings1/cranesbill/6b666de44.png,cranesbill
gs://seedlings-benchmark-auto-vcm/seedlings1/cranesbill/d9ff280f1.png,cranesbill
gs://seedlings-benchmark-auto-vcm/seedlings1/cranesbill/7be34ad47.png,cranesbill
gs://seedlings-benchmark-auto-vcm/seedlings1/cranesbill/ea39d1bf1.png,cranesbill
gs://seedlings-benchmark-auto-vcm/seedlings1/cranesbill/ae9b5d027.png,cranesbill
gs://seedlings-benchmark-auto-vcm/seedlings1/cranesbill/c423a70c3.png,cranesbill
gs://seedlings-benchmark-auto-vcm/seedlings1/cranesbill/9f4b3c440.png,cranesbill
gs://seedlings-benchmark-auto-vcm/seedlings1/cranesbill/460ac5645.png,cranesbill
gs://seedlings-benchmark-auto-vcm/seedlings1/cranesbill/7e8c89d30.png,cranesbill
gs://seedlings-benchmark-auto-vcm/seedlings1/cranesbill/816965c05.png,cranesbill
gs://seedlings-benchmark-auto-vcm/seedlings1/cranesbill/6d7fa83ff.png,cranesbill
gs://seedlings-benchmark-auto-vcm/seedlings1/cranesbill/f263c0f9f.png,cranesbill
gs://seedlings-benchmark-auto-vcm/seedlings1/cranesbill/c9fa2e553.png,cranesbill
gs://seedlings-benchmark-auto-vcm/seedlings1/cranesbill/665a286fb.png,cranesbill
gs://seedlings-benchmark-auto-vcm/seedlings1/cranesbill/62e0225ab.png,cranesbill
gs://seedlings-benchmark-auto-vcm/seedlings1/cranesbill/89d260299.png,cranesbill
gs://seedlings-benchmark-auto-vcm/seedlings1/cranesbill/b168dd77c.png,cranesbill
gs://seedlings-benchmark-auto-vcm/seedlings1/cranesbill/16ecc632f.png,cranesbill
gs://seedlings-benchmark-auto-vcm/seedlings1/cranesbill/464e4863b.png,cranesbill
gs://seedlings-benchmark-auto-vcm/seedlings1/cranesbill/d8e9efd02.png,cranesbill
gs://seedlings-benchmark-auto-vcm/seedlings1/cranesbill/967163f07.png,cranesbill
gs://seedlings-benchmark-auto-vcm/seedlings1/cranesbill/4ef7552f4.png,cranesbill
gs://seedlings-benchmark-auto-vcm/seedlings1/cranesbill/f012e8350.png,cranesbill
gs://seedlings-benchmark-auto-vcm/seedlings1/cranesbill/3f9dd7d18.png,cranesbill
gs://seedlings-benchmark-auto-vcm/seedlings1/cranesbill/21cb65ed2.png,cranesbill
gs://seedlings-benchmark-auto-vcm/seedlings1/cranesbill/6f0082a09.png,cranesbill
gs://seedlings-benchmark-auto-vcm/seedlings1/cranesbill/108976349.png,cranesbill
gs://seedlings-benchmark-auto-vcm/seedlings1/cranesbill/a06803452.png,cranesbill
gs://seedlings-benchmark-auto-vcm/seedlings1/cranesbill/741dc05da.png,cranesbill
gs://seedlings-benchmark-auto-vcm/seedlings1/cranesbill/43ffe7711.png,cranesbill
gs://seedlings-benchmark-auto-vcm/seedlings1/cranesbill/5178de55d.png,cranesbill
gs://seedlings-benchmark-auto-vcm/seedlings1/cranesbill/ec4ad48f5.png,cranesbill
gs://seedlings-benchmark-auto-vcm/seedlings1/cranesbill/e50666c1f.png,cranesbill
gs://seedlings-benchmark-auto-vcm/seedlings1/cranesbill/6c7938a6c.png,cranesbill
gs://seedlings-benchmark-auto-vcm/seedlings1/cranesbill/79cc9641b.png,cranesbill
gs://seedlings-benchmark-auto-vcm/seedlings1/cranesbill/fad7f81b7.png,cranesbill
gs://seedlings-benchmark-auto-vcm/seedlings1/cranesbill/aa6bc0612.png,cranesbill
gs://seedlings-benchmark-auto-vcm/seedlings1/cranesbill/de6fa0b6c.png,cranesbill
gs://seedlings-benchmark-auto-vcm/seedlings1/cranesbill/00cc58829.png,cranesbill
gs://seedlings-benchmark-auto-vcm/seedlings1/cranesbill/c74732b65.png,cranesbill
gs://seedlings-benchmark-auto-vcm/seedlings1/cranesbill/663848c02.png,cranesbill
gs://seedlings-benchmark-auto-vcm/seedlings1/cranesbill/d1edb5e45.png,cranesbill
gs://seedlings-benchmark-auto-vcm/seedlings1/cranesbill/98371ada7.png,cranesbill
gs://seedlings-benchmark-auto-vcm/seedlings1/cranesbill/d4887c996.png,cranesbill
gs://seedlings-benchmark-auto-vcm/seedlings1/cranesbill/7129784a9.png,cranesbill
gs://seedlings-benchmark-auto-vcm/seedlings1/cranesbill/1de219f93.png,cranesbill
gs://seedlings-benchmark-auto-vcm/seedlings1/cranesbill/1b89f07b8.png,cranesbill
gs://seedlings-benchmark-auto-vcm/seedlings1/cranesbill/420457fe9.png,cranesbill
gs://seedlings-benchmark-auto-vcm/seedlings1/cranesbill/5e977067e.png,cranesbill
gs://seedlings-benchmark-auto-vcm/seedlings1/cranesbill/ae69bd33e.png,cranesbill
gs://seedlings-benchmark-auto-vcm/seedlings1/cranesbill/84e69eaf0.png,cranesbill
gs://seedlings-benchmark-auto-vcm/seedlings1/cranesbill/fc0a3eeb0.png,cranesbill
gs://seedlings-benchmark-auto-vcm/seedlings1/cranesbill/f8d9d8885.png,cranesbill
gs://seedlings-benchmark-auto-vcm/seedlings1/cranesbill/939d7da03.png,cranesbill
gs://seedlings-benchmark-auto-vcm/seedlings1/cranesbill/33fa4d48a.png,cranesbill
gs://seedlings-benchmark-auto-vcm/seedlings1/cranesbill/2d70e8f87.png,cranesbill
gs://seedlings-benchmark-auto-vcm/seedlings1/cranesbill/87e65b6d9.png,cranesbill
gs://seedlings-benchmark-auto-vcm/seedlings1/cranesbill/eea92edcc.png,cranesbill
gs://seedlings-benchmark-auto-vcm/seedlings1/cranesbill/d7ecdaabe.png,cranesbill
gs://seedlings-benchmark-auto-vcm/seedlings1/cranesbill/51846ad2b.png,cranesbill
gs://seedlings-benchmark-auto-vcm/seedlings1/cranesbill/0df57701f.png,cranesbill
gs://seedlings-benchmark-auto-vcm/seedlings1/cranesbill/5e5e9be4e.png,cranesbill
gs://seedlings-benchmark-auto-vcm/seedlings1/cranesbill/2d2397456.png,cranesbill
gs://seedlings-benchmark-auto-vcm/seedlings1/cranesbill/63e8b0fad.png,cranesbill
gs://seedlings-benchmark-auto-vcm/seedlings1/cranesbill/39f6f70e2.png,cranesbill
gs://seedlings-benchmark-auto-vcm/seedlings1/cranesbill/c629f1db5.png,cranesbill
gs://seedlings-benchmark-auto-vcm/seedlings1/cranesbill/9096d82dc.png,cranesbill
gs://seedlings-benchmark-auto-vcm/seedlings1/cranesbill/db0262690.png,cranesbill
gs://seedlings-benchmark-auto-vcm/seedlings1/cranesbill/3993a9c5c.png,cranesbill
gs://seedlings-benchmark-auto-vcm/seedlings1/cranesbill/4aace5bc4.png,cranesbill
gs://seedlings-benchmark-auto-vcm/seedlings1/cranesbill/4a99a5aac.png,cranesbill
gs://seedlings-benchmark-auto-vcm/seedlings1/cranesbill/47aa8024a.png,cranesbill
gs://seedlings-benchmark-auto-vcm/seedlings1/cranesbill/b95a6d369.png,cranesbill
gs://seedlings-benchmark-auto-vcm/seedlings1/cranesbill/4c21d89be.png,cranesbill
gs://seedlings-benchmark-auto-vcm/seedlings1/cranesbill/273fdc7f5.png,cranesbill
gs://seedlings-benchmark-auto-vcm/seedlings1/cranesbill/05598e057.png,cranesbill
gs://seedlings-benchmark-auto-vcm/seedlings1/cranesbill/e11916073.png,cranesbill
gs://seedlings-benchmark-auto-vcm/seedlings1/cranesbill/b14b1357f.png,cranesbill
gs://seedlings-benchmark-auto-vcm/seedlings1/cranesbill/1f916d537.png,cranesbill
gs://seedlings-benchmark-auto-vcm/seedlings1/cranesbill/523dae399.png,cranesbill
gs://seedlings-benchmark-auto-vcm/seedlings1/cranesbill/a95fe2665.png,cranesbill
gs://seedlings-benchmark-auto-vcm/seedlings1/cranesbill/81bc7934b.png,cranesbill
gs://seedlings-benchmark-auto-vcm/seedlings1/cranesbill/a4f26b005.png,cranesbill
gs://seedlings-benchmark-auto-vcm/seedlings1/cranesbill/ef72fb02b.png,cranesbill
gs://seedlings-benchmark-auto-vcm/seedlings1/cranesbill/9eed2c8f4.png,cranesbill
gs://seedlings-benchmark-auto-vcm/seedlings1/cranesbill/24df8bcfe.png,cranesbill
gs://seedlings-benchmark-auto-vcm/seedlings1/cranesbill/2ed7d6a89.png,cranesbill
gs://seedlings-benchmark-auto-vcm/seedlings1/cranesbill/84b27cfd6.png,cranesbill
gs://seedlings-benchmark-auto-vcm/seedlings1/cranesbill/19ae90c5c.png,cranesbill
gs://seedlings-benchmark-auto-vcm/seedlings1/cranesbill/f60a53bf4.png,cranesbill
gs://seedlings-benchmark-auto-vcm/seedlings1/cranesbill/7a07efc0c.png,cranesbill
gs://seedlings-benchmark-auto-vcm/seedlings1/cranesbill/018c28574.png,cranesbill
gs://seedlings-benchmark-auto-vcm/seedlings1/cranesbill/726ae59a2.png,cranesbill
gs://seedlings-benchmark-auto-vcm/seedlings1/cranesbill/18a460203.png,cranesbill
gs://seedlings-benchmark-auto-vcm/seedlings1/cranesbill/6af7caae2.png,cranesbill
gs://seedlings-benchmark-auto-vcm/seedlings1/cranesbill/00e049fe8.png,cranesbill
gs://seedlings-benchmark-auto-vcm/seedlings1/cranesbill/758271672.png,cranesbill
gs://seedlings-benchmark-auto-vcm/seedlings1/cranesbill/a3d92fb5a.png,cranesbill
gs://seedlings-benchmark-auto-vcm/seedlings1/cranesbill/b0de6838e.png,cranesbill
gs://seedlings-benchmark-auto-vcm/seedlings1/cranesbill/e4fd7e115.png,cranesbill
gs://seedlings-benchmark-auto-vcm/seedlings1/cranesbill/2db36f1a0.png,cranesbill
gs://seedlings-benchmark-auto-vcm/seedlings1/cranesbill/475f43d71.png,cranesbill
gs://seedlings-benchmark-auto-vcm/seedlings1/cranesbill/32c2487ad.png,cranesbill
gs://seedlings-benchmark-auto-vcm/seedlings1/cranesbill/0ff5ac7e1.png,cranesbill
gs://seedlings-benchmark-auto-vcm/seedlings1/cranesbill/a6358bb36.png,cranesbill
gs://seedlings-benchmark-auto-vcm/seedlings1/cranesbill/9bd832240.png,cranesbill
gs://seedlings-benchmark-auto-vcm/seedlings1/cranesbill/931fb856a.png,cranesbill
gs://seedlings-benchmark-auto-vcm/seedlings1/cranesbill/b20d166dc.png,cranesbill
gs://seedlings-benchmark-auto-vcm/seedlings1/cranesbill/028329f45.png,cranesbill
gs://seedlings-benchmark-auto-vcm/seedlings1/cranesbill/25a9d7da2.png,cranesbill
gs://seedlings-benchmark-auto-vcm/seedlings1/cranesbill/3008533bc.png,cranesbill
gs://seedlings-benchmark-auto-vcm/seedlings1/cranesbill/65311995c.png,cranesbill
gs://seedlings-benchmark-auto-vcm/seedlings1/cranesbill/4daedff7d.png,cranesbill
gs://seedlings-benchmark-auto-vcm/seedlings1/cranesbill/c3510d0cc.png,cranesbill
gs://seedlings-benchmark-auto-vcm/seedlings1/cranesbill/027f505f5.png,cranesbill
gs://seedlings-benchmark-auto-vcm/seedlings1/cranesbill/0dc692377.png,cranesbill
gs://seedlings-benchmark-auto-vcm/seedlings1/cranesbill/f2d762192.png,cranesbill
gs://seedlings-benchmark-auto-vcm/seedlings1/cranesbill/6751cef57.png,cranesbill
gs://seedlings-benchmark-auto-vcm/seedlings1/cranesbill/ff07b2015.png,cranesbill
gs://seedlings-benchmark-auto-vcm/seedlings1/cranesbill/1a2132c16.png,cranesbill
gs://seedlings-benchmark-auto-vcm/seedlings1/cranesbill/914aa19ae.png,cranesbill
gs://seedlings-benchmark-auto-vcm/seedlings1/cranesbill/611b0a0ef.png,cranesbill
gs://seedlings-benchmark-auto-vcm/seedlings1/cranesbill/643b99d1d.png,cranesbill
gs://seedlings-benchmark-auto-vcm/seedlings1/cranesbill/de59a590a.png,cranesbill
gs://seedlings-benchmark-auto-vcm/seedlings1/cranesbill/840ca8a36.png,cranesbill
gs://seedlings-benchmark-auto-vcm/seedlings1/cranesbill/b9a3e820f.png,cranesbill
gs://seedlings-benchmark-auto-vcm/seedlings1/cranesbill/2b03e0abc.png,cranesbill
gs://seedlings-benchmark-auto-vcm/seedlings1/cranesbill/a6c5ada78.png,cranesbill
gs://seedlings-benchmark-auto-vcm/seedlings1/cranesbill/b9d09d85e.png,cranesbill
gs://seedlings-benchmark-auto-vcm/seedlings1/cranesbill/167cf0978.png,cranesbill
gs://seedlings-benchmark-auto-vcm/seedlings1/cranesbill/baff578af.png,cranesbill
gs://seedlings-benchmark-auto-vcm/seedlings1/cranesbill/aa080431d.png,cranesbill
gs://seedlings-benchmark-auto-vcm/seedlings1/cranesbill/09be59300.png,cranesbill
gs://seedlings-benchmark-auto-vcm/seedlings1/cranesbill/a2ce7fbfe.png,cranesbill
gs://seedlings-benchmark-auto-vcm/seedlings1/cranesbill/1b7110883.png,cranesbill
gs://seedlings-benchmark-auto-vcm/seedlings1/cranesbill/74d9ab3c6.png,cranesbill
gs://seedlings-benchmark-auto-vcm/seedlings1/cranesbill/344329c57.png,cranesbill
gs://seedlings-benchmark-auto-vcm/seedlings1/cranesbill/ecf58ad3a.png,cranesbill
gs://seedlings-benchmark-auto-vcm/seedlings1/cranesbill/3ce10885f.png,cranesbill
gs://seedlings-benchmark-auto-vcm/seedlings1/cranesbill/f67796f86.png,cranesbill
gs://seedlings-benchmark-auto-vcm/seedlings1/cranesbill/81d8fc031.png,cranesbill
gs://seedlings-benchmark-auto-vcm/seedlings1/cranesbill/6c713c23b.png,cranesbill
gs://seedlings-benchmark-auto-vcm/seedlings1/cranesbill/cae73f57f.png,cranesbill
gs://seedlings-benchmark-auto-vcm/seedlings1/cranesbill/22429fb19.png,cranesbill
