gs://seedlings-benchmark-auto-vcm/seedlings1/images/5bdfa3a44.png,FATHEN
gs://seedlings-benchmark-auto-vcm/seedlings1/images/a86b9c0cd.png,FATHEN
gs://seedlings-benchmark-auto-vcm/seedlings1/images/f3f6559bf.png,FATHEN
gs://seedlings-benchmark-auto-vcm/seedlings1/images/946b48f62.png,FATHEN
gs://seedlings-benchmark-auto-vcm/seedlings1/images/4d7fd4020.png,FATHEN
gs://seedlings-benchmark-auto-vcm/seedlings1/images/2509e5bc5.png,FATHEN
gs://seedlings-benchmark-auto-vcm/seedlings1/images/e2462573b.png,FATHEN
gs://seedlings-benchmark-auto-vcm/seedlings1/images/7e98e4aa6.png,FATHEN
gs://seedlings-benchmark-auto-vcm/seedlings1/images/075cb6666.png,FATHEN
gs://seedlings-benchmark-auto-vcm/seedlings1/images/b43d0a350.png,FATHEN
gs://seedlings-benchmark-auto-vcm/seedlings1/images/afac20b21.png,FATHEN
gs://seedlings-benchmark-auto-vcm/seedlings1/images/4d2efbb45.png,FATHEN
gs://seedlings-benchmark-auto-vcm/seedlings1/images/f0923dcd6.png,FATHEN
gs://seedlings-benchmark-auto-vcm/seedlings1/images/180f41d53.png,FATHEN
gs://seedlings-benchmark-auto-vcm/seedlings1/images/bfdeafadd.png,FATHEN
gs://seedlings-benchmark-auto-vcm/seedlings1/images/ac6625b0f.png,FATHEN
gs://seedlings-benchmark-auto-vcm/seedlings1/images/ba5c8f87f.png,FATHEN
gs://seedlings-benchmark-auto-vcm/seedlings1/images/e7d278e0e.png,FATHEN
gs://seedlings-benchmark-auto-vcm/seedlings1/images/efaab2370.png,FATHEN
gs://seedlings-benchmark-auto-vcm/seedlings1/images/9d4722e74.png,FATHEN
gs://seedlings-benchmark-auto-vcm/seedlings1/images/4e2f543a2.png,FATHEN
gs://seedlings-benchmark-auto-vcm/seedlings1/images/53c6c6221.png,FATHEN
gs://seedlings-benchmark-auto-vcm/seedlings1/images/3ffc2f66d.png,FATHEN
gs://seedlings-benchmark-auto-vcm/seedlings1/images/7bb3a73ca.png,FATHEN
gs://seedlings-benchmark-auto-vcm/seedlings1/images/510f3ba19.png,FATHEN
gs://seedlings-benchmark-auto-vcm/seedlings1/images/c3a35fbde.png,FATHEN
gs://seedlings-benchmark-auto-vcm/seedlings1/images/c3aa41593.png,FATHEN
gs://seedlings-benchmark-auto-vcm/seedlings1/images/a5c5b9386.png,FATHEN
gs://seedlings-benchmark-auto-vcm/seedlings1/images/214f2dbcb.png,FATHEN
gs://seedlings-benchmark-auto-vcm/seedlings1/images/60f67d18f.png,FATHEN
gs://seedlings-benchmark-auto-vcm/seedlings1/images/bd70765e4.png,FATHEN
gs://seedlings-benchmark-auto-vcm/seedlings1/images/268e72cee.png,FATHEN
gs://seedlings-benchmark-auto-vcm/seedlings1/images/a7e5ce252.png,FATHEN
gs://seedlings-benchmark-auto-vcm/seedlings1/images/52e6df585.png,FATHEN
gs://seedlings-benchmark-auto-vcm/seedlings1/images/e0308226e.png,FATHEN
gs://seedlings-benchmark-auto-vcm/seedlings1/images/109e25d2a.png,FATHEN
gs://seedlings-benchmark-auto-vcm/seedlings1/images/207d4e9ce.png,FATHEN
gs://seedlings-benchmark-auto-vcm/seedlings1/images/eace614b4.png,FATHEN
gs://seedlings-benchmark-auto-vcm/seedlings1/images/9961b2091.png,FATHEN
gs://seedlings-benchmark-auto-vcm/seedlings1/images/5ca463797.png,FATHEN
gs://seedlings-benchmark-auto-vcm/seedlings1/images/c96ca4b01.png,FATHEN
gs://seedlings-benchmark-auto-vcm/seedlings1/images/5aa1ee0b1.png,FATHEN
gs://seedlings-benchmark-auto-vcm/seedlings1/images/9812f690c.png,FATHEN
gs://seedlings-benchmark-auto-vcm/seedlings1/images/db673dc46.png,FATHEN
gs://seedlings-benchmark-auto-vcm/seedlings1/images/ea775ab85.png,FATHEN
gs://seedlings-benchmark-auto-vcm/seedlings1/images/3b6a97588.png,FATHEN
gs://seedlings-benchmark-auto-vcm/seedlings1/images/134db7c0e.png,FATHEN
gs://seedlings-benchmark-auto-vcm/seedlings1/images/854fdbe6a.png,FATHEN
gs://seedlings-benchmark-auto-vcm/seedlings1/images/aaf5833f8.png,FATHEN
gs://seedlings-benchmark-auto-vcm/seedlings1/images/65d2f9cc0.png,FATHEN
gs://seedlings-benchmark-auto-vcm/seedlings1/images/4a44a00eb.png,FATHEN
gs://seedlings-benchmark-auto-vcm/seedlings1/images/9168bde0c.png,FATHEN
gs://seedlings-benchmark-auto-vcm/seedlings1/images/302f8959d.png,FATHEN
gs://seedlings-benchmark-auto-vcm/seedlings1/images/b3e1dda94.png,FATHEN
gs://seedlings-benchmark-auto-vcm/seedlings1/images/8a748cf8b.png,FATHEN
gs://seedlings-benchmark-auto-vcm/seedlings1/images/cf149b185.png,FATHEN
gs://seedlings-benchmark-auto-vcm/seedlings1/images/1d9743b35.png,FATHEN
gs://seedlings-benchmark-auto-vcm/seedlings1/images/496ca82ae.png,FATHEN
gs://seedlings-benchmark-auto-vcm/seedlings1/images/ad58587fb.png,FATHEN
gs://seedlings-benchmark-auto-vcm/seedlings1/images/7abe4427d.png,FATHEN
gs://seedlings-benchmark-auto-vcm/seedlings1/images/3cafef989.png,FATHEN
gs://seedlings-benchmark-auto-vcm/seedlings1/images/c17447438.png,FATHEN
gs://seedlings-benchmark-auto-vcm/seedlings1/images/9dc631eaa.png,FATHEN
gs://seedlings-benchmark-auto-vcm/seedlings1/images/9d25b73be.png,FATHEN
gs://seedlings-benchmark-auto-vcm/seedlings1/images/6e54ab8b9.png,FATHEN
gs://seedlings-benchmark-auto-vcm/seedlings1/images/7b0bd3d8d.png,FATHEN
gs://seedlings-benchmark-auto-vcm/seedlings1/images/5f6ad629d.png,FATHEN
gs://seedlings-benchmark-auto-vcm/seedlings1/images/3dbdd9fe7.png,FATHEN
gs://seedlings-benchmark-auto-vcm/seedlings1/images/994001cab.png,FATHEN
gs://seedlings-benchmark-auto-vcm/seedlings1/images/9a8531ba0.png,FATHEN
gs://seedlings-benchmark-auto-vcm/seedlings1/images/13d56e652.png,FATHEN
gs://seedlings-benchmark-auto-vcm/seedlings1/images/92954f77f.png,FATHEN
gs://seedlings-benchmark-auto-vcm/seedlings1/images/7e4b6625f.png,FATHEN
gs://seedlings-benchmark-auto-vcm/seedlings1/images/5e2cfbee3.png,FATHEN
gs://seedlings-benchmark-auto-vcm/seedlings1/images/f052e1db1.png,FATHEN
gs://seedlings-benchmark-auto-vcm/seedlings1/images/ba9dc6742.png,FATHEN
gs://seedlings-benchmark-auto-vcm/seedlings1/images/bdf58ae69.png,FATHEN
gs://seedlings-benchmark-auto-vcm/seedlings1/images/cbdb42238.png,FATHEN
gs://seedlings-benchmark-auto-vcm/seedlings1/images/ce49ecca3.png,FATHEN
gs://seedlings-benchmark-auto-vcm/seedlings1/images/fa57ed595.png,FATHEN
gs://seedlings-benchmark-auto-vcm/seedlings1/images/ed22ec740.png,FATHEN
gs://seedlings-benchmark-auto-vcm/seedlings1/images/b88da8e21.png,FATHEN
gs://seedlings-benchmark-auto-vcm/seedlings1/images/bf17c8991.png,FATHEN
gs://seedlings-benchmark-auto-vcm/seedlings1/images/e34aec452.png,FATHEN
gs://seedlings-benchmark-auto-vcm/seedlings1/images/40321aa58.png,FATHEN
gs://seedlings-benchmark-auto-vcm/seedlings1/images/7894abcbb.png,FATHEN
gs://seedlings-benchmark-auto-vcm/seedlings1/images/d2434e784.png,FATHEN
gs://seedlings-benchmark-auto-vcm/seedlings1/images/52bcf3283.png,FATHEN
gs://seedlings-benchmark-auto-vcm/seedlings1/images/d233d03bb.png,FATHEN
gs://seedlings-benchmark-auto-vcm/seedlings1/images/5dc10869f.png,FATHEN
gs://seedlings-benchmark-auto-vcm/seedlings1/images/11e40532a.png,FATHEN
gs://seedlings-benchmark-auto-vcm/seedlings1/images/997fc29b0.png,FATHEN
gs://seedlings-benchmark-auto-vcm/seedlings1/images/3c18b504d.png,FATHEN
gs://seedlings-benchmark-auto-vcm/seedlings1/images/6e735b605.png,FATHEN
gs://seedlings-benchmark-auto-vcm/seedlings1/images/40721b002.png,FATHEN
gs://seedlings-benchmark-auto-vcm/seedlings1/images/d199b75a6.png,FATHEN
gs://seedlings-benchmark-auto-vcm/seedlings1/images/94ff7314b.png,FATHEN
gs://seedlings-benchmark-auto-vcm/seedlings1/images/ec81b8667.png,FATHEN
gs://seedlings-benchmark-auto-vcm/seedlings1/images/19c84bc7c.png,FATHEN
gs://seedlings-benchmark-auto-vcm/seedlings1/images/e5e1f6d81.png,FATHEN
gs://seedlings-benchmark-auto-vcm/seedlings1/images/d47349f62.png,FATHEN
gs://seedlings-benchmark-auto-vcm/seedlings1/images/25ff4825d.png,FATHEN
gs://seedlings-benchmark-auto-vcm/seedlings1/images/3d2f3ad0f.png,FATHEN
gs://seedlings-benchmark-auto-vcm/seedlings1/images/c75a48496.png,FATHEN
gs://seedlings-benchmark-auto-vcm/seedlings1/images/7026b68e9.png,FATHEN
gs://seedlings-benchmark-auto-vcm/seedlings1/images/e27bb5522.png,FATHEN
gs://seedlings-benchmark-auto-vcm/seedlings1/images/35ae5f914.png,FATHEN
gs://seedlings-benchmark-auto-vcm/seedlings1/images/10553b4e8.png,FATHEN
gs://seedlings-benchmark-auto-vcm/seedlings1/images/a1a3e2515.png,FATHEN
gs://seedlings-benchmark-auto-vcm/seedlings1/images/cca9e1864.png,FATHEN
gs://seedlings-benchmark-auto-vcm/seedlings1/images/88ea1ed2a.png,FATHEN
gs://seedlings-benchmark-auto-vcm/seedlings1/images/61fd68900.png,FATHEN
gs://seedlings-benchmark-auto-vcm/seedlings1/images/5357849ba.png,FATHEN
gs://seedlings-benchmark-auto-vcm/seedlings1/images/b8e176ae8.png,FATHEN
gs://seedlings-benchmark-auto-vcm/seedlings1/images/ccb763490.png,FATHEN
gs://seedlings-benchmark-auto-vcm/seedlings1/images/2d6ffd537.png,FATHEN
gs://seedlings-benchmark-auto-vcm/seedlings1/images/a5aa3564a.png,FATHEN
gs://seedlings-benchmark-auto-vcm/seedlings1/images/6f099ece0.png,FATHEN
gs://seedlings-benchmark-auto-vcm/seedlings1/images/2b16fb022.png,FATHEN
gs://seedlings-benchmark-auto-vcm/seedlings1/images/23a4cbe43.png,FATHEN
gs://seedlings-benchmark-auto-vcm/seedlings1/images/44db98326.png,FATHEN
gs://seedlings-benchmark-auto-vcm/seedlings1/images/6f7c00476.png,FATHEN
gs://seedlings-benchmark-auto-vcm/seedlings1/images/d09f9b311.png,FATHEN
gs://seedlings-benchmark-auto-vcm/seedlings1/images/6ac7f6411.png,FATHEN
gs://seedlings-benchmark-auto-vcm/seedlings1/images/01396e759.png,FATHEN
gs://seedlings-benchmark-auto-vcm/seedlings1/images/0d5ece722.png,FATHEN
gs://seedlings-benchmark-auto-vcm/seedlings1/images/fdc1eedc6.png,FATHEN
gs://seedlings-benchmark-auto-vcm/seedlings1/images/07d939b1e.png,FATHEN
gs://seedlings-benchmark-auto-vcm/seedlings1/images/f0e75e3bf.png,FATHEN
gs://seedlings-benchmark-auto-vcm/seedlings1/images/020ac5b06.png,FATHEN
gs://seedlings-benchmark-auto-vcm/seedlings1/images/34eb21afb.png,FATHEN
gs://seedlings-benchmark-auto-vcm/seedlings1/images/5281f6020.png,FATHEN
gs://seedlings-benchmark-auto-vcm/seedlings1/images/bfaab608c.png,FATHEN
gs://seedlings-benchmark-auto-vcm/seedlings1/images/9708f9c0e.png,FATHEN
gs://seedlings-benchmark-auto-vcm/seedlings1/images/c5a0bd47e.png,FATHEN
gs://seedlings-benchmark-auto-vcm/seedlings1/images/629185134.png,FATHEN
gs://seedlings-benchmark-auto-vcm/seedlings1/images/ce0d8c3b2.png,FATHEN
gs://seedlings-benchmark-auto-vcm/seedlings1/images/f36b25868.png,FATHEN
gs://seedlings-benchmark-auto-vcm/seedlings1/images/01437202b.png,FATHEN
gs://seedlings-benchmark-auto-vcm/seedlings1/images/df9ce5e1f.png,FATHEN
gs://seedlings-benchmark-auto-vcm/seedlings1/images/f605d4fb8.png,FATHEN
gs://seedlings-benchmark-auto-vcm/seedlings1/images/fdfb296da.png,FATHEN
gs://seedlings-benchmark-auto-vcm/seedlings1/images/f33cee49e.png,FATHEN
gs://seedlings-benchmark-auto-vcm/seedlings1/images/f59177ec7.png,FATHEN
gs://seedlings-benchmark-auto-vcm/seedlings1/images/840018e57.png,FATHEN
gs://seedlings-benchmark-auto-vcm/seedlings1/images/e805aa0a2.png,FATHEN
gs://seedlings-benchmark-auto-vcm/seedlings1/images/8e0c81139.png,FATHEN
gs://seedlings-benchmark-auto-vcm/seedlings1/images/803474779.png,FATHEN
gs://seedlings-benchmark-auto-vcm/seedlings1/images/655471b48.png,FATHEN
gs://seedlings-benchmark-auto-vcm/seedlings1/images/f4cdd6b9e.png,FATHEN
gs://seedlings-benchmark-auto-vcm/seedlings1/images/5a1183fff.png,FATHEN
gs://seedlings-benchmark-auto-vcm/seedlings1/images/22d4656ff.png,FATHEN
gs://seedlings-benchmark-auto-vcm/seedlings1/images/61d4251ca.png,FATHEN
gs://seedlings-benchmark-auto-vcm/seedlings1/images/009004da3.png,FATHEN
gs://seedlings-benchmark-auto-vcm/seedlings1/images/64034603a.png,FATHEN
gs://seedlings-benchmark-auto-vcm/seedlings1/images/184f64b26.png,FATHEN
gs://seedlings-benchmark-auto-vcm/seedlings1/images/46fa84dad.png,FATHEN
gs://seedlings-benchmark-auto-vcm/seedlings1/images/85e6fa66d.png,FATHEN
gs://seedlings-benchmark-auto-vcm/seedlings1/images/59b1f956d.png,FATHEN
gs://seedlings-benchmark-auto-vcm/seedlings1/images/dff210db9.png,FATHEN
gs://seedlings-benchmark-auto-vcm/seedlings1/images/817eefb90.png,FATHEN
gs://seedlings-benchmark-auto-vcm/seedlings1/images/3c51bc884.png,FATHEN
gs://seedlings-benchmark-auto-vcm/seedlings1/images/70f84707a.png,FATHEN
gs://seedlings-benchmark-auto-vcm/seedlings1/images/4979cba5a.png,FATHEN
gs://seedlings-benchmark-auto-vcm/seedlings1/images/d870ecd2c.png,FATHEN
gs://seedlings-benchmark-auto-vcm/seedlings1/images/caca90aca.png,FATHEN
gs://seedlings-benchmark-auto-vcm/seedlings1/images/2719ff172.png,FATHEN
gs://seedlings-benchmark-auto-vcm/seedlings1/images/2160ec61c.png,FATHEN
gs://seedlings-benchmark-auto-vcm/seedlings1/images/85a848757.png,FATHEN
gs://seedlings-benchmark-auto-vcm/seedlings1/images/11e284489.png,FATHEN
gs://seedlings-benchmark-auto-vcm/seedlings1/images/c4152caea.png,FATHEN
gs://seedlings-benchmark-auto-vcm/seedlings1/images/f2b9bb477.png,FATHEN
gs://seedlings-benchmark-auto-vcm/seedlings1/images/64f46676b.png,FATHEN
gs://seedlings-benchmark-auto-vcm/seedlings1/images/1688c9a5f.png,FATHEN
gs://seedlings-benchmark-auto-vcm/seedlings1/images/79933186c.png,FATHEN
gs://seedlings-benchmark-auto-vcm/seedlings1/images/2b17dc2ba.png,FATHEN
gs://seedlings-benchmark-auto-vcm/seedlings1/images/7637818c7.png,FATHEN
gs://seedlings-benchmark-auto-vcm/seedlings1/images/0157c4199.png,FATHEN
gs://seedlings-benchmark-auto-vcm/seedlings1/images/c679a9396.png,FATHEN
gs://seedlings-benchmark-auto-vcm/seedlings1/images/3d07c273b.png,FATHEN
gs://seedlings-benchmark-auto-vcm/seedlings1/images/f44059ad0.png,FATHEN
gs://seedlings-benchmark-auto-vcm/seedlings1/images/45c197012.png,FATHEN
gs://seedlings-benchmark-auto-vcm/seedlings1/images/fe2ad3d8c.png,FATHEN
gs://seedlings-benchmark-auto-vcm/seedlings1/images/a7fef768d.png,FATHEN
gs://seedlings-benchmark-auto-vcm/seedlings1/images/1e9c7a82f.png,FATHEN
gs://seedlings-benchmark-auto-vcm/seedlings1/images/a258e82f2.png,FATHEN
gs://seedlings-benchmark-auto-vcm/seedlings1/images/2a56e7fec.png,FATHEN
gs://seedlings-benchmark-auto-vcm/seedlings1/images/9297b85f6.png,FATHEN
gs://seedlings-benchmark-auto-vcm/seedlings1/images/c926ade1d.png,FATHEN
gs://seedlings-benchmark-auto-vcm/seedlings1/images/52e82d773.png,FATHEN
gs://seedlings-benchmark-auto-vcm/seedlings1/images/2dea1d8a6.png,FATHEN
gs://seedlings-benchmark-auto-vcm/seedlings1/images/a5ca3b845.png,FATHEN
gs://seedlings-benchmark-auto-vcm/seedlings1/images/bd4003440.png,FATHEN
gs://seedlings-benchmark-auto-vcm/seedlings1/images/b07391323.png,FATHEN
gs://seedlings-benchmark-auto-vcm/seedlings1/images/5f24e1079.png,FATHEN
gs://seedlings-benchmark-auto-vcm/seedlings1/images/4f0092891.png,FATHEN
gs://seedlings-benchmark-auto-vcm/seedlings1/images/5c2f52e61.png,FATHEN
gs://seedlings-benchmark-auto-vcm/seedlings1/images/5a4dfea94.png,FATHEN
gs://seedlings-benchmark-auto-vcm/seedlings1/images/f0dbc5e1e.png,FATHEN
gs://seedlings-benchmark-auto-vcm/seedlings1/images/2f1633635.png,FATHEN
gs://seedlings-benchmark-auto-vcm/seedlings1/images/765502bd2.png,FATHEN
gs://seedlings-benchmark-auto-vcm/seedlings1/images/3b244dc9d.png,FATHEN
gs://seedlings-benchmark-auto-vcm/seedlings1/images/42912adf2.png,FATHEN
gs://seedlings-benchmark-auto-vcm/seedlings1/images/685091401.png,FATHEN
gs://seedlings-benchmark-auto-vcm/seedlings1/images/bdc98dfaf.png,FATHEN
gs://seedlings-benchmark-auto-vcm/seedlings1/images/8f56f8b0e.png,FATHEN
gs://seedlings-benchmark-auto-vcm/seedlings1/images/8f6b56be9.png,FATHEN
gs://seedlings-benchmark-auto-vcm/seedlings1/images/9064640e8.png,FATHEN
gs://seedlings-benchmark-auto-vcm/seedlings1/images/165407507.png,FATHEN
gs://seedlings-benchmark-auto-vcm/seedlings1/images/886db2427.png,FATHEN
gs://seedlings-benchmark-auto-vcm/seedlings1/images/72103b235.png,FATHEN
gs://seedlings-benchmark-auto-vcm/seedlings1/images/d569925d7.png,FATHEN
gs://seedlings-benchmark-auto-vcm/seedlings1/images/d3e5f8c5e.png,FATHEN
gs://seedlings-benchmark-auto-vcm/seedlings1/images/3c2e5c7ad.png,FATHEN
gs://seedlings-benchmark-auto-vcm/seedlings1/images/d87eb38df.png,FATHEN
gs://seedlings-benchmark-auto-vcm/seedlings1/images/1df9e7301.png,FATHEN
gs://seedlings-benchmark-auto-vcm/seedlings1/images/3c5e42c9a.png,FATHEN
gs://seedlings-benchmark-auto-vcm/seedlings1/images/1fb586773.png,FATHEN
gs://seedlings-benchmark-auto-vcm/seedlings1/images/55fef4910.png,FATHEN
gs://seedlings-benchmark-auto-vcm/seedlings1/images/67d48e1b4.png,FATHEN
gs://seedlings-benchmark-auto-vcm/seedlings1/images/d10feb105.png,FATHEN
gs://seedlings-benchmark-auto-vcm/seedlings1/images/c206f4602.png,FATHEN
gs://seedlings-benchmark-auto-vcm/seedlings1/images/1c4f59d14.png,FATHEN
gs://seedlings-benchmark-auto-vcm/seedlings1/images/f09c51a67.png,FATHEN
gs://seedlings-benchmark-auto-vcm/seedlings1/images/14f7687d1.png,FATHEN
gs://seedlings-benchmark-auto-vcm/seedlings1/images/2df7f8513.png,FATHEN
gs://seedlings-benchmark-auto-vcm/seedlings1/images/e6befd0af.png,FATHEN
gs://seedlings-benchmark-auto-vcm/seedlings1/images/4a320f8be.png,FATHEN
gs://seedlings-benchmark-auto-vcm/seedlings1/images/19fc23481.png,FATHEN
gs://seedlings-benchmark-auto-vcm/seedlings1/images/62f3abbd1.png,FATHEN
gs://seedlings-benchmark-auto-vcm/seedlings1/images/3572c1951.png,FATHEN
gs://seedlings-benchmark-auto-vcm/seedlings1/images/67659c7df.png,FATHEN
gs://seedlings-benchmark-auto-vcm/seedlings1/images/5f6634fa4.png,FATHEN
gs://seedlings-benchmark-auto-vcm/seedlings1/images/84097b0b7.png,FATHEN
gs://seedlings-benchmark-auto-vcm/seedlings1/images/8a8b1f0fd.png,FATHEN
gs://seedlings-benchmark-auto-vcm/seedlings1/images/bd8a05057.png,FATHEN
gs://seedlings-benchmark-auto-vcm/seedlings1/images/bcb9e211a.png,FATHEN
gs://seedlings-benchmark-auto-vcm/seedlings1/images/a140930c0.png,FATHEN
gs://seedlings-benchmark-auto-vcm/seedlings1/images/0486762e1.png,FATHEN
gs://seedlings-benchmark-auto-vcm/seedlings1/images/79cec7209.png,FATHEN
gs://seedlings-benchmark-auto-vcm/seedlings1/images/9f2435711.png,FATHEN
gs://seedlings-benchmark-auto-vcm/seedlings1/images/1eb0d7c5f.png,FATHEN
gs://seedlings-benchmark-auto-vcm/seedlings1/images/75739ff4d.png,FATHEN
gs://seedlings-benchmark-auto-vcm/seedlings1/images/00268e97d.png,FATHEN
gs://seedlings-benchmark-auto-vcm/seedlings1/images/c99df077e.png,FATHEN
gs://seedlings-benchmark-auto-vcm/seedlings1/images/e777e1303.png,FATHEN
gs://seedlings-benchmark-auto-vcm/seedlings1/images/420e17575.png,FATHEN
gs://seedlings-benchmark-auto-vcm/seedlings1/images/4f1566bb4.png,FATHEN
gs://seedlings-benchmark-auto-vcm/seedlings1/images/95f035f39.png,FATHEN
gs://seedlings-benchmark-auto-vcm/seedlings1/images/5f2ad45c4.png,FATHEN
gs://seedlings-benchmark-auto-vcm/seedlings1/images/6b6061001.png,FATHEN
gs://seedlings-benchmark-auto-vcm/seedlings1/images/d402cc5ca.png,FATHEN
gs://seedlings-benchmark-auto-vcm/seedlings1/images/b4e738f6b.png,FATHEN
gs://seedlings-benchmark-auto-vcm/seedlings1/images/73600b4ed.png,FATHEN
gs://seedlings-benchmark-auto-vcm/seedlings1/images/0f335c7a7.png,FATHEN
gs://seedlings-benchmark-auto-vcm/seedlings1/images/4c832853a.png,FATHEN
gs://seedlings-benchmark-auto-vcm/seedlings1/images/0dfbbc7fe.png,FATHEN
gs://seedlings-benchmark-auto-vcm/seedlings1/images/c315f4c96.png,FATHEN
gs://seedlings-benchmark-auto-vcm/seedlings1/images/9e59fcd81.png,FATHEN
gs://seedlings-benchmark-auto-vcm/seedlings1/images/81af6efb2.png,FATHEN
gs://seedlings-benchmark-auto-vcm/seedlings1/images/8cb53bccc.png,FATHEN
gs://seedlings-benchmark-auto-vcm/seedlings1/images/5298e390e.png,FATHEN
gs://seedlings-benchmark-auto-vcm/seedlings1/images/1bcdf1f95.png,FATHEN
gs://seedlings-benchmark-auto-vcm/seedlings1/images/be71f0cc0.png,FATHEN
gs://seedlings-benchmark-auto-vcm/seedlings1/images/67e5eeea7.png,FATHEN
gs://seedlings-benchmark-auto-vcm/seedlings1/images/c41bd998c.png,FATHEN
gs://seedlings-benchmark-auto-vcm/seedlings1/images/bf37d581c.png,FATHEN
gs://seedlings-benchmark-auto-vcm/seedlings1/images/427bbd2fb.png,FATHEN
gs://seedlings-benchmark-auto-vcm/seedlings1/images/10a61c74f.png,FATHEN
gs://seedlings-benchmark-auto-vcm/seedlings1/images/326c83b87.png,FATHEN
gs://seedlings-benchmark-auto-vcm/seedlings1/images/df17b3ba5.png,FATHEN
gs://seedlings-benchmark-auto-vcm/seedlings1/images/9e8727146.png,FATHEN
gs://seedlings-benchmark-auto-vcm/seedlings1/images/bc10332f0.png,FATHEN
gs://seedlings-benchmark-auto-vcm/seedlings1/images/91bc7d91c.png,FATHEN
gs://seedlings-benchmark-auto-vcm/seedlings1/images/c44243e23.png,FATHEN
gs://seedlings-benchmark-auto-vcm/seedlings1/images/d210b0125.png,FATHEN
gs://seedlings-benchmark-auto-vcm/seedlings1/images/61f732692.png,FATHEN
gs://seedlings-benchmark-auto-vcm/seedlings1/images/86536f469.png,FATHEN
gs://seedlings-benchmark-auto-vcm/seedlings1/images/88e4077c5.png,FATHEN
gs://seedlings-benchmark-auto-vcm/seedlings1/images/7085a144b.png,FATHEN
gs://seedlings-benchmark-auto-vcm/seedlings1/images/0eeb0c7c1.png,FATHEN
gs://seedlings-benchmark-auto-vcm/seedlings1/images/c1d528ca2.png,FATHEN
gs://seedlings-benchmark-auto-vcm/seedlings1/images/c9e6722d4.png,FATHEN
gs://seedlings-benchmark-auto-vcm/seedlings1/images/fea20eec7.png,FATHEN
gs://seedlings-benchmark-auto-vcm/seedlings1/images/33c6627d2.png,FATHEN
gs://seedlings-benchmark-auto-vcm/seedlings1/images/295ddd0b8.png,FATHEN
gs://seedlings-benchmark-auto-vcm/seedlings1/images/b59aec1e1.png,FATHEN
gs://seedlings-benchmark-auto-vcm/seedlings1/images/ef1f257d9.png,FATHEN
gs://seedlings-benchmark-auto-vcm/seedlings1/images/38cc62ed1.png,FATHEN
gs://seedlings-benchmark-auto-vcm/seedlings1/images/1797f5460.png,FATHEN
gs://seedlings-benchmark-auto-vcm/seedlings1/images/661a6866f.png,FATHEN
gs://seedlings-benchmark-auto-vcm/seedlings1/images/a3e1e7ffd.png,FATHEN
gs://seedlings-benchmark-auto-vcm/seedlings1/images/1a5354a5b.png,FATHEN
gs://seedlings-benchmark-auto-vcm/seedlings1/images/aa4c94174.png,FATHEN
gs://seedlings-benchmark-auto-vcm/seedlings1/images/91a5d8724.png,FATHEN
gs://seedlings-benchmark-auto-vcm/seedlings1/images/cc590cddc.png,FATHEN
gs://seedlings-benchmark-auto-vcm/seedlings1/images/9d2684128.png,FATHEN
gs://seedlings-benchmark-auto-vcm/seedlings1/images/f18419d0c.png,FATHEN
gs://seedlings-benchmark-auto-vcm/seedlings1/images/5f5015641.png,FATHEN
gs://seedlings-benchmark-auto-vcm/seedlings1/images/9284ed9c9.png,FATHEN
gs://seedlings-benchmark-auto-vcm/seedlings1/images/4c835827d.png,FATHEN
gs://seedlings-benchmark-auto-vcm/seedlings1/images/8eed146cd.png,FATHEN
gs://seedlings-benchmark-auto-vcm/seedlings1/images/bd3b1cb2e.png,FATHEN
gs://seedlings-benchmark-auto-vcm/seedlings1/images/d6a104d24.png,FATHEN
gs://seedlings-benchmark-auto-vcm/seedlings1/images/1bdf63082.png,FATHEN
gs://seedlings-benchmark-auto-vcm/seedlings1/images/cd16fe7e4.png,FATHEN
gs://seedlings-benchmark-auto-vcm/seedlings1/images/c734bade3.png,FATHEN
gs://seedlings-benchmark-auto-vcm/seedlings1/images/7678bf0c5.png,FATHEN
gs://seedlings-benchmark-auto-vcm/seedlings1/images/302a3a8ba.png,FATHEN
gs://seedlings-benchmark-auto-vcm/seedlings1/images/d6576bc79.png,FATHEN
gs://seedlings-benchmark-auto-vcm/seedlings1/images/beb11008f.png,FATHEN
gs://seedlings-benchmark-auto-vcm/seedlings1/images/ac50d45a7.png,FATHEN
gs://seedlings-benchmark-auto-vcm/seedlings1/images/e5e1416a2.png,FATHEN
gs://seedlings-benchmark-auto-vcm/seedlings1/images/2760cb984.png,FATHEN
gs://seedlings-benchmark-auto-vcm/seedlings1/images/5d9dd8926.png,FATHEN
gs://seedlings-benchmark-auto-vcm/seedlings1/images/81db6f8a2.png,FATHEN
gs://seedlings-benchmark-auto-vcm/seedlings1/images/56ee7f90f.png,FATHEN
gs://seedlings-benchmark-auto-vcm/seedlings1/images/ea7e6ec7f.png,FATHEN
gs://seedlings-benchmark-auto-vcm/seedlings1/images/ff9f29145.png,FATHEN
gs://seedlings-benchmark-auto-vcm/seedlings1/images/4058dd2cd.png,FATHEN
gs://seedlings-benchmark-auto-vcm/seedlings1/images/f86c14eaf.png,FATHEN
gs://seedlings-benchmark-auto-vcm/seedlings1/images/e8c85738d.png,FATHEN
gs://seedlings-benchmark-auto-vcm/seedlings1/images/216b1daa0.png,FATHEN
gs://seedlings-benchmark-auto-vcm/seedlings1/images/6cfecf7c5.png,FATHEN
gs://seedlings-benchmark-auto-vcm/seedlings1/images/26220c5b7.png,FATHEN
gs://seedlings-benchmark-auto-vcm/seedlings1/images/a1971cff3.png,FATHEN
gs://seedlings-benchmark-auto-vcm/seedlings1/images/cbf4c5ad2.png,FATHEN
gs://seedlings-benchmark-auto-vcm/seedlings1/images/ea6e91be6.png,FATHEN
gs://seedlings-benchmark-auto-vcm/seedlings1/images/5c3a4a6ed.png,FATHEN
gs://seedlings-benchmark-auto-vcm/seedlings1/images/28fad5a34.png,FATHEN
gs://seedlings-benchmark-auto-vcm/seedlings1/images/f180203df.png,FATHEN
gs://seedlings-benchmark-auto-vcm/seedlings1/images/7195021a5.png,FATHEN
gs://seedlings-benchmark-auto-vcm/seedlings1/images/b0398be3d.png,FATHEN
gs://seedlings-benchmark-auto-vcm/seedlings1/images/d1d6c2904.png,FATHEN
gs://seedlings-benchmark-auto-vcm/seedlings1/images/c740aa55a.png,FATHEN
gs://seedlings-benchmark-auto-vcm/seedlings1/images/2d34a64af.png,FATHEN
gs://seedlings-benchmark-auto-vcm/seedlings1/images/fe23b8530.png,FATHEN
gs://seedlings-benchmark-auto-vcm/seedlings1/images/3fe21a3d4.png,FATHEN
gs://seedlings-benchmark-auto-vcm/seedlings1/images/370b70617.png,FATHEN
gs://seedlings-benchmark-auto-vcm/seedlings1/images/ac502b28e.png,FATHEN
gs://seedlings-benchmark-auto-vcm/seedlings1/images/e7fbf693d.png,FATHEN
gs://seedlings-benchmark-auto-vcm/seedlings1/images/a57f8af28.png,FATHEN
gs://seedlings-benchmark-auto-vcm/seedlings1/images/5cc2862dc.png,FATHEN
gs://seedlings-benchmark-auto-vcm/seedlings1/images/370af1cdd.png,FATHEN
gs://seedlings-benchmark-auto-vcm/seedlings1/images/f348e35e9.png,FATHEN
gs://seedlings-benchmark-auto-vcm/seedlings1/images/0c5368b03.png,FATHEN
gs://seedlings-benchmark-auto-vcm/seedlings1/images/b4e6ee3d2.png,FATHEN
gs://seedlings-benchmark-auto-vcm/seedlings1/images/704b0fe2c.png,FATHEN
gs://seedlings-benchmark-auto-vcm/seedlings1/images/23525c578.png,FATHEN
gs://seedlings-benchmark-auto-vcm/seedlings1/images/07636139b.png,FATHEN
gs://seedlings-benchmark-auto-vcm/seedlings1/images/03100eb7e.png,FATHEN
gs://seedlings-benchmark-auto-vcm/seedlings1/images/614b0792a.png,FATHEN
gs://seedlings-benchmark-auto-vcm/seedlings1/images/91c33cc1c.png,FATHEN
gs://seedlings-benchmark-auto-vcm/seedlings1/images/4f2f35ea4.png,FATHEN
gs://seedlings-benchmark-auto-vcm/seedlings1/images/077190c7a.png,FATHEN
gs://seedlings-benchmark-auto-vcm/seedlings1/images/08fe5538d.png,FATHEN
gs://seedlings-benchmark-auto-vcm/seedlings1/images/ac88a6662.png,FATHEN
gs://seedlings-benchmark-auto-vcm/seedlings1/images/4570becfb.png,FATHEN
gs://seedlings-benchmark-auto-vcm/seedlings1/images/6dc0cf03c.png,FATHEN
gs://seedlings-benchmark-auto-vcm/seedlings1/images/b039fd244.png,FATHEN
gs://seedlings-benchmark-auto-vcm/seedlings1/images/8b3943e1e.png,FATHEN
gs://seedlings-benchmark-auto-vcm/seedlings1/images/e4541fd1c.png,FATHEN
gs://seedlings-benchmark-auto-vcm/seedlings1/images/02a67d111.png,FATHEN
gs://seedlings-benchmark-auto-vcm/seedlings1/images/0c03386a9.png,FATHEN
gs://seedlings-benchmark-auto-vcm/seedlings1/images/f1b52dd6f.png,FATHEN
gs://seedlings-benchmark-auto-vcm/seedlings1/images/1266ac5cb.png,FATHEN
gs://seedlings-benchmark-auto-vcm/seedlings1/images/58028a2fb.png,FATHEN
gs://seedlings-benchmark-auto-vcm/seedlings1/images/e3279d465.png,FATHEN
gs://seedlings-benchmark-auto-vcm/seedlings1/images/2c25bee0b.png,FATHEN
gs://seedlings-benchmark-auto-vcm/seedlings1/images/ad5ee2832.png,FATHEN
gs://seedlings-benchmark-auto-vcm/seedlings1/images/2918206b5.png,FATHEN
gs://seedlings-benchmark-auto-vcm/seedlings1/images/19bd579f5.png,FATHEN
gs://seedlings-benchmark-auto-vcm/seedlings1/images/fee90e281.png,FATHEN
gs://seedlings-benchmark-auto-vcm/seedlings1/images/35083f3c2.png,FATHEN
gs://seedlings-benchmark-auto-vcm/seedlings1/images/a4d7cddff.png,FATHEN
gs://seedlings-benchmark-auto-vcm/seedlings1/images/c8e77995b.png,FATHEN
gs://seedlings-benchmark-auto-vcm/seedlings1/images/bbee46239.png,FATHEN
gs://seedlings-benchmark-auto-vcm/seedlings1/images/4374a9eef.png,FATHEN
gs://seedlings-benchmark-auto-vcm/seedlings1/images/9f4788348.png,FATHEN
gs://seedlings-benchmark-auto-vcm/seedlings1/images/77fcd0e5d.png,FATHEN
gs://seedlings-benchmark-auto-vcm/seedlings1/images/842f5555e.png,FATHEN
gs://seedlings-benchmark-auto-vcm/seedlings1/images/fbd995178.png,FATHEN
gs://seedlings-benchmark-auto-vcm/seedlings1/images/a74864d83.png,FATHEN
gs://seedlings-benchmark-auto-vcm/seedlings1/images/91e05c100.png,FATHEN
gs://seedlings-benchmark-auto-vcm/seedlings1/images/e0cab89f3.png,FATHEN
gs://seedlings-benchmark-auto-vcm/seedlings1/images/83be0f22d.png,FATHEN
gs://seedlings-benchmark-auto-vcm/seedlings1/images/52c144a42.png,FATHEN
gs://seedlings-benchmark-auto-vcm/seedlings1/images/3ae60f149.png,FATHEN
gs://seedlings-benchmark-auto-vcm/seedlings1/images/a309725cd.png,FATHEN
gs://seedlings-benchmark-auto-vcm/seedlings1/images/d0c3b7610.png,FATHEN
gs://seedlings-benchmark-auto-vcm/seedlings1/images/27d310b2a.png,FATHEN
gs://seedlings-benchmark-auto-vcm/seedlings1/images/d2e16e332.png,FATHEN
gs://seedlings-benchmark-auto-vcm/seedlings1/images/6644e24c8.png,FATHEN
gs://seedlings-benchmark-auto-vcm/seedlings1/images/34cec646b.png,FATHEN
gs://seedlings-benchmark-auto-vcm/seedlings1/images/a02a0c284.png,FATHEN
gs://seedlings-benchmark-auto-vcm/seedlings1/images/066395555.png,FATHEN
gs://seedlings-benchmark-auto-vcm/seedlings1/images/eb6811993.png,FATHEN
gs://seedlings-benchmark-auto-vcm/seedlings1/images/4b5f2e2a0.png,FATHEN
gs://seedlings-benchmark-auto-vcm/seedlings1/images/d99fa0e0b.png,FATHEN
gs://seedlings-benchmark-auto-vcm/seedlings1/images/cb698f0ea.png,FATHEN
gs://seedlings-benchmark-auto-vcm/seedlings1/images/bbcc5bbb2.png,FATHEN
gs://seedlings-benchmark-auto-vcm/seedlings1/images/6e6b9a20f.png,FATHEN
gs://seedlings-benchmark-auto-vcm/seedlings1/images/a7d5da828.png,FATHEN
gs://seedlings-benchmark-auto-vcm/seedlings1/images/beafe5bb1.png,FATHEN
gs://seedlings-benchmark-auto-vcm/seedlings1/images/0a1480ed8.png,FATHEN
gs://seedlings-benchmark-auto-vcm/seedlings1/images/524942b65.png,FATHEN
gs://seedlings-benchmark-auto-vcm/seedlings1/images/c8ce795f0.png,FATHEN
gs://seedlings-benchmark-auto-vcm/seedlings1/images/008f1b92d.png,FATHEN
gs://seedlings-benchmark-auto-vcm/seedlings1/images/ccc42874e.png,FATHEN
gs://seedlings-benchmark-auto-vcm/seedlings1/images/5e72c6e8f.png,FATHEN
gs://seedlings-benchmark-auto-vcm/seedlings1/images/7ce630c2a.png,FATHEN
gs://seedlings-benchmark-auto-vcm/seedlings1/images/bcbbdd3bd.png,FATHEN
gs://seedlings-benchmark-auto-vcm/seedlings1/images/2eb6d7f8e.png,FATHEN
gs://seedlings-benchmark-auto-vcm/seedlings1/images/43633755b.png,FATHEN
gs://seedlings-benchmark-auto-vcm/seedlings1/images/952f0a5fa.png,FATHEN
gs://seedlings-benchmark-auto-vcm/seedlings1/images/e9f00ae2c.png,FATHEN
gs://seedlings-benchmark-auto-vcm/seedlings1/images/bbcb520e8.png,FATHEN
gs://seedlings-benchmark-auto-vcm/seedlings1/images/143e09ce6.png,FATHEN
gs://seedlings-benchmark-auto-vcm/seedlings1/images/e973ac6bc.png,FATHEN
gs://seedlings-benchmark-auto-vcm/seedlings1/images/b4fd78671.png,FATHEN
gs://seedlings-benchmark-auto-vcm/seedlings1/images/c068b9fb7.png,FATHEN
gs://seedlings-benchmark-auto-vcm/seedlings1/images/df62f1c7d.png,FATHEN
gs://seedlings-benchmark-auto-vcm/seedlings1/images/565d13821.png,FATHEN
gs://seedlings-benchmark-auto-vcm/seedlings1/images/6d9dafb55.png,FATHEN
gs://seedlings-benchmark-auto-vcm/seedlings1/images/83f907552.png,FATHEN
gs://seedlings-benchmark-auto-vcm/seedlings1/images/c386194a6.png,FATHEN
gs://seedlings-benchmark-auto-vcm/seedlings1/images/b2f74bf81.png,FATHEN
gs://seedlings-benchmark-auto-vcm/seedlings1/images/158ac618f.png,FATHEN
gs://seedlings-benchmark-auto-vcm/seedlings1/images/dbb008ffc.png,FATHEN
gs://seedlings-benchmark-auto-vcm/seedlings1/images/e00ed0e9e.png,FATHEN
gs://seedlings-benchmark-auto-vcm/seedlings1/images/100ef76fb.png,FATHEN
gs://seedlings-benchmark-auto-vcm/seedlings1/images/57914613f.png,FATHEN
gs://seedlings-benchmark-auto-vcm/seedlings1/images/d614cd719.png,FATHEN
gs://seedlings-benchmark-auto-vcm/seedlings1/images/211c3f24f.png,FATHEN
gs://seedlings-benchmark-auto-vcm/seedlings1/images/8611e1c13.png,FATHEN
gs://seedlings-benchmark-auto-vcm/seedlings1/images/d674d9e99.png,FATHEN
gs://seedlings-benchmark-auto-vcm/seedlings1/images/ef1303b4a.png,FATHEN
gs://seedlings-benchmark-auto-vcm/seedlings1/images/ea5ac32c1.png,FATHEN
gs://seedlings-benchmark-auto-vcm/seedlings1/images/98cf53a24.png,FATHEN
gs://seedlings-benchmark-auto-vcm/seedlings1/images/7f731311e.png,FATHEN
gs://seedlings-benchmark-auto-vcm/seedlings1/images/2412cb19b.png,FATHEN
gs://seedlings-benchmark-auto-vcm/seedlings1/images/193f4c946.png,FATHEN
gs://seedlings-benchmark-auto-vcm/seedlings1/images/0e4df9f15.png,FATHEN
gs://seedlings-benchmark-auto-vcm/seedlings1/images/ff202577d.png,FATHEN
gs://seedlings-benchmark-auto-vcm/seedlings1/images/ea239a8cd.png,FATHEN
gs://seedlings-benchmark-auto-vcm/seedlings1/images/22cd06b64.png,FATHEN
gs://seedlings-benchmark-auto-vcm/seedlings1/images/b89d9f403.png,FATHEN
gs://seedlings-benchmark-auto-vcm/seedlings1/images/35655c594.png,FATHEN
gs://seedlings-benchmark-auto-vcm/seedlings1/images/160dacec0.png,FATHEN
gs://seedlings-benchmark-auto-vcm/seedlings1/images/aa0f9c454.png,FATHEN
gs://seedlings-benchmark-auto-vcm/seedlings1/images/a7547b978.png,FATHEN
gs://seedlings-benchmark-auto-vcm/seedlings1/images/038850f48.png,FATHEN
gs://seedlings-benchmark-auto-vcm/seedlings1/images/2f80532a2.png,FATHEN
gs://seedlings-benchmark-auto-vcm/seedlings1/images/786319e1b.png,FATHEN
gs://seedlings-benchmark-auto-vcm/seedlings1/images/ec7cde707.png,FATHEN
gs://seedlings-benchmark-auto-vcm/seedlings1/images/e74f35d5d.png,FATHEN
gs://seedlings-benchmark-auto-vcm/seedlings1/images/1012b652c.png,FATHEN
gs://seedlings-benchmark-auto-vcm/seedlings1/images/fbd8e91d3.png,FATHEN
gs://seedlings-benchmark-auto-vcm/seedlings1/images/190b948d5.png,FATHEN
gs://seedlings-benchmark-auto-vcm/seedlings1/images/5f1fd3c70.png,FATHEN
gs://seedlings-benchmark-auto-vcm/seedlings1/images/e1783ecc3.png,FATHEN
gs://seedlings-benchmark-auto-vcm/seedlings1/images/149dbba5f.png,FATHEN
gs://seedlings-benchmark-auto-vcm/seedlings1/images/5aae43c81.png,FATHEN
gs://seedlings-benchmark-auto-vcm/seedlings1/images/c354695d7.png,FATHEN
gs://seedlings-benchmark-auto-vcm/seedlings1/images/0a4ab470e.png,FATHEN
gs://seedlings-benchmark-auto-vcm/seedlings1/images/c1350e0ae.png,FATHEN
gs://seedlings-benchmark-auto-vcm/seedlings1/images/2cab73c25.png,FATHEN
gs://seedlings-benchmark-auto-vcm/seedlings1/images/e6b756e98.png,FATHEN
gs://seedlings-benchmark-auto-vcm/seedlings1/images/3ac434ccd.png,FATHEN
gs://seedlings-benchmark-auto-vcm/seedlings1/images/b8e3dd9ae.png,FATHEN
gs://seedlings-benchmark-auto-vcm/seedlings1/images/cc40c32ed.png,FATHEN
gs://seedlings-benchmark-auto-vcm/seedlings1/images/8689b3765.png,FATHEN
gs://seedlings-benchmark-auto-vcm/seedlings1/images/56d88c09d.png,FATHEN
gs://seedlings-benchmark-auto-vcm/seedlings1/images/c4b7cf7f5.png,FATHEN
gs://seedlings-benchmark-auto-vcm/seedlings1/images/6b175ade7.png,FATHEN
