gs://seedlings-benchmark-auto-vcm/seedlings1/grass/42336b187.png,grass
gs://seedlings-benchmark-auto-vcm/seedlings1/grass/f423f84da.png,grass
gs://seedlings-benchmark-auto-vcm/seedlings1/grass/4cf922aea.png,grass
gs://seedlings-benchmark-auto-vcm/seedlings1/grass/fc1001932.png,grass
gs://seedlings-benchmark-auto-vcm/seedlings1/grass/2ee4dad8c.png,grass
gs://seedlings-benchmark-auto-vcm/seedlings1/grass/d8afd58f3.png,grass
gs://seedlings-benchmark-auto-vcm/seedlings1/grass/82e0d98d2.png,grass
gs://seedlings-benchmark-auto-vcm/seedlings1/grass/dde665ea5.png,grass
gs://seedlings-benchmark-auto-vcm/seedlings1/grass/25daae389.png,grass
gs://seedlings-benchmark-auto-vcm/seedlings1/grass/0050f38b3.png,grass
gs://seedlings-benchmark-auto-vcm/seedlings1/grass/f4b7ddbce.png,grass
gs://seedlings-benchmark-auto-vcm/seedlings1/grass/31f2766cb.png,grass
gs://seedlings-benchmark-auto-vcm/seedlings1/grass/4a7e7eba8.png,grass
gs://seedlings-benchmark-auto-vcm/seedlings1/grass/5e21fa6f1.png,grass
gs://seedlings-benchmark-auto-vcm/seedlings1/grass/53ab7a3da.png,grass
gs://seedlings-benchmark-auto-vcm/seedlings1/grass/1576ce9fd.png,grass
gs://seedlings-benchmark-auto-vcm/seedlings1/grass/34a672a63.png,grass
gs://seedlings-benchmark-auto-vcm/seedlings1/grass/cbeb36bc6.png,grass
gs://seedlings-benchmark-auto-vcm/seedlings1/grass/e5f50d22a.png,grass
gs://seedlings-benchmark-auto-vcm/seedlings1/grass/c3b38d028.png,grass
gs://seedlings-benchmark-auto-vcm/seedlings1/grass/a1cb5a321.png,grass
gs://seedlings-benchmark-auto-vcm/seedlings1/grass/6172f64fd.png,grass
gs://seedlings-benchmark-auto-vcm/seedlings1/grass/498269666.png,grass
gs://seedlings-benchmark-auto-vcm/seedlings1/grass/1276dffba.png,grass
gs://seedlings-benchmark-auto-vcm/seedlings1/grass/75ef53b3b.png,grass
gs://seedlings-benchmark-auto-vcm/seedlings1/grass/983663c56.png,grass
gs://seedlings-benchmark-auto-vcm/seedlings1/grass/6104de96e.png,grass
gs://seedlings-benchmark-auto-vcm/seedlings1/grass/5212d8564.png,grass
gs://seedlings-benchmark-auto-vcm/seedlings1/grass/aa5bb06a1.png,grass
gs://seedlings-benchmark-auto-vcm/seedlings1/grass/f007dfa26.png,grass
gs://seedlings-benchmark-auto-vcm/seedlings1/grass/93f68d1a9.png,grass
gs://seedlings-benchmark-auto-vcm/seedlings1/grass/84e43f2ff.png,grass
gs://seedlings-benchmark-auto-vcm/seedlings1/grass/bc68a27f9.png,grass
gs://seedlings-benchmark-auto-vcm/seedlings1/grass/ed4b42936.png,grass
gs://seedlings-benchmark-auto-vcm/seedlings1/grass/a47cfeec4.png,grass
gs://seedlings-benchmark-auto-vcm/seedlings1/grass/dd091a2a9.png,grass
gs://seedlings-benchmark-auto-vcm/seedlings1/grass/ea85eb4a1.png,grass
gs://seedlings-benchmark-auto-vcm/seedlings1/grass/765a69082.png,grass
gs://seedlings-benchmark-auto-vcm/seedlings1/grass/90ea1e327.png,grass
gs://seedlings-benchmark-auto-vcm/seedlings1/grass/d441eeda3.png,grass
gs://seedlings-benchmark-auto-vcm/seedlings1/grass/495cebacf.png,grass
gs://seedlings-benchmark-auto-vcm/seedlings1/grass/37d85d833.png,grass
gs://seedlings-benchmark-auto-vcm/seedlings1/grass/c39541d9a.png,grass
gs://seedlings-benchmark-auto-vcm/seedlings1/grass/a20b64ac6.png,grass
gs://seedlings-benchmark-auto-vcm/seedlings1/grass/16c69a6d8.png,grass
gs://seedlings-benchmark-auto-vcm/seedlings1/grass/7f84c8699.png,grass
gs://seedlings-benchmark-auto-vcm/seedlings1/grass/078eae073.png,grass
gs://seedlings-benchmark-auto-vcm/seedlings1/grass/b024eeb75.png,grass
gs://seedlings-benchmark-auto-vcm/seedlings1/grass/840a7ed59.png,grass
gs://seedlings-benchmark-auto-vcm/seedlings1/grass/d090d6b25.png,grass
gs://seedlings-benchmark-auto-vcm/seedlings1/grass/bab8eb04a.png,grass
gs://seedlings-benchmark-auto-vcm/seedlings1/grass/3b7d1fe82.png,grass
gs://seedlings-benchmark-auto-vcm/seedlings1/grass/40bf7be90.png,grass
gs://seedlings-benchmark-auto-vcm/seedlings1/grass/7050b0b8a.png,grass
gs://seedlings-benchmark-auto-vcm/seedlings1/grass/0e91f92a1.png,grass
gs://seedlings-benchmark-auto-vcm/seedlings1/grass/3de7650a2.png,grass
gs://seedlings-benchmark-auto-vcm/seedlings1/grass/1af1eddd3.png,grass
gs://seedlings-benchmark-auto-vcm/seedlings1/grass/afaade548.png,grass
gs://seedlings-benchmark-auto-vcm/seedlings1/grass/d3e69adad.png,grass
gs://seedlings-benchmark-auto-vcm/seedlings1/grass/2ed589264.png,grass
gs://seedlings-benchmark-auto-vcm/seedlings1/grass/e4af651a3.png,grass
gs://seedlings-benchmark-auto-vcm/seedlings1/grass/31958c132.png,grass
gs://seedlings-benchmark-auto-vcm/seedlings1/grass/a0baf5f7b.png,grass
gs://seedlings-benchmark-auto-vcm/seedlings1/grass/c1ab59648.png,grass
gs://seedlings-benchmark-auto-vcm/seedlings1/grass/e62aa6d6e.png,grass
gs://seedlings-benchmark-auto-vcm/seedlings1/grass/1a125880e.png,grass
gs://seedlings-benchmark-auto-vcm/seedlings1/grass/4e1cb1e27.png,grass
gs://seedlings-benchmark-auto-vcm/seedlings1/grass/cc90c662f.png,grass
gs://seedlings-benchmark-auto-vcm/seedlings1/grass/550dfcb36.png,grass
gs://seedlings-benchmark-auto-vcm/seedlings1/grass/5d358beb9.png,grass
gs://seedlings-benchmark-auto-vcm/seedlings1/grass/470608aba.png,grass
gs://seedlings-benchmark-auto-vcm/seedlings1/grass/5e4d1ee0d.png,grass
gs://seedlings-benchmark-auto-vcm/seedlings1/grass/cd8031a0c.png,grass
gs://seedlings-benchmark-auto-vcm/seedlings1/grass/0ace21089.png,grass
gs://seedlings-benchmark-auto-vcm/seedlings1/grass/9443199bb.png,grass
gs://seedlings-benchmark-auto-vcm/seedlings1/grass/f0a7c51a2.png,grass
gs://seedlings-benchmark-auto-vcm/seedlings1/grass/a03bc7b24.png,grass
gs://seedlings-benchmark-auto-vcm/seedlings1/grass/a08892355.png,grass
gs://seedlings-benchmark-auto-vcm/seedlings1/grass/2aa60045d.png,grass
gs://seedlings-benchmark-auto-vcm/seedlings1/grass/0d28c429b.png,grass
gs://seedlings-benchmark-auto-vcm/seedlings1/grass/4f48eb987.png,grass
gs://seedlings-benchmark-auto-vcm/seedlings1/grass/8dd397cd9.png,grass
gs://seedlings-benchmark-auto-vcm/seedlings1/grass/f39ddbe0a.png,grass
gs://seedlings-benchmark-auto-vcm/seedlings1/grass/163e571a6.png,grass
gs://seedlings-benchmark-auto-vcm/seedlings1/grass/2269e0a1e.png,grass
gs://seedlings-benchmark-auto-vcm/seedlings1/grass/0260cffa8.png,grass
gs://seedlings-benchmark-auto-vcm/seedlings1/grass/5a8b75712.png,grass
gs://seedlings-benchmark-auto-vcm/seedlings1/grass/72fd52505.png,grass
gs://seedlings-benchmark-auto-vcm/seedlings1/grass/ed0bc2794.png,grass
gs://seedlings-benchmark-auto-vcm/seedlings1/grass/70bfa70ff.png,grass
gs://seedlings-benchmark-auto-vcm/seedlings1/grass/7b72b398d.png,grass
gs://seedlings-benchmark-auto-vcm/seedlings1/grass/9052e3e7f.png,grass
gs://seedlings-benchmark-auto-vcm/seedlings1/grass/ecd14321d.png,grass
gs://seedlings-benchmark-auto-vcm/seedlings1/grass/bac2710a2.png,grass
gs://seedlings-benchmark-auto-vcm/seedlings1/grass/0d4f74f4a.png,grass
gs://seedlings-benchmark-auto-vcm/seedlings1/grass/6aabdeb45.png,grass
gs://seedlings-benchmark-auto-vcm/seedlings1/grass/b561b3bc2.png,grass
gs://seedlings-benchmark-auto-vcm/seedlings1/grass/b790f7be5.png,grass
gs://seedlings-benchmark-auto-vcm/seedlings1/grass/89f06ca64.png,grass
gs://seedlings-benchmark-auto-vcm/seedlings1/grass/7e1bf9449.png,grass
gs://seedlings-benchmark-auto-vcm/seedlings1/grass/a5f23b59f.png,grass
gs://seedlings-benchmark-auto-vcm/seedlings1/grass/c025e2886.png,grass
gs://seedlings-benchmark-auto-vcm/seedlings1/grass/1d39b8f30.png,grass
gs://seedlings-benchmark-auto-vcm/seedlings1/grass/28a707630.png,grass
gs://seedlings-benchmark-auto-vcm/seedlings1/grass/455546801.png,grass
gs://seedlings-benchmark-auto-vcm/seedlings1/grass/20d4fab57.png,grass
gs://seedlings-benchmark-auto-vcm/seedlings1/grass/ab787fb46.png,grass
gs://seedlings-benchmark-auto-vcm/seedlings1/grass/eac39cfa8.png,grass
gs://seedlings-benchmark-auto-vcm/seedlings1/grass/ae8f69724.png,grass
gs://seedlings-benchmark-auto-vcm/seedlings1/grass/d0ad9c78b.png,grass
gs://seedlings-benchmark-auto-vcm/seedlings1/grass/ed540beb6.png,grass
gs://seedlings-benchmark-auto-vcm/seedlings1/grass/bf5662989.png,grass
gs://seedlings-benchmark-auto-vcm/seedlings1/grass/c9f6ffa0c.png,grass
gs://seedlings-benchmark-auto-vcm/seedlings1/grass/87dd8ebac.png,grass
gs://seedlings-benchmark-auto-vcm/seedlings1/grass/97cbef805.png,grass
gs://seedlings-benchmark-auto-vcm/seedlings1/grass/2f6bc240a.png,grass
gs://seedlings-benchmark-auto-vcm/seedlings1/grass/a87fd277c.png,grass
gs://seedlings-benchmark-auto-vcm/seedlings1/grass/a6f939a8b.png,grass
gs://seedlings-benchmark-auto-vcm/seedlings1/grass/a8cdae28a.png,grass
gs://seedlings-benchmark-auto-vcm/seedlings1/grass/0183fdf68.png,grass
gs://seedlings-benchmark-auto-vcm/seedlings1/grass/5c405ae2d.png,grass
gs://seedlings-benchmark-auto-vcm/seedlings1/grass/0be707615.png,grass
gs://seedlings-benchmark-auto-vcm/seedlings1/grass/3a8c485bc.png,grass
gs://seedlings-benchmark-auto-vcm/seedlings1/grass/da4f48653.png,grass
gs://seedlings-benchmark-auto-vcm/seedlings1/grass/2f0ae1b34.png,grass
gs://seedlings-benchmark-auto-vcm/seedlings1/grass/b937353c0.png,grass
gs://seedlings-benchmark-auto-vcm/seedlings1/grass/39e9bf4c7.png,grass
gs://seedlings-benchmark-auto-vcm/seedlings1/grass/ac47ebc4d.png,grass
gs://seedlings-benchmark-auto-vcm/seedlings1/grass/e7d7e6351.png,grass
gs://seedlings-benchmark-auto-vcm/seedlings1/grass/429a48df1.png,grass
gs://seedlings-benchmark-auto-vcm/seedlings1/grass/f20bf670a.png,grass
gs://seedlings-benchmark-auto-vcm/seedlings1/grass/4cd2a07dd.png,grass
gs://seedlings-benchmark-auto-vcm/seedlings1/grass/e47987eab.png,grass
gs://seedlings-benchmark-auto-vcm/seedlings1/grass/3dc08a0f7.png,grass
gs://seedlings-benchmark-auto-vcm/seedlings1/grass/075d004bc.png,grass
gs://seedlings-benchmark-auto-vcm/seedlings1/grass/0bb75ded8.png,grass
gs://seedlings-benchmark-auto-vcm/seedlings1/grass/05eedce4d.png,grass
gs://seedlings-benchmark-auto-vcm/seedlings1/grass/fab809601.png,grass
gs://seedlings-benchmark-auto-vcm/seedlings1/grass/594485a0c.png,grass
gs://seedlings-benchmark-auto-vcm/seedlings1/grass/4f0dcbcc3.png,grass
gs://seedlings-benchmark-auto-vcm/seedlings1/grass/a7d2b005e.png,grass
gs://seedlings-benchmark-auto-vcm/seedlings1/grass/ab479d343.png,grass
gs://seedlings-benchmark-auto-vcm/seedlings1/grass/b4b8b1507.png,grass
gs://seedlings-benchmark-auto-vcm/seedlings1/grass/6e027ec7d.png,grass
gs://seedlings-benchmark-auto-vcm/seedlings1/grass/42af989bc.png,grass
gs://seedlings-benchmark-auto-vcm/seedlings1/grass/7fa6dbe11.png,grass
gs://seedlings-benchmark-auto-vcm/seedlings1/grass/dca86daba.png,grass
gs://seedlings-benchmark-auto-vcm/seedlings1/grass/a37d61200.png,grass
gs://seedlings-benchmark-auto-vcm/seedlings1/grass/e67dbce63.png,grass
gs://seedlings-benchmark-auto-vcm/seedlings1/grass/32d97b170.png,grass
gs://seedlings-benchmark-auto-vcm/seedlings1/grass/3e9ef1999.png,grass
gs://seedlings-benchmark-auto-vcm/seedlings1/grass/957b8523c.png,grass
gs://seedlings-benchmark-auto-vcm/seedlings1/grass/891c720f8.png,grass
gs://seedlings-benchmark-auto-vcm/seedlings1/grass/cfbe062b3.png,grass
gs://seedlings-benchmark-auto-vcm/seedlings1/grass/0fe440ed5.png,grass
gs://seedlings-benchmark-auto-vcm/seedlings1/grass/db337c4e7.png,grass
gs://seedlings-benchmark-auto-vcm/seedlings1/grass/e2b2a20b2.png,grass
gs://seedlings-benchmark-auto-vcm/seedlings1/grass/54c6dbde4.png,grass
gs://seedlings-benchmark-auto-vcm/seedlings1/grass/d622ca3d2.png,grass
gs://seedlings-benchmark-auto-vcm/seedlings1/grass/86dfe670c.png,grass
gs://seedlings-benchmark-auto-vcm/seedlings1/grass/92e5fcce4.png,grass
gs://seedlings-benchmark-auto-vcm/seedlings1/grass/6b9ebf8cc.png,grass
gs://seedlings-benchmark-auto-vcm/seedlings1/grass/7b71d3e65.png,grass
gs://seedlings-benchmark-auto-vcm/seedlings1/grass/3002e5d9d.png,grass
gs://seedlings-benchmark-auto-vcm/seedlings1/grass/ac56bd408.png,grass
gs://seedlings-benchmark-auto-vcm/seedlings1/grass/418808d19.png,grass
gs://seedlings-benchmark-auto-vcm/seedlings1/grass/461feacba.png,grass
gs://seedlings-benchmark-auto-vcm/seedlings1/grass/ed17d766b.png,grass
gs://seedlings-benchmark-auto-vcm/seedlings1/grass/c999c3095.png,grass
gs://seedlings-benchmark-auto-vcm/seedlings1/grass/c8884407d.png,grass
gs://seedlings-benchmark-auto-vcm/seedlings1/grass/675a6956e.png,grass
gs://seedlings-benchmark-auto-vcm/seedlings1/grass/b504c071f.png,grass
gs://seedlings-benchmark-auto-vcm/seedlings1/grass/22be204a3.png,grass
gs://seedlings-benchmark-auto-vcm/seedlings1/grass/c0cbaa32c.png,grass
gs://seedlings-benchmark-auto-vcm/seedlings1/grass/f5ca3d442.png,grass
gs://seedlings-benchmark-auto-vcm/seedlings1/grass/adc5443dc.png,grass
gs://seedlings-benchmark-auto-vcm/seedlings1/grass/686132594.png,grass
gs://seedlings-benchmark-auto-vcm/seedlings1/grass/d112c9c28.png,grass
gs://seedlings-benchmark-auto-vcm/seedlings1/grass/279ac215b.png,grass
gs://seedlings-benchmark-auto-vcm/seedlings1/grass/1e49633e0.png,grass
gs://seedlings-benchmark-auto-vcm/seedlings1/grass/6afa7c717.png,grass
gs://seedlings-benchmark-auto-vcm/seedlings1/grass/9e99f6a34.png,grass
gs://seedlings-benchmark-auto-vcm/seedlings1/grass/332f68a21.png,grass
gs://seedlings-benchmark-auto-vcm/seedlings1/grass/448a59eac.png,grass
gs://seedlings-benchmark-auto-vcm/seedlings1/grass/775735fb9.png,grass
gs://seedlings-benchmark-auto-vcm/seedlings1/grass/0b228a6b8.png,grass
gs://seedlings-benchmark-auto-vcm/seedlings1/grass/df2e6e002.png,grass
gs://seedlings-benchmark-auto-vcm/seedlings1/grass/6182bd48c.png,grass
gs://seedlings-benchmark-auto-vcm/seedlings1/grass/d6036a0f4.png,grass
gs://seedlings-benchmark-auto-vcm/seedlings1/grass/595e77ddf.png,grass
gs://seedlings-benchmark-auto-vcm/seedlings1/grass/0c67c3fc3.png,grass
gs://seedlings-benchmark-auto-vcm/seedlings1/grass/88fceea2f.png,grass
gs://seedlings-benchmark-auto-vcm/seedlings1/grass/af1b91028.png,grass
gs://seedlings-benchmark-auto-vcm/seedlings1/grass/3b7266ac3.png,grass
gs://seedlings-benchmark-auto-vcm/seedlings1/grass/3f268bcf8.png,grass
gs://seedlings-benchmark-auto-vcm/seedlings1/grass/d3c72d4c3.png,grass
gs://seedlings-benchmark-auto-vcm/seedlings1/grass/91a175741.png,grass
gs://seedlings-benchmark-auto-vcm/seedlings1/grass/af3e2c6da.png,grass
gs://seedlings-benchmark-auto-vcm/seedlings1/grass/b9dfffe2a.png,grass
gs://seedlings-benchmark-auto-vcm/seedlings1/grass/5db29d0b5.png,grass
gs://seedlings-benchmark-auto-vcm/seedlings1/grass/da5082ce2.png,grass
gs://seedlings-benchmark-auto-vcm/seedlings1/grass/3ff68fa8a.png,grass
gs://seedlings-benchmark-auto-vcm/seedlings1/grass/9959fb099.png,grass
gs://seedlings-benchmark-auto-vcm/seedlings1/grass/26103af9c.png,grass
gs://seedlings-benchmark-auto-vcm/seedlings1/grass/e0380dff9.png,grass
gs://seedlings-benchmark-auto-vcm/seedlings1/grass/c1a625098.png,grass
gs://seedlings-benchmark-auto-vcm/seedlings1/grass/b9e36fa79.png,grass
gs://seedlings-benchmark-auto-vcm/seedlings1/grass/850a09a6b.png,grass
gs://seedlings-benchmark-auto-vcm/seedlings1/grass/355cad34c.png,grass
gs://seedlings-benchmark-auto-vcm/seedlings1/grass/ebd2350df.png,grass
gs://seedlings-benchmark-auto-vcm/seedlings1/grass/f84089a55.png,grass
gs://seedlings-benchmark-auto-vcm/seedlings1/grass/963dbc831.png,grass
gs://seedlings-benchmark-auto-vcm/seedlings1/grass/13a7f553a.png,grass
gs://seedlings-benchmark-auto-vcm/seedlings1/grass/14719a83e.png,grass
gs://seedlings-benchmark-auto-vcm/seedlings1/grass/71f6e3227.png,grass
gs://seedlings-benchmark-auto-vcm/seedlings1/grass/c66bab8b6.png,grass
gs://seedlings-benchmark-auto-vcm/seedlings1/grass/129c51855.png,grass
gs://seedlings-benchmark-auto-vcm/seedlings1/grass/20b2cbaed.png,grass
gs://seedlings-benchmark-auto-vcm/seedlings1/grass/5296a06e6.png,grass
gs://seedlings-benchmark-auto-vcm/seedlings1/grass/77629b9e3.png,grass
gs://seedlings-benchmark-auto-vcm/seedlings1/grass/0b3e7a7a9.png,grass
gs://seedlings-benchmark-auto-vcm/seedlings1/grass/e5a6e8ebc.png,grass
gs://seedlings-benchmark-auto-vcm/seedlings1/grass/a8ab1ff26.png,grass
gs://seedlings-benchmark-auto-vcm/seedlings1/grass/5a1295fb4.png,grass
gs://seedlings-benchmark-auto-vcm/seedlings1/grass/0dad57e7f.png,grass
gs://seedlings-benchmark-auto-vcm/seedlings1/grass/f47390401.png,grass
gs://seedlings-benchmark-auto-vcm/seedlings1/grass/a0405de4d.png,grass
gs://seedlings-benchmark-auto-vcm/seedlings1/grass/163c13912.png,grass
gs://seedlings-benchmark-auto-vcm/seedlings1/grass/898ecfa78.png,grass
gs://seedlings-benchmark-auto-vcm/seedlings1/grass/4a3b96198.png,grass
gs://seedlings-benchmark-auto-vcm/seedlings1/grass/5e65dbdd7.png,grass
gs://seedlings-benchmark-auto-vcm/seedlings1/grass/7f37cd4e4.png,grass
gs://seedlings-benchmark-auto-vcm/seedlings1/grass/d3ff1a639.png,grass
gs://seedlings-benchmark-auto-vcm/seedlings1/grass/54b2dac6e.png,grass
gs://seedlings-benchmark-auto-vcm/seedlings1/grass/dcbd3fa08.png,grass
gs://seedlings-benchmark-auto-vcm/seedlings1/grass/082314602.png,grass
gs://seedlings-benchmark-auto-vcm/seedlings1/grass/befaed3e4.png,grass
gs://seedlings-benchmark-auto-vcm/seedlings1/grass/48141d6a7.png,grass
gs://seedlings-benchmark-auto-vcm/seedlings1/grass/6e193f1bb.png,grass
gs://seedlings-benchmark-auto-vcm/seedlings1/grass/173cec485.png,grass
gs://seedlings-benchmark-auto-vcm/seedlings1/grass/228d8ad5c.png,grass
gs://seedlings-benchmark-auto-vcm/seedlings1/grass/ea498dd9c.png,grass
gs://seedlings-benchmark-auto-vcm/seedlings1/grass/fb487c5a4.png,grass
gs://seedlings-benchmark-auto-vcm/seedlings1/grass/8029e3396.png,grass
gs://seedlings-benchmark-auto-vcm/seedlings1/grass/69ad6773e.png,grass
gs://seedlings-benchmark-auto-vcm/seedlings1/grass/3fb361e79.png,grass
gs://seedlings-benchmark-auto-vcm/seedlings1/grass/a8de8a80a.png,grass
gs://seedlings-benchmark-auto-vcm/seedlings1/grass/260c4eed3.png,grass
gs://seedlings-benchmark-auto-vcm/seedlings1/grass/9b1c42272.png,grass
gs://seedlings-benchmark-auto-vcm/seedlings1/grass/807f9b257.png,grass
gs://seedlings-benchmark-auto-vcm/seedlings1/grass/a53088ca0.png,grass
gs://seedlings-benchmark-auto-vcm/seedlings1/grass/ade525bad.png,grass
gs://seedlings-benchmark-auto-vcm/seedlings1/grass/a26cb8017.png,grass
gs://seedlings-benchmark-auto-vcm/seedlings1/grass/fef14b865.png,grass
gs://seedlings-benchmark-auto-vcm/seedlings1/grass/daa7d4620.png,grass
gs://seedlings-benchmark-auto-vcm/seedlings1/grass/6a19547c5.png,grass
gs://seedlings-benchmark-auto-vcm/seedlings1/grass/c11422bb2.png,grass
gs://seedlings-benchmark-auto-vcm/seedlings1/grass/b26a7a6ed.png,grass
gs://seedlings-benchmark-auto-vcm/seedlings1/grass/0d1a9985f.png,grass
gs://seedlings-benchmark-auto-vcm/seedlings1/grass/abe0f4751.png,grass
gs://seedlings-benchmark-auto-vcm/seedlings1/grass/f7f671785.png,grass
gs://seedlings-benchmark-auto-vcm/seedlings1/grass/f82d13d23.png,grass
gs://seedlings-benchmark-auto-vcm/seedlings1/grass/9e2bfa93d.png,grass
