gs://seedlings-benchmark-auto-vcm/seedlings1/mayweed/e61b6ff29.png,mayweed
gs://seedlings-benchmark-auto-vcm/seedlings1/mayweed/b05d99d59.png,mayweed
gs://seedlings-benchmark-auto-vcm/seedlings1/mayweed/ee04c6528.png,mayweed
gs://seedlings-benchmark-auto-vcm/seedlings1/mayweed/1ea84cfc7.png,mayweed
gs://seedlings-benchmark-auto-vcm/seedlings1/mayweed/192bf26cb.png,mayweed
gs://seedlings-benchmark-auto-vcm/seedlings1/mayweed/b931ffcc2.png,mayweed
gs://seedlings-benchmark-auto-vcm/seedlings1/mayweed/8edb4ab22.png,mayweed
gs://seedlings-benchmark-auto-vcm/seedlings1/mayweed/3362b3eae.png,mayweed
gs://seedlings-benchmark-auto-vcm/seedlings1/mayweed/07bed57ea.png,mayweed
gs://seedlings-benchmark-auto-vcm/seedlings1/mayweed/299bd761f.png,mayweed
gs://seedlings-benchmark-auto-vcm/seedlings1/mayweed/898a9fd7e.png,mayweed
gs://seedlings-benchmark-auto-vcm/seedlings1/mayweed/d9ae7cf9d.png,mayweed
gs://seedlings-benchmark-auto-vcm/seedlings1/mayweed/17bf55e51.png,mayweed
gs://seedlings-benchmark-auto-vcm/seedlings1/mayweed/8d2e6cf31.png,mayweed
gs://seedlings-benchmark-auto-vcm/seedlings1/mayweed/c6e95a334.png,mayweed
gs://seedlings-benchmark-auto-vcm/seedlings1/mayweed/8f2534b22.png,mayweed
gs://seedlings-benchmark-auto-vcm/seedlings1/mayweed/731cd4d26.png,mayweed
gs://seedlings-benchmark-auto-vcm/seedlings1/mayweed/ddf258405.png,mayweed
gs://seedlings-benchmark-auto-vcm/seedlings1/mayweed/a5976876c.png,mayweed
gs://seedlings-benchmark-auto-vcm/seedlings1/mayweed/e1d303581.png,mayweed
gs://seedlings-benchmark-auto-vcm/seedlings1/mayweed/1968974c8.png,mayweed
gs://seedlings-benchmark-auto-vcm/seedlings1/mayweed/d748c7307.png,mayweed
gs://seedlings-benchmark-auto-vcm/seedlings1/mayweed/078d42d74.png,mayweed
gs://seedlings-benchmark-auto-vcm/seedlings1/mayweed/e9935ccc7.png,mayweed
gs://seedlings-benchmark-auto-vcm/seedlings1/mayweed/2f2e95f3a.png,mayweed
gs://seedlings-benchmark-auto-vcm/seedlings1/mayweed/6956b6e58.png,mayweed
gs://seedlings-benchmark-auto-vcm/seedlings1/mayweed/1ed148332.png,mayweed
gs://seedlings-benchmark-auto-vcm/seedlings1/mayweed/ba28e9c09.png,mayweed
gs://seedlings-benchmark-auto-vcm/seedlings1/mayweed/5b3fe64c3.png,mayweed
gs://seedlings-benchmark-auto-vcm/seedlings1/mayweed/271f14517.png,mayweed
gs://seedlings-benchmark-auto-vcm/seedlings1/mayweed/e4f5d3cf6.png,mayweed
gs://seedlings-benchmark-auto-vcm/seedlings1/mayweed/425efb679.png,mayweed
gs://seedlings-benchmark-auto-vcm/seedlings1/mayweed/1300c3cd9.png,mayweed
gs://seedlings-benchmark-auto-vcm/seedlings1/mayweed/690595798.png,mayweed
gs://seedlings-benchmark-auto-vcm/seedlings1/mayweed/f2e756037.png,mayweed
gs://seedlings-benchmark-auto-vcm/seedlings1/mayweed/866893cf2.png,mayweed
gs://seedlings-benchmark-auto-vcm/seedlings1/mayweed/f20fced05.png,mayweed
gs://seedlings-benchmark-auto-vcm/seedlings1/mayweed/060f69cd9.png,mayweed
gs://seedlings-benchmark-auto-vcm/seedlings1/mayweed/fa51a663c.png,mayweed
gs://seedlings-benchmark-auto-vcm/seedlings1/mayweed/1c5665dde.png,mayweed
gs://seedlings-benchmark-auto-vcm/seedlings1/mayweed/9524b09c2.png,mayweed
gs://seedlings-benchmark-auto-vcm/seedlings1/mayweed/6c2cef408.png,mayweed
gs://seedlings-benchmark-auto-vcm/seedlings1/mayweed/726c2bcb1.png,mayweed
gs://seedlings-benchmark-auto-vcm/seedlings1/mayweed/872673b5f.png,mayweed
gs://seedlings-benchmark-auto-vcm/seedlings1/mayweed/bc656f071.png,mayweed
gs://seedlings-benchmark-auto-vcm/seedlings1/mayweed/fa55f4be4.png,mayweed
gs://seedlings-benchmark-auto-vcm/seedlings1/mayweed/51e71ddde.png,mayweed
gs://seedlings-benchmark-auto-vcm/seedlings1/mayweed/5186c72ca.png,mayweed
gs://seedlings-benchmark-auto-vcm/seedlings1/mayweed/45d74776a.png,mayweed
gs://seedlings-benchmark-auto-vcm/seedlings1/mayweed/b0e6ba84f.png,mayweed
gs://seedlings-benchmark-auto-vcm/seedlings1/mayweed/8b227f1b2.png,mayweed
gs://seedlings-benchmark-auto-vcm/seedlings1/mayweed/65148b580.png,mayweed
gs://seedlings-benchmark-auto-vcm/seedlings1/mayweed/bbd2ce539.png,mayweed
gs://seedlings-benchmark-auto-vcm/seedlings1/mayweed/6f9829b56.png,mayweed
gs://seedlings-benchmark-auto-vcm/seedlings1/mayweed/97ea07cab.png,mayweed
gs://seedlings-benchmark-auto-vcm/seedlings1/mayweed/b62d20d32.png,mayweed
gs://seedlings-benchmark-auto-vcm/seedlings1/mayweed/8bf8cb21a.png,mayweed
gs://seedlings-benchmark-auto-vcm/seedlings1/mayweed/ba30944b9.png,mayweed
gs://seedlings-benchmark-auto-vcm/seedlings1/mayweed/b7f695669.png,mayweed
gs://seedlings-benchmark-auto-vcm/seedlings1/mayweed/b9fb44d3e.png,mayweed
gs://seedlings-benchmark-auto-vcm/seedlings1/mayweed/72824c328.png,mayweed
gs://seedlings-benchmark-auto-vcm/seedlings1/mayweed/2e2bb8089.png,mayweed
gs://seedlings-benchmark-auto-vcm/seedlings1/mayweed/b7b392448.png,mayweed
gs://seedlings-benchmark-auto-vcm/seedlings1/mayweed/6d119dc1b.png,mayweed
gs://seedlings-benchmark-auto-vcm/seedlings1/mayweed/8ccb53e12.png,mayweed
gs://seedlings-benchmark-auto-vcm/seedlings1/mayweed/d554d9ad6.png,mayweed
gs://seedlings-benchmark-auto-vcm/seedlings1/mayweed/59cb79559.png,mayweed
gs://seedlings-benchmark-auto-vcm/seedlings1/mayweed/87c6cf4ed.png,mayweed
gs://seedlings-benchmark-auto-vcm/seedlings1/mayweed/0bccfe309.png,mayweed
gs://seedlings-benchmark-auto-vcm/seedlings1/mayweed/767558fe0.png,mayweed
gs://seedlings-benchmark-auto-vcm/seedlings1/mayweed/5423cd5b5.png,mayweed
gs://seedlings-benchmark-auto-vcm/seedlings1/mayweed/734fc97ac.png,mayweed
gs://seedlings-benchmark-auto-vcm/seedlings1/mayweed/948251df3.png,mayweed
gs://seedlings-benchmark-auto-vcm/seedlings1/mayweed/a5b0c23ea.png,mayweed
gs://seedlings-benchmark-auto-vcm/seedlings1/mayweed/6901b24e7.png,mayweed
gs://seedlings-benchmark-auto-vcm/seedlings1/mayweed/5b7eb7b82.png,mayweed
gs://seedlings-benchmark-auto-vcm/seedlings1/mayweed/c53eb8d52.png,mayweed
gs://seedlings-benchmark-auto-vcm/seedlings1/mayweed/278256e68.png,mayweed
gs://seedlings-benchmark-auto-vcm/seedlings1/mayweed/809f6f322.png,mayweed
gs://seedlings-benchmark-auto-vcm/seedlings1/mayweed/d48058bb8.png,mayweed
gs://seedlings-benchmark-auto-vcm/seedlings1/mayweed/1ffabce72.png,mayweed
gs://seedlings-benchmark-auto-vcm/seedlings1/mayweed/c013688a9.png,mayweed
gs://seedlings-benchmark-auto-vcm/seedlings1/mayweed/406f54018.png,mayweed
gs://seedlings-benchmark-auto-vcm/seedlings1/mayweed/eb48a3979.png,mayweed
gs://seedlings-benchmark-auto-vcm/seedlings1/mayweed/10c61689b.png,mayweed
gs://seedlings-benchmark-auto-vcm/seedlings1/mayweed/a1eced3b5.png,mayweed
gs://seedlings-benchmark-auto-vcm/seedlings1/mayweed/aeff0bf8c.png,mayweed
gs://seedlings-benchmark-auto-vcm/seedlings1/mayweed/fb95e0cfa.png,mayweed
gs://seedlings-benchmark-auto-vcm/seedlings1/mayweed/b95608a3e.png,mayweed
gs://seedlings-benchmark-auto-vcm/seedlings1/mayweed/6334e8b6d.png,mayweed
gs://seedlings-benchmark-auto-vcm/seedlings1/mayweed/e3b88c3c0.png,mayweed
gs://seedlings-benchmark-auto-vcm/seedlings1/mayweed/efdb1fd72.png,mayweed
gs://seedlings-benchmark-auto-vcm/seedlings1/mayweed/e5bb2e2cf.png,mayweed
gs://seedlings-benchmark-auto-vcm/seedlings1/mayweed/195397e91.png,mayweed
gs://seedlings-benchmark-auto-vcm/seedlings1/mayweed/f8c96bd65.png,mayweed
gs://seedlings-benchmark-auto-vcm/seedlings1/mayweed/dafec933b.png,mayweed
gs://seedlings-benchmark-auto-vcm/seedlings1/mayweed/549c186a8.png,mayweed
gs://seedlings-benchmark-auto-vcm/seedlings1/mayweed/a5545b963.png,mayweed
gs://seedlings-benchmark-auto-vcm/seedlings1/mayweed/1c0322399.png,mayweed
gs://seedlings-benchmark-auto-vcm/seedlings1/mayweed/8fed2b599.png,mayweed
gs://seedlings-benchmark-auto-vcm/seedlings1/mayweed/a0dbc4a62.png,mayweed
gs://seedlings-benchmark-auto-vcm/seedlings1/mayweed/a0a13a1fe.png,mayweed
gs://seedlings-benchmark-auto-vcm/seedlings1/mayweed/1247e28dc.png,mayweed
gs://seedlings-benchmark-auto-vcm/seedlings1/mayweed/2c28f05a9.png,mayweed
gs://seedlings-benchmark-auto-vcm/seedlings1/mayweed/3bf4f0c04.png,mayweed
gs://seedlings-benchmark-auto-vcm/seedlings1/mayweed/724363df7.png,mayweed
gs://seedlings-benchmark-auto-vcm/seedlings1/mayweed/a62fc0648.png,mayweed
gs://seedlings-benchmark-auto-vcm/seedlings1/mayweed/c0810829c.png,mayweed
gs://seedlings-benchmark-auto-vcm/seedlings1/mayweed/0e4c95d3a.png,mayweed
gs://seedlings-benchmark-auto-vcm/seedlings1/mayweed/6df9e4b85.png,mayweed
gs://seedlings-benchmark-auto-vcm/seedlings1/mayweed/2b5ec01e6.png,mayweed
gs://seedlings-benchmark-auto-vcm/seedlings1/mayweed/7b95f2701.png,mayweed
gs://seedlings-benchmark-auto-vcm/seedlings1/mayweed/69ed658dd.png,mayweed
gs://seedlings-benchmark-auto-vcm/seedlings1/mayweed/3e7f883f3.png,mayweed
gs://seedlings-benchmark-auto-vcm/seedlings1/mayweed/5906bcd76.png,mayweed
gs://seedlings-benchmark-auto-vcm/seedlings1/mayweed/2cbb15881.png,mayweed
gs://seedlings-benchmark-auto-vcm/seedlings1/mayweed/6ae097017.png,mayweed
gs://seedlings-benchmark-auto-vcm/seedlings1/mayweed/061592f02.png,mayweed
gs://seedlings-benchmark-auto-vcm/seedlings1/mayweed/b0885ca26.png,mayweed
gs://seedlings-benchmark-auto-vcm/seedlings1/mayweed/edd5b2b13.png,mayweed
gs://seedlings-benchmark-auto-vcm/seedlings1/mayweed/8ff65b054.png,mayweed
gs://seedlings-benchmark-auto-vcm/seedlings1/mayweed/6d0662339.png,mayweed
gs://seedlings-benchmark-auto-vcm/seedlings1/mayweed/5c0a9c9c2.png,mayweed
gs://seedlings-benchmark-auto-vcm/seedlings1/mayweed/ec6e6cfdb.png,mayweed
gs://seedlings-benchmark-auto-vcm/seedlings1/mayweed/64fb55b43.png,mayweed
gs://seedlings-benchmark-auto-vcm/seedlings1/mayweed/b8c3b0f4b.png,mayweed
gs://seedlings-benchmark-auto-vcm/seedlings1/mayweed/4277f2371.png,mayweed
gs://seedlings-benchmark-auto-vcm/seedlings1/mayweed/18dbd6d8c.png,mayweed
gs://seedlings-benchmark-auto-vcm/seedlings1/mayweed/afa4576dc.png,mayweed
gs://seedlings-benchmark-auto-vcm/seedlings1/mayweed/368fb9035.png,mayweed
gs://seedlings-benchmark-auto-vcm/seedlings1/mayweed/01e90ef62.png,mayweed
gs://seedlings-benchmark-auto-vcm/seedlings1/mayweed/5e6b8c2a1.png,mayweed
gs://seedlings-benchmark-auto-vcm/seedlings1/mayweed/d898c90db.png,mayweed
gs://seedlings-benchmark-auto-vcm/seedlings1/mayweed/f76772c24.png,mayweed
gs://seedlings-benchmark-auto-vcm/seedlings1/mayweed/c895464a5.png,mayweed
gs://seedlings-benchmark-auto-vcm/seedlings1/mayweed/5c79ed488.png,mayweed
gs://seedlings-benchmark-auto-vcm/seedlings1/mayweed/7d1f27d5c.png,mayweed
gs://seedlings-benchmark-auto-vcm/seedlings1/mayweed/9c6d64872.png,mayweed
gs://seedlings-benchmark-auto-vcm/seedlings1/mayweed/0e2b8c097.png,mayweed
gs://seedlings-benchmark-auto-vcm/seedlings1/mayweed/75632b096.png,mayweed
gs://seedlings-benchmark-auto-vcm/seedlings1/mayweed/3a4f03cad.png,mayweed
gs://seedlings-benchmark-auto-vcm/seedlings1/mayweed/8d65bde6a.png,mayweed
gs://seedlings-benchmark-auto-vcm/seedlings1/mayweed/7d18ff4c6.png,mayweed
gs://seedlings-benchmark-auto-vcm/seedlings1/mayweed/618922851.png,mayweed
gs://seedlings-benchmark-auto-vcm/seedlings1/mayweed/8ea94061e.png,mayweed
gs://seedlings-benchmark-auto-vcm/seedlings1/mayweed/015215883.png,mayweed
gs://seedlings-benchmark-auto-vcm/seedlings1/mayweed/163de1bde.png,mayweed
gs://seedlings-benchmark-auto-vcm/seedlings1/mayweed/9985f08e7.png,mayweed
gs://seedlings-benchmark-auto-vcm/seedlings1/mayweed/273dc0a1c.png,mayweed
gs://seedlings-benchmark-auto-vcm/seedlings1/mayweed/2bb431697.png,mayweed
gs://seedlings-benchmark-auto-vcm/seedlings1/mayweed/40eea04f4.png,mayweed
gs://seedlings-benchmark-auto-vcm/seedlings1/mayweed/6398c3458.png,mayweed
gs://seedlings-benchmark-auto-vcm/seedlings1/mayweed/2ab910bdf.png,mayweed
gs://seedlings-benchmark-auto-vcm/seedlings1/mayweed/0e978005a.png,mayweed
gs://seedlings-benchmark-auto-vcm/seedlings1/mayweed/fa32e1e7f.png,mayweed
gs://seedlings-benchmark-auto-vcm/seedlings1/mayweed/a029e78bb.png,mayweed
gs://seedlings-benchmark-auto-vcm/seedlings1/mayweed/0dd73ae6a.png,mayweed
gs://seedlings-benchmark-auto-vcm/seedlings1/mayweed/a4daf7050.png,mayweed
gs://seedlings-benchmark-auto-vcm/seedlings1/mayweed/356088e4b.png,mayweed
gs://seedlings-benchmark-auto-vcm/seedlings1/mayweed/fa440ea1b.png,mayweed
gs://seedlings-benchmark-auto-vcm/seedlings1/mayweed/517c2f5ab.png,mayweed
gs://seedlings-benchmark-auto-vcm/seedlings1/mayweed/24e93bc82.png,mayweed
gs://seedlings-benchmark-auto-vcm/seedlings1/mayweed/11256441a.png,mayweed
gs://seedlings-benchmark-auto-vcm/seedlings1/mayweed/c13cfa6ca.png,mayweed
gs://seedlings-benchmark-auto-vcm/seedlings1/mayweed/a035386ae.png,mayweed
gs://seedlings-benchmark-auto-vcm/seedlings1/mayweed/c2c5708be.png,mayweed
gs://seedlings-benchmark-auto-vcm/seedlings1/mayweed/9e6395cd2.png,mayweed
gs://seedlings-benchmark-auto-vcm/seedlings1/mayweed/df6448756.png,mayweed
gs://seedlings-benchmark-auto-vcm/seedlings1/mayweed/b3ab2acea.png,mayweed
gs://seedlings-benchmark-auto-vcm/seedlings1/mayweed/2a17238d0.png,mayweed
gs://seedlings-benchmark-auto-vcm/seedlings1/mayweed/f7bbaeed3.png,mayweed
gs://seedlings-benchmark-auto-vcm/seedlings1/mayweed/79eb0958f.png,mayweed
gs://seedlings-benchmark-auto-vcm/seedlings1/mayweed/e63e4f653.png,mayweed
gs://seedlings-benchmark-auto-vcm/seedlings1/mayweed/f12c028d0.png,mayweed
gs://seedlings-benchmark-auto-vcm/seedlings1/mayweed/2a6edb04e.png,mayweed
gs://seedlings-benchmark-auto-vcm/seedlings1/mayweed/025155400.png,mayweed
gs://seedlings-benchmark-auto-vcm/seedlings1/mayweed/da9acbb63.png,mayweed
gs://seedlings-benchmark-auto-vcm/seedlings1/mayweed/576951fce.png,mayweed
gs://seedlings-benchmark-auto-vcm/seedlings1/mayweed/b4383df28.png,mayweed
gs://seedlings-benchmark-auto-vcm/seedlings1/mayweed/eef749129.png,mayweed
gs://seedlings-benchmark-auto-vcm/seedlings1/mayweed/586524a24.png,mayweed
gs://seedlings-benchmark-auto-vcm/seedlings1/mayweed/313242291.png,mayweed
gs://seedlings-benchmark-auto-vcm/seedlings1/mayweed/c87695e0e.png,mayweed
gs://seedlings-benchmark-auto-vcm/seedlings1/mayweed/2c6d58f91.png,mayweed
gs://seedlings-benchmark-auto-vcm/seedlings1/mayweed/7863544c8.png,mayweed
gs://seedlings-benchmark-auto-vcm/seedlings1/mayweed/0f9e58b1a.png,mayweed
gs://seedlings-benchmark-auto-vcm/seedlings1/mayweed/66b33c098.png,mayweed
gs://seedlings-benchmark-auto-vcm/seedlings1/mayweed/20f9f0a0c.png,mayweed
gs://seedlings-benchmark-auto-vcm/seedlings1/mayweed/3f7434daa.png,mayweed
gs://seedlings-benchmark-auto-vcm/seedlings1/mayweed/818952af9.png,mayweed
gs://seedlings-benchmark-auto-vcm/seedlings1/mayweed/c8c89b850.png,mayweed
gs://seedlings-benchmark-auto-vcm/seedlings1/mayweed/5e58beff8.png,mayweed
gs://seedlings-benchmark-auto-vcm/seedlings1/mayweed/65532d3bd.png,mayweed
gs://seedlings-benchmark-auto-vcm/seedlings1/mayweed/911a91de2.png,mayweed
gs://seedlings-benchmark-auto-vcm/seedlings1/mayweed/d9a8c6ed5.png,mayweed
gs://seedlings-benchmark-auto-vcm/seedlings1/mayweed/b349deff8.png,mayweed
gs://seedlings-benchmark-auto-vcm/seedlings1/mayweed/3059893a2.png,mayweed
gs://seedlings-benchmark-auto-vcm/seedlings1/mayweed/7cde4ff67.png,mayweed
gs://seedlings-benchmark-auto-vcm/seedlings1/mayweed/7864499c6.png,mayweed
gs://seedlings-benchmark-auto-vcm/seedlings1/mayweed/163ffa4d7.png,mayweed
gs://seedlings-benchmark-auto-vcm/seedlings1/mayweed/9b32813c0.png,mayweed
gs://seedlings-benchmark-auto-vcm/seedlings1/mayweed/7f9735492.png,mayweed
gs://seedlings-benchmark-auto-vcm/seedlings1/mayweed/ccda21dc0.png,mayweed
gs://seedlings-benchmark-auto-vcm/seedlings1/mayweed/3c69e3279.png,mayweed
gs://seedlings-benchmark-auto-vcm/seedlings1/mayweed/2de4ec934.png,mayweed
gs://seedlings-benchmark-auto-vcm/seedlings1/mayweed/8d18b1983.png,mayweed
gs://seedlings-benchmark-auto-vcm/seedlings1/mayweed/fb1ba1eb6.png,mayweed
gs://seedlings-benchmark-auto-vcm/seedlings1/mayweed/a591343fd.png,mayweed
gs://seedlings-benchmark-auto-vcm/seedlings1/mayweed/31bfdd75e.png,mayweed
gs://seedlings-benchmark-auto-vcm/seedlings1/mayweed/303b50030.png,mayweed
gs://seedlings-benchmark-auto-vcm/seedlings1/mayweed/51a00928f.png,mayweed
gs://seedlings-benchmark-auto-vcm/seedlings1/mayweed/dd1e759c0.png,mayweed
gs://seedlings-benchmark-auto-vcm/seedlings1/mayweed/f8abf5974.png,mayweed
gs://seedlings-benchmark-auto-vcm/seedlings1/mayweed/4b910467f.png,mayweed
gs://seedlings-benchmark-auto-vcm/seedlings1/mayweed/b72f89405.png,mayweed
gs://seedlings-benchmark-auto-vcm/seedlings1/mayweed/1f29d1c75.png,mayweed
gs://seedlings-benchmark-auto-vcm/seedlings1/mayweed/69da83055.png,mayweed
gs://seedlings-benchmark-auto-vcm/seedlings1/mayweed/3d44bca16.png,mayweed
gs://seedlings-benchmark-auto-vcm/seedlings1/mayweed/7f3b7d37e.png,mayweed
gs://seedlings-benchmark-auto-vcm/seedlings1/mayweed/50549436d.png,mayweed
gs://seedlings-benchmark-auto-vcm/seedlings1/mayweed/7d3b1def6.png,mayweed
gs://seedlings-benchmark-auto-vcm/seedlings1/mayweed/4358bc332.png,mayweed
gs://seedlings-benchmark-auto-vcm/seedlings1/mayweed/a390479c5.png,mayweed
gs://seedlings-benchmark-auto-vcm/seedlings1/mayweed/a75b742cd.png,mayweed
gs://seedlings-benchmark-auto-vcm/seedlings1/mayweed/8e6c73968.png,mayweed
gs://seedlings-benchmark-auto-vcm/seedlings1/mayweed/05ceff7d1.png,mayweed
gs://seedlings-benchmark-auto-vcm/seedlings1/mayweed/1ea513913.png,mayweed
gs://seedlings-benchmark-auto-vcm/seedlings1/mayweed/deb23c029.png,mayweed
gs://seedlings-benchmark-auto-vcm/seedlings1/mayweed/fdc682350.png,mayweed
gs://seedlings-benchmark-auto-vcm/seedlings1/mayweed/61974ff26.png,mayweed
gs://seedlings-benchmark-auto-vcm/seedlings1/mayweed/9151d1f37.png,mayweed
gs://seedlings-benchmark-auto-vcm/seedlings1/mayweed/62d1b63f3.png,mayweed
gs://seedlings-benchmark-auto-vcm/seedlings1/mayweed/a74ecf401.png,mayweed
gs://seedlings-benchmark-auto-vcm/seedlings1/mayweed/7917df3ec.png,mayweed
gs://seedlings-benchmark-auto-vcm/seedlings1/mayweed/88b1699ea.png,mayweed
gs://seedlings-benchmark-auto-vcm/seedlings1/mayweed/a5f531177.png,mayweed
gs://seedlings-benchmark-auto-vcm/seedlings1/mayweed/b5a8e95f3.png,mayweed
gs://seedlings-benchmark-auto-vcm/seedlings1/mayweed/fa57f2070.png,mayweed
gs://seedlings-benchmark-auto-vcm/seedlings1/mayweed/21fcc7b8b.png,mayweed
gs://seedlings-benchmark-auto-vcm/seedlings1/mayweed/47ca1a63c.png,mayweed
gs://seedlings-benchmark-auto-vcm/seedlings1/mayweed/d8dd45bb1.png,mayweed
gs://seedlings-benchmark-auto-vcm/seedlings1/mayweed/0372b48e1.png,mayweed
gs://seedlings-benchmark-auto-vcm/seedlings1/mayweed/b50e33f38.png,mayweed
gs://seedlings-benchmark-auto-vcm/seedlings1/mayweed/1a570b7db.png,mayweed
gs://seedlings-benchmark-auto-vcm/seedlings1/mayweed/478505edb.png,mayweed
gs://seedlings-benchmark-auto-vcm/seedlings1/mayweed/28e427bed.png,mayweed
gs://seedlings-benchmark-auto-vcm/seedlings1/mayweed/66f70d982.png,mayweed
gs://seedlings-benchmark-auto-vcm/seedlings1/mayweed/a29a89017.png,mayweed
gs://seedlings-benchmark-auto-vcm/seedlings1/mayweed/66d94aa80.png,mayweed
gs://seedlings-benchmark-auto-vcm/seedlings1/mayweed/991bc45af.png,mayweed
gs://seedlings-benchmark-auto-vcm/seedlings1/mayweed/3fe4205e0.png,mayweed
gs://seedlings-benchmark-auto-vcm/seedlings1/mayweed/379781ae4.png,mayweed
gs://seedlings-benchmark-auto-vcm/seedlings1/mayweed/534691880.png,mayweed
gs://seedlings-benchmark-auto-vcm/seedlings1/mayweed/da762a730.png,mayweed
gs://seedlings-benchmark-auto-vcm/seedlings1/mayweed/d30507567.png,mayweed
gs://seedlings-benchmark-auto-vcm/seedlings1/mayweed/083a8c7d2.png,mayweed
gs://seedlings-benchmark-auto-vcm/seedlings1/mayweed/63bbcaafe.png,mayweed
gs://seedlings-benchmark-auto-vcm/seedlings1/mayweed/fc3c746c3.png,mayweed
gs://seedlings-benchmark-auto-vcm/seedlings1/mayweed/9d63dc050.png,mayweed
gs://seedlings-benchmark-auto-vcm/seedlings1/mayweed/22e662983.png,mayweed
gs://seedlings-benchmark-auto-vcm/seedlings1/mayweed/8fdd4fc59.png,mayweed
gs://seedlings-benchmark-auto-vcm/seedlings1/mayweed/d1f4f2cd7.png,mayweed
gs://seedlings-benchmark-auto-vcm/seedlings1/mayweed/523edb175.png,mayweed
gs://seedlings-benchmark-auto-vcm/seedlings1/mayweed/763ce5af0.png,mayweed
gs://seedlings-benchmark-auto-vcm/seedlings1/mayweed/e5dd11bac.png,mayweed
gs://seedlings-benchmark-auto-vcm/seedlings1/mayweed/96c6d3af6.png,mayweed
gs://seedlings-benchmark-auto-vcm/seedlings1/mayweed/275152b11.png,mayweed
gs://seedlings-benchmark-auto-vcm/seedlings1/mayweed/7ff4c69a1.png,mayweed
gs://seedlings-benchmark-auto-vcm/seedlings1/mayweed/9b5bc7b68.png,mayweed
gs://seedlings-benchmark-auto-vcm/seedlings1/mayweed/8334bb575.png,mayweed
gs://seedlings-benchmark-auto-vcm/seedlings1/mayweed/ce3bee65a.png,mayweed
gs://seedlings-benchmark-auto-vcm/seedlings1/mayweed/4487c184f.png,mayweed
gs://seedlings-benchmark-auto-vcm/seedlings1/mayweed/7b1d526d2.png,mayweed
gs://seedlings-benchmark-auto-vcm/seedlings1/mayweed/6f6b0c523.png,mayweed
gs://seedlings-benchmark-auto-vcm/seedlings1/mayweed/06efbd2bf.png,mayweed
gs://seedlings-benchmark-auto-vcm/seedlings1/mayweed/0b4517fcf.png,mayweed
gs://seedlings-benchmark-auto-vcm/seedlings1/mayweed/525f70f91.png,mayweed
gs://seedlings-benchmark-auto-vcm/seedlings1/mayweed/c4732c9bf.png,mayweed
gs://seedlings-benchmark-auto-vcm/seedlings1/mayweed/69af17ea5.png,mayweed
gs://seedlings-benchmark-auto-vcm/seedlings1/mayweed/3456b7270.png,mayweed
gs://seedlings-benchmark-auto-vcm/seedlings1/mayweed/ece245e91.png,mayweed
gs://seedlings-benchmark-auto-vcm/seedlings1/mayweed/0ae9acf83.png,mayweed
gs://seedlings-benchmark-auto-vcm/seedlings1/mayweed/3fb764193.png,mayweed
gs://seedlings-benchmark-auto-vcm/seedlings1/mayweed/fafcf1ece.png,mayweed
gs://seedlings-benchmark-auto-vcm/seedlings1/mayweed/09653e8fa.png,mayweed
gs://seedlings-benchmark-auto-vcm/seedlings1/mayweed/936334172.png,mayweed
gs://seedlings-benchmark-auto-vcm/seedlings1/mayweed/fdc37b24c.png,mayweed
gs://seedlings-benchmark-auto-vcm/seedlings1/mayweed/43442896c.png,mayweed
gs://seedlings-benchmark-auto-vcm/seedlings1/mayweed/b901006cb.png,mayweed
gs://seedlings-benchmark-auto-vcm/seedlings1/mayweed/fbfe32278.png,mayweed
gs://seedlings-benchmark-auto-vcm/seedlings1/mayweed/3655d2892.png,mayweed
gs://seedlings-benchmark-auto-vcm/seedlings1/mayweed/1ae3fa200.png,mayweed
gs://seedlings-benchmark-auto-vcm/seedlings1/mayweed/4408bae35.png,mayweed
gs://seedlings-benchmark-auto-vcm/seedlings1/mayweed/9469abe24.png,mayweed
gs://seedlings-benchmark-auto-vcm/seedlings1/mayweed/bd745fff9.png,mayweed
gs://seedlings-benchmark-auto-vcm/seedlings1/mayweed/b5ce957cf.png,mayweed
gs://seedlings-benchmark-auto-vcm/seedlings1/mayweed/c609814b6.png,mayweed
gs://seedlings-benchmark-auto-vcm/seedlings1/mayweed/ae73ac763.png,mayweed
gs://seedlings-benchmark-auto-vcm/seedlings1/mayweed/22b53d9e5.png,mayweed
gs://seedlings-benchmark-auto-vcm/seedlings1/mayweed/9ab3b61db.png,mayweed
gs://seedlings-benchmark-auto-vcm/seedlings1/mayweed/f52937aa1.png,mayweed
gs://seedlings-benchmark-auto-vcm/seedlings1/mayweed/8c1d546d9.png,mayweed
gs://seedlings-benchmark-auto-vcm/seedlings1/mayweed/d512071bd.png,mayweed
gs://seedlings-benchmark-auto-vcm/seedlings1/mayweed/ed9a20b24.png,mayweed
gs://seedlings-benchmark-auto-vcm/seedlings1/mayweed/d0af40a2d.png,mayweed
gs://seedlings-benchmark-auto-vcm/seedlings1/mayweed/493210bcc.png,mayweed
gs://seedlings-benchmark-auto-vcm/seedlings1/mayweed/67cd81694.png,mayweed
gs://seedlings-benchmark-auto-vcm/seedlings1/mayweed/32dd5e36d.png,mayweed
gs://seedlings-benchmark-auto-vcm/seedlings1/mayweed/a06111202.png,mayweed
gs://seedlings-benchmark-auto-vcm/seedlings1/mayweed/fd0ca2322.png,mayweed
gs://seedlings-benchmark-auto-vcm/seedlings1/mayweed/6256740a1.png,mayweed
gs://seedlings-benchmark-auto-vcm/seedlings1/mayweed/a82d370cd.png,mayweed
gs://seedlings-benchmark-auto-vcm/seedlings1/mayweed/cd9bc8c1f.png,mayweed
gs://seedlings-benchmark-auto-vcm/seedlings1/mayweed/fbeecf2d0.png,mayweed
gs://seedlings-benchmark-auto-vcm/seedlings1/mayweed/78d0fe480.png,mayweed
gs://seedlings-benchmark-auto-vcm/seedlings1/mayweed/b8664f705.png,mayweed
gs://seedlings-benchmark-auto-vcm/seedlings1/mayweed/6908c743e.png,mayweed
gs://seedlings-benchmark-auto-vcm/seedlings1/mayweed/03ee6340f.png,mayweed
gs://seedlings-benchmark-auto-vcm/seedlings1/mayweed/41c73ed49.png,mayweed
gs://seedlings-benchmark-auto-vcm/seedlings1/mayweed/b5e1f76d3.png,mayweed
gs://seedlings-benchmark-auto-vcm/seedlings1/mayweed/2a3777469.png,mayweed
gs://seedlings-benchmark-auto-vcm/seedlings1/mayweed/493815dcf.png,mayweed
gs://seedlings-benchmark-auto-vcm/seedlings1/mayweed/72d1abef3.png,mayweed
gs://seedlings-benchmark-auto-vcm/seedlings1/mayweed/f3f60c384.png,mayweed
gs://seedlings-benchmark-auto-vcm/seedlings1/mayweed/18387e60f.png,mayweed
gs://seedlings-benchmark-auto-vcm/seedlings1/mayweed/61a79f4a1.png,mayweed
gs://seedlings-benchmark-auto-vcm/seedlings1/mayweed/d9a052c2a.png,mayweed
gs://seedlings-benchmark-auto-vcm/seedlings1/mayweed/f7458fedd.png,mayweed
gs://seedlings-benchmark-auto-vcm/seedlings1/mayweed/4ae592695.png,mayweed
gs://seedlings-benchmark-auto-vcm/seedlings1/mayweed/3585db717.png,mayweed
gs://seedlings-benchmark-auto-vcm/seedlings1/mayweed/37573d77c.png,mayweed
gs://seedlings-benchmark-auto-vcm/seedlings1/mayweed/9694fa686.png,mayweed
gs://seedlings-benchmark-auto-vcm/seedlings1/mayweed/2befc73e1.png,mayweed
gs://seedlings-benchmark-auto-vcm/seedlings1/mayweed/3adc567c4.png,mayweed
gs://seedlings-benchmark-auto-vcm/seedlings1/mayweed/5542d13dd.png,mayweed
gs://seedlings-benchmark-auto-vcm/seedlings1/mayweed/620457a5f.png,mayweed
gs://seedlings-benchmark-auto-vcm/seedlings1/mayweed/e07e7b55b.png,mayweed
gs://seedlings-benchmark-auto-vcm/seedlings1/mayweed/1c6e51b29.png,mayweed
gs://seedlings-benchmark-auto-vcm/seedlings1/mayweed/a3290e2dc.png,mayweed
gs://seedlings-benchmark-auto-vcm/seedlings1/mayweed/01358344b.png,mayweed
gs://seedlings-benchmark-auto-vcm/seedlings1/mayweed/2e4ae28f4.png,mayweed
gs://seedlings-benchmark-auto-vcm/seedlings1/mayweed/8bc379617.png,mayweed
gs://seedlings-benchmark-auto-vcm/seedlings1/mayweed/ef6841bdb.png,mayweed
gs://seedlings-benchmark-auto-vcm/seedlings1/mayweed/126d55392.png,mayweed
gs://seedlings-benchmark-auto-vcm/seedlings1/mayweed/a5effc842.png,mayweed
gs://seedlings-benchmark-auto-vcm/seedlings1/mayweed/0a2bcaf43.png,mayweed
gs://seedlings-benchmark-auto-vcm/seedlings1/mayweed/2a5938731.png,mayweed
gs://seedlings-benchmark-auto-vcm/seedlings1/mayweed/68f032e5b.png,mayweed
gs://seedlings-benchmark-auto-vcm/seedlings1/mayweed/6d80eac2a.png,mayweed
gs://seedlings-benchmark-auto-vcm/seedlings1/mayweed/f86cff347.png,mayweed
gs://seedlings-benchmark-auto-vcm/seedlings1/mayweed/78cbf0faf.png,mayweed
gs://seedlings-benchmark-auto-vcm/seedlings1/mayweed/f616c6831.png,mayweed
gs://seedlings-benchmark-auto-vcm/seedlings1/mayweed/4ae939d7d.png,mayweed
gs://seedlings-benchmark-auto-vcm/seedlings1/mayweed/628b08c82.png,mayweed
gs://seedlings-benchmark-auto-vcm/seedlings1/mayweed/7dcb6bd4e.png,mayweed
gs://seedlings-benchmark-auto-vcm/seedlings1/mayweed/82a15579e.png,mayweed
gs://seedlings-benchmark-auto-vcm/seedlings1/mayweed/198f88ef2.png,mayweed
gs://seedlings-benchmark-auto-vcm/seedlings1/mayweed/ae64f6530.png,mayweed
gs://seedlings-benchmark-auto-vcm/seedlings1/mayweed/395ff5971.png,mayweed
gs://seedlings-benchmark-auto-vcm/seedlings1/mayweed/04f89976a.png,mayweed
gs://seedlings-benchmark-auto-vcm/seedlings1/mayweed/5fa64f7ab.png,mayweed
gs://seedlings-benchmark-auto-vcm/seedlings1/mayweed/0efb0719f.png,mayweed
gs://seedlings-benchmark-auto-vcm/seedlings1/mayweed/1ea60c734.png,mayweed
gs://seedlings-benchmark-auto-vcm/seedlings1/mayweed/4205830a0.png,mayweed
gs://seedlings-benchmark-auto-vcm/seedlings1/mayweed/92e4b5803.png,mayweed
gs://seedlings-benchmark-auto-vcm/seedlings1/mayweed/657eccef3.png,mayweed
gs://seedlings-benchmark-auto-vcm/seedlings1/mayweed/319667b0f.png,mayweed
gs://seedlings-benchmark-auto-vcm/seedlings1/mayweed/1750dd2c8.png,mayweed
gs://seedlings-benchmark-auto-vcm/seedlings1/mayweed/e850905dd.png,mayweed
gs://seedlings-benchmark-auto-vcm/seedlings1/mayweed/9f76f53bd.png,mayweed
gs://seedlings-benchmark-auto-vcm/seedlings1/mayweed/89960b2fb.png,mayweed
gs://seedlings-benchmark-auto-vcm/seedlings1/mayweed/d76c8b573.png,mayweed
gs://seedlings-benchmark-auto-vcm/seedlings1/mayweed/ac997b063.png,mayweed
gs://seedlings-benchmark-auto-vcm/seedlings1/mayweed/3ab04bdf0.png,mayweed
gs://seedlings-benchmark-auto-vcm/seedlings1/mayweed/8f63f6073.png,mayweed
gs://seedlings-benchmark-auto-vcm/seedlings1/mayweed/ba1bc108d.png,mayweed
gs://seedlings-benchmark-auto-vcm/seedlings1/mayweed/0919cf5f1.png,mayweed
gs://seedlings-benchmark-auto-vcm/seedlings1/mayweed/d53f66132.png,mayweed
gs://seedlings-benchmark-auto-vcm/seedlings1/mayweed/607bb6891.png,mayweed
gs://seedlings-benchmark-auto-vcm/seedlings1/mayweed/77c4b1d27.png,mayweed
gs://seedlings-benchmark-auto-vcm/seedlings1/mayweed/cba4db693.png,mayweed
gs://seedlings-benchmark-auto-vcm/seedlings1/mayweed/2fe0fea3e.png,mayweed
gs://seedlings-benchmark-auto-vcm/seedlings1/mayweed/35ebfa716.png,mayweed
gs://seedlings-benchmark-auto-vcm/seedlings1/mayweed/9a9058dd6.png,mayweed
gs://seedlings-benchmark-auto-vcm/seedlings1/mayweed/af5cd5756.png,mayweed
gs://seedlings-benchmark-auto-vcm/seedlings1/mayweed/6cb03c2ec.png,mayweed
gs://seedlings-benchmark-auto-vcm/seedlings1/mayweed/447b46d12.png,mayweed
gs://seedlings-benchmark-auto-vcm/seedlings1/mayweed/99f32c27f.png,mayweed
gs://seedlings-benchmark-auto-vcm/seedlings1/mayweed/3418f9acf.png,mayweed
gs://seedlings-benchmark-auto-vcm/seedlings1/mayweed/54f414890.png,mayweed
gs://seedlings-benchmark-auto-vcm/seedlings1/mayweed/44e7a9365.png,mayweed
gs://seedlings-benchmark-auto-vcm/seedlings1/mayweed/553e69068.png,mayweed
gs://seedlings-benchmark-auto-vcm/seedlings1/mayweed/ad6b8c74c.png,mayweed
gs://seedlings-benchmark-auto-vcm/seedlings1/mayweed/789f292b3.png,mayweed
gs://seedlings-benchmark-auto-vcm/seedlings1/mayweed/577c79af0.png,mayweed
gs://seedlings-benchmark-auto-vcm/seedlings1/mayweed/dbd132843.png,mayweed
gs://seedlings-benchmark-auto-vcm/seedlings1/mayweed/94ba133c0.png,mayweed
gs://seedlings-benchmark-auto-vcm/seedlings1/mayweed/d5785bd03.png,mayweed
gs://seedlings-benchmark-auto-vcm/seedlings1/mayweed/8e69ea8a0.png,mayweed
gs://seedlings-benchmark-auto-vcm/seedlings1/mayweed/a74f659c5.png,mayweed
gs://seedlings-benchmark-auto-vcm/seedlings1/mayweed/acd879423.png,mayweed
gs://seedlings-benchmark-auto-vcm/seedlings1/mayweed/10c34a660.png,mayweed
gs://seedlings-benchmark-auto-vcm/seedlings1/mayweed/0258481da.png,mayweed
gs://seedlings-benchmark-auto-vcm/seedlings1/mayweed/05f76f20c.png,mayweed
gs://seedlings-benchmark-auto-vcm/seedlings1/mayweed/aa4b8d708.png,mayweed
gs://seedlings-benchmark-auto-vcm/seedlings1/mayweed/599f49480.png,mayweed
gs://seedlings-benchmark-auto-vcm/seedlings1/mayweed/304fb9580.png,mayweed
gs://seedlings-benchmark-auto-vcm/seedlings1/mayweed/e08d10fe1.png,mayweed
gs://seedlings-benchmark-auto-vcm/seedlings1/mayweed/0438cc647.png,mayweed
gs://seedlings-benchmark-auto-vcm/seedlings1/mayweed/5c9defa0f.png,mayweed
gs://seedlings-benchmark-auto-vcm/seedlings1/mayweed/da97861ed.png,mayweed
gs://seedlings-benchmark-auto-vcm/seedlings1/mayweed/5add1370e.png,mayweed
gs://seedlings-benchmark-auto-vcm/seedlings1/mayweed/8842741cb.png,mayweed
gs://seedlings-benchmark-auto-vcm/seedlings1/mayweed/a0044fa37.png,mayweed
gs://seedlings-benchmark-auto-vcm/seedlings1/mayweed/49a407787.png,mayweed
gs://seedlings-benchmark-auto-vcm/seedlings1/mayweed/b75110745.png,mayweed
gs://seedlings-benchmark-auto-vcm/seedlings1/mayweed/ddb46795d.png,mayweed
gs://seedlings-benchmark-auto-vcm/seedlings1/mayweed/2f7452cdd.png,mayweed
gs://seedlings-benchmark-auto-vcm/seedlings1/mayweed/dbe72b0cd.png,mayweed
gs://seedlings-benchmark-auto-vcm/seedlings1/mayweed/0eaa11631.png,mayweed
gs://seedlings-benchmark-auto-vcm/seedlings1/mayweed/03a92ad22.png,mayweed
gs://seedlings-benchmark-auto-vcm/seedlings1/mayweed/2e25a0433.png,mayweed
gs://seedlings-benchmark-auto-vcm/seedlings1/mayweed/a7ee2d8a4.png,mayweed
gs://seedlings-benchmark-auto-vcm/seedlings1/mayweed/8c742310c.png,mayweed
gs://seedlings-benchmark-auto-vcm/seedlings1/mayweed/388071819.png,mayweed
gs://seedlings-benchmark-auto-vcm/seedlings1/mayweed/b15980d50.png,mayweed
gs://seedlings-benchmark-auto-vcm/seedlings1/mayweed/689c2b218.png,mayweed
gs://seedlings-benchmark-auto-vcm/seedlings1/mayweed/e9dea2c74.png,mayweed
gs://seedlings-benchmark-auto-vcm/seedlings1/mayweed/51adc8b21.png,mayweed
gs://seedlings-benchmark-auto-vcm/seedlings1/mayweed/3b87c72b8.png,mayweed
gs://seedlings-benchmark-auto-vcm/seedlings1/mayweed/99ec6cf98.png,mayweed
gs://seedlings-benchmark-auto-vcm/seedlings1/mayweed/7ab5ba33e.png,mayweed
gs://seedlings-benchmark-auto-vcm/seedlings1/mayweed/4d2960a00.png,mayweed
gs://seedlings-benchmark-auto-vcm/seedlings1/mayweed/7790dac42.png,mayweed
gs://seedlings-benchmark-auto-vcm/seedlings1/mayweed/3f6ec61f6.png,mayweed
gs://seedlings-benchmark-auto-vcm/seedlings1/mayweed/737fe1702.png,mayweed
gs://seedlings-benchmark-auto-vcm/seedlings1/mayweed/98317755c.png,mayweed
gs://seedlings-benchmark-auto-vcm/seedlings1/mayweed/84d2e187d.png,mayweed
gs://seedlings-benchmark-auto-vcm/seedlings1/mayweed/a8d82b05a.png,mayweed
gs://seedlings-benchmark-auto-vcm/seedlings1/mayweed/557340b87.png,mayweed
gs://seedlings-benchmark-auto-vcm/seedlings1/mayweed/2fe02f029.png,mayweed
gs://seedlings-benchmark-auto-vcm/seedlings1/mayweed/870b828ff.png,mayweed
gs://seedlings-benchmark-auto-vcm/seedlings1/mayweed/0d5b79c3c.png,mayweed
gs://seedlings-benchmark-auto-vcm/seedlings1/mayweed/f0c068cc9.png,mayweed
gs://seedlings-benchmark-auto-vcm/seedlings1/mayweed/6c404cca3.png,mayweed
gs://seedlings-benchmark-auto-vcm/seedlings1/mayweed/133553324.png,mayweed
gs://seedlings-benchmark-auto-vcm/seedlings1/mayweed/2bdd11146.png,mayweed
gs://seedlings-benchmark-auto-vcm/seedlings1/mayweed/3a64d0130.png,mayweed
gs://seedlings-benchmark-auto-vcm/seedlings1/mayweed/5ff65344b.png,mayweed
gs://seedlings-benchmark-auto-vcm/seedlings1/mayweed/02ae4e8a3.png,mayweed
gs://seedlings-benchmark-auto-vcm/seedlings1/mayweed/10fc19a04.png,mayweed
gs://seedlings-benchmark-auto-vcm/seedlings1/mayweed/9dc4c048e.png,mayweed
gs://seedlings-benchmark-auto-vcm/seedlings1/mayweed/6af99dc3d.png,mayweed
gs://seedlings-benchmark-auto-vcm/seedlings1/mayweed/8c496e84a.png,mayweed
gs://seedlings-benchmark-auto-vcm/seedlings1/mayweed/2c2da55ca.png,mayweed
gs://seedlings-benchmark-auto-vcm/seedlings1/mayweed/15a668fa4.png,mayweed
gs://seedlings-benchmark-auto-vcm/seedlings1/mayweed/03906fdd7.png,mayweed
gs://seedlings-benchmark-auto-vcm/seedlings1/mayweed/1fb56ac4d.png,mayweed
gs://seedlings-benchmark-auto-vcm/seedlings1/mayweed/6132624ad.png,mayweed
gs://seedlings-benchmark-auto-vcm/seedlings1/mayweed/a80860b81.png,mayweed
gs://seedlings-benchmark-auto-vcm/seedlings1/mayweed/f0fcd1a29.png,mayweed
gs://seedlings-benchmark-auto-vcm/seedlings1/mayweed/0d58d5433.png,mayweed
gs://seedlings-benchmark-auto-vcm/seedlings1/mayweed/c4cfb9893.png,mayweed
gs://seedlings-benchmark-auto-vcm/seedlings1/mayweed/1ab17251b.png,mayweed
gs://seedlings-benchmark-auto-vcm/seedlings1/mayweed/de1097101.png,mayweed
gs://seedlings-benchmark-auto-vcm/seedlings1/mayweed/9f04c1af6.png,mayweed
gs://seedlings-benchmark-auto-vcm/seedlings1/mayweed/137f5ea2f.png,mayweed
gs://seedlings-benchmark-auto-vcm/seedlings1/mayweed/237bcb5cb.png,mayweed
gs://seedlings-benchmark-auto-vcm/seedlings1/mayweed/a1b632391.png,mayweed
gs://seedlings-benchmark-auto-vcm/seedlings1/mayweed/152cc15e0.png,mayweed
gs://seedlings-benchmark-auto-vcm/seedlings1/mayweed/9e0ef139f.png,mayweed
gs://seedlings-benchmark-auto-vcm/seedlings1/mayweed/12752c388.png,mayweed
gs://seedlings-benchmark-auto-vcm/seedlings1/mayweed/883119ddc.png,mayweed
gs://seedlings-benchmark-auto-vcm/seedlings1/mayweed/29b4e98c4.png,mayweed
gs://seedlings-benchmark-auto-vcm/seedlings1/mayweed/f83626ff7.png,mayweed
gs://seedlings-benchmark-auto-vcm/seedlings1/mayweed/ef23c4d59.png,mayweed
gs://seedlings-benchmark-auto-vcm/seedlings1/mayweed/d1e775b97.png,mayweed
gs://seedlings-benchmark-auto-vcm/seedlings1/mayweed/9b40fd5b4.png,mayweed
gs://seedlings-benchmark-auto-vcm/seedlings1/mayweed/bf5217e5b.png,mayweed
gs://seedlings-benchmark-auto-vcm/seedlings1/mayweed/64176476e.png,mayweed
gs://seedlings-benchmark-auto-vcm/seedlings1/mayweed/712b2a926.png,mayweed
gs://seedlings-benchmark-auto-vcm/seedlings1/mayweed/7d69c71e1.png,mayweed
gs://seedlings-benchmark-auto-vcm/seedlings1/mayweed/4076ae5ce.png,mayweed
gs://seedlings-benchmark-auto-vcm/seedlings1/mayweed/202651138.png,mayweed
gs://seedlings-benchmark-auto-vcm/seedlings1/mayweed/856ab3606.png,mayweed
gs://seedlings-benchmark-auto-vcm/seedlings1/mayweed/bb82cef14.png,mayweed
gs://seedlings-benchmark-auto-vcm/seedlings1/mayweed/7fdcb7bcf.png,mayweed
gs://seedlings-benchmark-auto-vcm/seedlings1/mayweed/38ddbde70.png,mayweed
gs://seedlings-benchmark-auto-vcm/seedlings1/mayweed/b7b9ee150.png,mayweed
gs://seedlings-benchmark-auto-vcm/seedlings1/mayweed/f44371b31.png,mayweed
gs://seedlings-benchmark-auto-vcm/seedlings1/mayweed/a5ccc5275.png,mayweed
gs://seedlings-benchmark-auto-vcm/seedlings1/mayweed/0dc27b35d.png,mayweed
gs://seedlings-benchmark-auto-vcm/seedlings1/mayweed/0cbef3166.png,mayweed
gs://seedlings-benchmark-auto-vcm/seedlings1/mayweed/df62ac910.png,mayweed
gs://seedlings-benchmark-auto-vcm/seedlings1/mayweed/6a45a19ec.png,mayweed
gs://seedlings-benchmark-auto-vcm/seedlings1/mayweed/a8f2c9322.png,mayweed
gs://seedlings-benchmark-auto-vcm/seedlings1/mayweed/a88a52491.png,mayweed
gs://seedlings-benchmark-auto-vcm/seedlings1/mayweed/84e4410c2.png,mayweed
gs://seedlings-benchmark-auto-vcm/seedlings1/mayweed/d318c0f8d.png,mayweed
gs://seedlings-benchmark-auto-vcm/seedlings1/mayweed/4646a4ae6.png,mayweed
gs://seedlings-benchmark-auto-vcm/seedlings1/mayweed/371ab36bf.png,mayweed
gs://seedlings-benchmark-auto-vcm/seedlings1/mayweed/b75a19e14.png,mayweed
gs://seedlings-benchmark-auto-vcm/seedlings1/mayweed/0e6d5af38.png,mayweed
gs://seedlings-benchmark-auto-vcm/seedlings1/mayweed/1c9b1eb8b.png,mayweed
gs://seedlings-benchmark-auto-vcm/seedlings1/mayweed/de67fb3e7.png,mayweed
gs://seedlings-benchmark-auto-vcm/seedlings1/mayweed/086894274.png,mayweed
gs://seedlings-benchmark-auto-vcm/seedlings1/mayweed/bf1ef2197.png,mayweed
gs://seedlings-benchmark-auto-vcm/seedlings1/mayweed/61730c6aa.png,mayweed
gs://seedlings-benchmark-auto-vcm/seedlings1/mayweed/5822cf4d1.png,mayweed
gs://seedlings-benchmark-auto-vcm/seedlings1/mayweed/140c4d852.png,mayweed
gs://seedlings-benchmark-auto-vcm/seedlings1/mayweed/2f998af91.png,mayweed
gs://seedlings-benchmark-auto-vcm/seedlings1/mayweed/32bcfcf02.png,mayweed
gs://seedlings-benchmark-auto-vcm/seedlings1/mayweed/04dff1857.png,mayweed
gs://seedlings-benchmark-auto-vcm/seedlings1/mayweed/727fe56ac.png,mayweed
gs://seedlings-benchmark-auto-vcm/seedlings1/mayweed/c24269f00.png,mayweed
gs://seedlings-benchmark-auto-vcm/seedlings1/mayweed/6540c684a.png,mayweed
