gs://seedlings-benchmark-auto-vcm/seedlings1/purse/6fe86aa3b.png,purse
gs://seedlings-benchmark-auto-vcm/seedlings1/purse/a2f172e0a.png,purse
gs://seedlings-benchmark-auto-vcm/seedlings1/purse/8159eeb82.png,purse
gs://seedlings-benchmark-auto-vcm/seedlings1/purse/f900b7684.png,purse
gs://seedlings-benchmark-auto-vcm/seedlings1/purse/1b547ac21.png,purse
gs://seedlings-benchmark-auto-vcm/seedlings1/purse/416478ca2.png,purse
gs://seedlings-benchmark-auto-vcm/seedlings1/purse/a73168ffd.png,purse
gs://seedlings-benchmark-auto-vcm/seedlings1/purse/2bf8eac60.png,purse
gs://seedlings-benchmark-auto-vcm/seedlings1/purse/ba3795245.png,purse
gs://seedlings-benchmark-auto-vcm/seedlings1/purse/7d5f8aab4.png,purse
gs://seedlings-benchmark-auto-vcm/seedlings1/purse/354c39125.png,purse
gs://seedlings-benchmark-auto-vcm/seedlings1/purse/9123349c5.png,purse
gs://seedlings-benchmark-auto-vcm/seedlings1/purse/65ab41503.png,purse
gs://seedlings-benchmark-auto-vcm/seedlings1/purse/72b292a3b.png,purse
gs://seedlings-benchmark-auto-vcm/seedlings1/purse/006a4d00d.png,purse
gs://seedlings-benchmark-auto-vcm/seedlings1/purse/ab3a8d4d6.png,purse
gs://seedlings-benchmark-auto-vcm/seedlings1/purse/1022cc155.png,purse
gs://seedlings-benchmark-auto-vcm/seedlings1/purse/d4f0adef4.png,purse
gs://seedlings-benchmark-auto-vcm/seedlings1/purse/7fe0c99d5.png,purse
gs://seedlings-benchmark-auto-vcm/seedlings1/purse/65241684b.png,purse
gs://seedlings-benchmark-auto-vcm/seedlings1/purse/cc25cd1ad.png,purse
gs://seedlings-benchmark-auto-vcm/seedlings1/purse/52e1bd10e.png,purse
gs://seedlings-benchmark-auto-vcm/seedlings1/purse/bfedca16c.png,purse
gs://seedlings-benchmark-auto-vcm/seedlings1/purse/1ea4479e9.png,purse
gs://seedlings-benchmark-auto-vcm/seedlings1/purse/995a8bd85.png,purse
gs://seedlings-benchmark-auto-vcm/seedlings1/purse/df376f5c7.png,purse
gs://seedlings-benchmark-auto-vcm/seedlings1/purse/0b1df6f5a.png,purse
gs://seedlings-benchmark-auto-vcm/seedlings1/purse/42de1a9d5.png,purse
gs://seedlings-benchmark-auto-vcm/seedlings1/purse/3827a969f.png,purse
gs://seedlings-benchmark-auto-vcm/seedlings1/purse/9ac112817.png,purse
gs://seedlings-benchmark-auto-vcm/seedlings1/purse/846e1f63b.png,purse
gs://seedlings-benchmark-auto-vcm/seedlings1/purse/d308ef21b.png,purse
gs://seedlings-benchmark-auto-vcm/seedlings1/purse/07f867aa5.png,purse
gs://seedlings-benchmark-auto-vcm/seedlings1/purse/50ef0e765.png,purse
gs://seedlings-benchmark-auto-vcm/seedlings1/purse/500bc803a.png,purse
gs://seedlings-benchmark-auto-vcm/seedlings1/purse/0ca928305.png,purse
gs://seedlings-benchmark-auto-vcm/seedlings1/purse/be99eac09.png,purse
gs://seedlings-benchmark-auto-vcm/seedlings1/purse/5fec8215c.png,purse
gs://seedlings-benchmark-auto-vcm/seedlings1/purse/1cf4ed969.png,purse
gs://seedlings-benchmark-auto-vcm/seedlings1/purse/e724165c5.png,purse
gs://seedlings-benchmark-auto-vcm/seedlings1/purse/fd0d400b6.png,purse
gs://seedlings-benchmark-auto-vcm/seedlings1/purse/98431cfc6.png,purse
gs://seedlings-benchmark-auto-vcm/seedlings1/purse/d9f0623e1.png,purse
gs://seedlings-benchmark-auto-vcm/seedlings1/purse/53a5c74cd.png,purse
gs://seedlings-benchmark-auto-vcm/seedlings1/purse/a27721a9b.png,purse
gs://seedlings-benchmark-auto-vcm/seedlings1/purse/cd3e9d61c.png,purse
gs://seedlings-benchmark-auto-vcm/seedlings1/purse/3fd1a2e97.png,purse
gs://seedlings-benchmark-auto-vcm/seedlings1/purse/b54f52362.png,purse
gs://seedlings-benchmark-auto-vcm/seedlings1/purse/fbc21a114.png,purse
gs://seedlings-benchmark-auto-vcm/seedlings1/purse/4e3c115a4.png,purse
gs://seedlings-benchmark-auto-vcm/seedlings1/purse/e19023937.png,purse
gs://seedlings-benchmark-auto-vcm/seedlings1/purse/3f6c41870.png,purse
gs://seedlings-benchmark-auto-vcm/seedlings1/purse/810110db6.png,purse
gs://seedlings-benchmark-auto-vcm/seedlings1/purse/70aedd14d.png,purse
gs://seedlings-benchmark-auto-vcm/seedlings1/purse/f428f843f.png,purse
gs://seedlings-benchmark-auto-vcm/seedlings1/purse/2a3704b9a.png,purse
gs://seedlings-benchmark-auto-vcm/seedlings1/purse/1a067ec6e.png,purse
gs://seedlings-benchmark-auto-vcm/seedlings1/purse/143203030.png,purse
gs://seedlings-benchmark-auto-vcm/seedlings1/purse/bbeb86100.png,purse
gs://seedlings-benchmark-auto-vcm/seedlings1/purse/46028d2d1.png,purse
gs://seedlings-benchmark-auto-vcm/seedlings1/purse/74bb3f0c1.png,purse
gs://seedlings-benchmark-auto-vcm/seedlings1/purse/8e3462539.png,purse
gs://seedlings-benchmark-auto-vcm/seedlings1/purse/de457c61d.png,purse
gs://seedlings-benchmark-auto-vcm/seedlings1/purse/c43abfa03.png,purse
gs://seedlings-benchmark-auto-vcm/seedlings1/purse/0ddeaa6e7.png,purse
gs://seedlings-benchmark-auto-vcm/seedlings1/purse/132d3d6e7.png,purse
gs://seedlings-benchmark-auto-vcm/seedlings1/purse/57c4a1666.png,purse
gs://seedlings-benchmark-auto-vcm/seedlings1/purse/4eebeadb6.png,purse
gs://seedlings-benchmark-auto-vcm/seedlings1/purse/1c6a48d4f.png,purse
gs://seedlings-benchmark-auto-vcm/seedlings1/purse/0e93f4d05.png,purse
gs://seedlings-benchmark-auto-vcm/seedlings1/purse/20533da92.png,purse
gs://seedlings-benchmark-auto-vcm/seedlings1/purse/6fe09ced5.png,purse
gs://seedlings-benchmark-auto-vcm/seedlings1/purse/63555c98b.png,purse
gs://seedlings-benchmark-auto-vcm/seedlings1/purse/0bef4ae08.png,purse
gs://seedlings-benchmark-auto-vcm/seedlings1/purse/631cac357.png,purse
gs://seedlings-benchmark-auto-vcm/seedlings1/purse/ed2fe7bb9.png,purse
gs://seedlings-benchmark-auto-vcm/seedlings1/purse/e0bc6c676.png,purse
gs://seedlings-benchmark-auto-vcm/seedlings1/purse/ff46c64b4.png,purse
gs://seedlings-benchmark-auto-vcm/seedlings1/purse/f90b0ca05.png,purse
gs://seedlings-benchmark-auto-vcm/seedlings1/purse/05ea7f987.png,purse
gs://seedlings-benchmark-auto-vcm/seedlings1/purse/fdd0a59e3.png,purse
gs://seedlings-benchmark-auto-vcm/seedlings1/purse/7a1c3e5b8.png,purse
gs://seedlings-benchmark-auto-vcm/seedlings1/purse/c16206dca.png,purse
gs://seedlings-benchmark-auto-vcm/seedlings1/purse/688da98a7.png,purse
gs://seedlings-benchmark-auto-vcm/seedlings1/purse/905aee3f2.png,purse
gs://seedlings-benchmark-auto-vcm/seedlings1/purse/b30a50916.png,purse
gs://seedlings-benchmark-auto-vcm/seedlings1/purse/718cee59f.png,purse
gs://seedlings-benchmark-auto-vcm/seedlings1/purse/14db20a90.png,purse
gs://seedlings-benchmark-auto-vcm/seedlings1/purse/f00311fd8.png,purse
gs://seedlings-benchmark-auto-vcm/seedlings1/purse/dbb602af5.png,purse
gs://seedlings-benchmark-auto-vcm/seedlings1/purse/18bec843e.png,purse
gs://seedlings-benchmark-auto-vcm/seedlings1/purse/ecca0b65c.png,purse
gs://seedlings-benchmark-auto-vcm/seedlings1/purse/5f87b1a93.png,purse
gs://seedlings-benchmark-auto-vcm/seedlings1/purse/8f72e841a.png,purse
gs://seedlings-benchmark-auto-vcm/seedlings1/purse/3f408c295.png,purse
gs://seedlings-benchmark-auto-vcm/seedlings1/purse/b085af335.png,purse
gs://seedlings-benchmark-auto-vcm/seedlings1/purse/3d32f86f4.png,purse
gs://seedlings-benchmark-auto-vcm/seedlings1/purse/670b97558.png,purse
gs://seedlings-benchmark-auto-vcm/seedlings1/purse/74fd5da5b.png,purse
gs://seedlings-benchmark-auto-vcm/seedlings1/purse/f2fb09190.png,purse
gs://seedlings-benchmark-auto-vcm/seedlings1/purse/bd1e1acdd.png,purse
gs://seedlings-benchmark-auto-vcm/seedlings1/purse/df362ae68.png,purse
gs://seedlings-benchmark-auto-vcm/seedlings1/purse/7492af3d3.png,purse
gs://seedlings-benchmark-auto-vcm/seedlings1/purse/f927e469b.png,purse
gs://seedlings-benchmark-auto-vcm/seedlings1/purse/9308e84bc.png,purse
gs://seedlings-benchmark-auto-vcm/seedlings1/purse/e53eefec4.png,purse
gs://seedlings-benchmark-auto-vcm/seedlings1/purse/77686f343.png,purse
gs://seedlings-benchmark-auto-vcm/seedlings1/purse/a59d03b99.png,purse
gs://seedlings-benchmark-auto-vcm/seedlings1/purse/eb9bd2f4a.png,purse
gs://seedlings-benchmark-auto-vcm/seedlings1/purse/93d6a65a2.png,purse
gs://seedlings-benchmark-auto-vcm/seedlings1/purse/adb2d81e7.png,purse
gs://seedlings-benchmark-auto-vcm/seedlings1/purse/b886d79e6.png,purse
gs://seedlings-benchmark-auto-vcm/seedlings1/purse/8a3902c95.png,purse
gs://seedlings-benchmark-auto-vcm/seedlings1/purse/de0e770b2.png,purse
gs://seedlings-benchmark-auto-vcm/seedlings1/purse/eae41be4f.png,purse
gs://seedlings-benchmark-auto-vcm/seedlings1/purse/ffb54800c.png,purse
gs://seedlings-benchmark-auto-vcm/seedlings1/purse/917af97ab.png,purse
gs://seedlings-benchmark-auto-vcm/seedlings1/purse/5f125eee7.png,purse
gs://seedlings-benchmark-auto-vcm/seedlings1/purse/d33d10a18.png,purse
gs://seedlings-benchmark-auto-vcm/seedlings1/purse/cf5ec9251.png,purse
gs://seedlings-benchmark-auto-vcm/seedlings1/purse/950c3e930.png,purse
gs://seedlings-benchmark-auto-vcm/seedlings1/purse/72f3f9101.png,purse
gs://seedlings-benchmark-auto-vcm/seedlings1/purse/6fe76b379.png,purse
gs://seedlings-benchmark-auto-vcm/seedlings1/purse/dca1ac479.png,purse
gs://seedlings-benchmark-auto-vcm/seedlings1/purse/b5bc245d4.png,purse
gs://seedlings-benchmark-auto-vcm/seedlings1/purse/500bd1f17.png,purse
gs://seedlings-benchmark-auto-vcm/seedlings1/purse/33ea3207a.png,purse
gs://seedlings-benchmark-auto-vcm/seedlings1/purse/a13743637.png,purse
gs://seedlings-benchmark-auto-vcm/seedlings1/purse/cd616827b.png,purse
gs://seedlings-benchmark-auto-vcm/seedlings1/purse/e3d414b44.png,purse
gs://seedlings-benchmark-auto-vcm/seedlings1/purse/f38565506.png,purse
gs://seedlings-benchmark-auto-vcm/seedlings1/purse/9db0aa841.png,purse
gs://seedlings-benchmark-auto-vcm/seedlings1/purse/da6621ac8.png,purse
gs://seedlings-benchmark-auto-vcm/seedlings1/purse/276fd5f88.png,purse
gs://seedlings-benchmark-auto-vcm/seedlings1/purse/6ce2cfd88.png,purse
gs://seedlings-benchmark-auto-vcm/seedlings1/purse/682d79dee.png,purse
gs://seedlings-benchmark-auto-vcm/seedlings1/purse/63b3aba11.png,purse
gs://seedlings-benchmark-auto-vcm/seedlings1/purse/aee19a2d1.png,purse
gs://seedlings-benchmark-auto-vcm/seedlings1/purse/4f1efce37.png,purse
gs://seedlings-benchmark-auto-vcm/seedlings1/purse/ee4100782.png,purse
gs://seedlings-benchmark-auto-vcm/seedlings1/purse/de81a9d77.png,purse
gs://seedlings-benchmark-auto-vcm/seedlings1/purse/87d1a75df.png,purse
gs://seedlings-benchmark-auto-vcm/seedlings1/purse/270bc051c.png,purse
gs://seedlings-benchmark-auto-vcm/seedlings1/purse/2a5b49dc8.png,purse
gs://seedlings-benchmark-auto-vcm/seedlings1/purse/5a3e2360a.png,purse
gs://seedlings-benchmark-auto-vcm/seedlings1/purse/33010c8cb.png,purse
gs://seedlings-benchmark-auto-vcm/seedlings1/purse/02afc3d7a.png,purse
gs://seedlings-benchmark-auto-vcm/seedlings1/purse/150ab985f.png,purse
gs://seedlings-benchmark-auto-vcm/seedlings1/purse/7a9a62dac.png,purse
gs://seedlings-benchmark-auto-vcm/seedlings1/purse/bcaf2f2dc.png,purse
gs://seedlings-benchmark-auto-vcm/seedlings1/purse/fe2bf1883.png,purse
gs://seedlings-benchmark-auto-vcm/seedlings1/purse/3a98ad207.png,purse
gs://seedlings-benchmark-auto-vcm/seedlings1/purse/e9b5f28cd.png,purse
gs://seedlings-benchmark-auto-vcm/seedlings1/purse/557c7a2aa.png,purse
gs://seedlings-benchmark-auto-vcm/seedlings1/purse/953ced7c6.png,purse
gs://seedlings-benchmark-auto-vcm/seedlings1/purse/847872e08.png,purse
gs://seedlings-benchmark-auto-vcm/seedlings1/purse/3e0ccc451.png,purse
gs://seedlings-benchmark-auto-vcm/seedlings1/purse/d26e5c8fc.png,purse
gs://seedlings-benchmark-auto-vcm/seedlings1/purse/94adb2c3b.png,purse
gs://seedlings-benchmark-auto-vcm/seedlings1/purse/19fb8b2cc.png,purse
gs://seedlings-benchmark-auto-vcm/seedlings1/purse/a0ec33869.png,purse
gs://seedlings-benchmark-auto-vcm/seedlings1/purse/589fb760c.png,purse
gs://seedlings-benchmark-auto-vcm/seedlings1/purse/867bd5d63.png,purse
gs://seedlings-benchmark-auto-vcm/seedlings1/purse/60ee96ab9.png,purse
gs://seedlings-benchmark-auto-vcm/seedlings1/purse/c7a718917.png,purse
gs://seedlings-benchmark-auto-vcm/seedlings1/purse/9451dd4d2.png,purse
gs://seedlings-benchmark-auto-vcm/seedlings1/purse/5ec0b1607.png,purse
gs://seedlings-benchmark-auto-vcm/seedlings1/purse/bea1ec909.png,purse
gs://seedlings-benchmark-auto-vcm/seedlings1/purse/cc2c012f7.png,purse
gs://seedlings-benchmark-auto-vcm/seedlings1/purse/04e064c46.png,purse
gs://seedlings-benchmark-auto-vcm/seedlings1/purse/896a23ea3.png,purse
gs://seedlings-benchmark-auto-vcm/seedlings1/purse/28a237418.png,purse
gs://seedlings-benchmark-auto-vcm/seedlings1/purse/42556bc41.png,purse
gs://seedlings-benchmark-auto-vcm/seedlings1/purse/bb8144729.png,purse
gs://seedlings-benchmark-auto-vcm/seedlings1/purse/0ad0ef03e.png,purse
gs://seedlings-benchmark-auto-vcm/seedlings1/purse/21cfeb62a.png,purse
gs://seedlings-benchmark-auto-vcm/seedlings1/purse/f35608a5c.png,purse
gs://seedlings-benchmark-auto-vcm/seedlings1/purse/5512ca7ba.png,purse
gs://seedlings-benchmark-auto-vcm/seedlings1/purse/afb08d410.png,purse
gs://seedlings-benchmark-auto-vcm/seedlings1/purse/465fc11b5.png,purse
gs://seedlings-benchmark-auto-vcm/seedlings1/purse/840fdb281.png,purse
gs://seedlings-benchmark-auto-vcm/seedlings1/purse/bbb2fe0b4.png,purse
gs://seedlings-benchmark-auto-vcm/seedlings1/purse/f981da6df.png,purse
gs://seedlings-benchmark-auto-vcm/seedlings1/purse/d62879538.png,purse
gs://seedlings-benchmark-auto-vcm/seedlings1/purse/9617b5025.png,purse
gs://seedlings-benchmark-auto-vcm/seedlings1/purse/74be44aef.png,purse
gs://seedlings-benchmark-auto-vcm/seedlings1/purse/5f731b96c.png,purse
gs://seedlings-benchmark-auto-vcm/seedlings1/purse/46c449cdf.png,purse
gs://seedlings-benchmark-auto-vcm/seedlings1/purse/c819c3429.png,purse
gs://seedlings-benchmark-auto-vcm/seedlings1/purse/04fafa0d3.png,purse
gs://seedlings-benchmark-auto-vcm/seedlings1/purse/a4ae6ec8b.png,purse
gs://seedlings-benchmark-auto-vcm/seedlings1/purse/6346a5813.png,purse
gs://seedlings-benchmark-auto-vcm/seedlings1/purse/657606617.png,purse
gs://seedlings-benchmark-auto-vcm/seedlings1/purse/a538401ce.png,purse
gs://seedlings-benchmark-auto-vcm/seedlings1/purse/aad81b27b.png,purse
gs://seedlings-benchmark-auto-vcm/seedlings1/purse/759bf2b19.png,purse
gs://seedlings-benchmark-auto-vcm/seedlings1/purse/8bfd7bba7.png,purse
gs://seedlings-benchmark-auto-vcm/seedlings1/purse/57fe6d08a.png,purse
gs://seedlings-benchmark-auto-vcm/seedlings1/purse/f0127f70d.png,purse
gs://seedlings-benchmark-auto-vcm/seedlings1/purse/fe0f1b30d.png,purse
gs://seedlings-benchmark-auto-vcm/seedlings1/purse/8e1efae9e.png,purse
gs://seedlings-benchmark-auto-vcm/seedlings1/purse/e9eb110ce.png,purse
gs://seedlings-benchmark-auto-vcm/seedlings1/purse/52f0b365d.png,purse
gs://seedlings-benchmark-auto-vcm/seedlings1/purse/d30a460b4.png,purse
gs://seedlings-benchmark-auto-vcm/seedlings1/purse/1c95a2c57.png,purse
gs://seedlings-benchmark-auto-vcm/seedlings1/purse/f19c334fe.png,purse
gs://seedlings-benchmark-auto-vcm/seedlings1/purse/00dd0d16a.png,purse
gs://seedlings-benchmark-auto-vcm/seedlings1/purse/638b6a858.png,purse
gs://seedlings-benchmark-auto-vcm/seedlings1/purse/c9457398b.png,purse
gs://seedlings-benchmark-auto-vcm/seedlings1/purse/4e74df4b6.png,purse
gs://seedlings-benchmark-auto-vcm/seedlings1/purse/01aef64d2.png,purse
gs://seedlings-benchmark-auto-vcm/seedlings1/purse/8d9512864.png,purse
gs://seedlings-benchmark-auto-vcm/seedlings1/purse/f4dc7d0ad.png,purse
gs://seedlings-benchmark-auto-vcm/seedlings1/purse/15ca828c8.png,purse
gs://seedlings-benchmark-auto-vcm/seedlings1/purse/ba4b5df66.png,purse
gs://seedlings-benchmark-auto-vcm/seedlings1/purse/debcefa3f.png,purse
gs://seedlings-benchmark-auto-vcm/seedlings1/purse/e41f1b997.png,purse
gs://seedlings-benchmark-auto-vcm/seedlings1/purse/3e34f0e4d.png,purse
gs://seedlings-benchmark-auto-vcm/seedlings1/purse/85c77d977.png,purse
gs://seedlings-benchmark-auto-vcm/seedlings1/purse/56cfc17ec.png,purse
gs://seedlings-benchmark-auto-vcm/seedlings1/purse/31abca20c.png,purse
gs://seedlings-benchmark-auto-vcm/seedlings1/purse/b41bee0f3.png,purse
gs://seedlings-benchmark-auto-vcm/seedlings1/purse/2926b17c0.png,purse
gs://seedlings-benchmark-auto-vcm/seedlings1/purse/fe3bcb925.png,purse
gs://seedlings-benchmark-auto-vcm/seedlings1/purse/97bfbdcf0.png,purse
gs://seedlings-benchmark-auto-vcm/seedlings1/purse/95e89ddd3.png,purse
gs://seedlings-benchmark-auto-vcm/seedlings1/purse/179cedc9e.png,purse
gs://seedlings-benchmark-auto-vcm/seedlings1/purse/b3e5c949e.png,purse
gs://seedlings-benchmark-auto-vcm/seedlings1/purse/75d522cd3.png,purse
gs://seedlings-benchmark-auto-vcm/seedlings1/purse/6d92a3538.png,purse
gs://seedlings-benchmark-auto-vcm/seedlings1/purse/8056c3590.png,purse
